{"type":"FeatureCollection","features":[{"type":"Feature","properties":{"id":"nord","n":"Nord","macro":"nord","pop":27502439,"nc":4380,"nrd":4372,"rd":74.37,"co":187.91,"kru":533.62,"kin":137.21,"drd":2.12,"nr":8,"km2":120338.4,"dens":228.5},"geometry":{"type":"MultiPolygon","coordinates":[[[[6.627303466198337,45.101801505740355],[6.63340228745626,45.114896501954895],[6.672229907854945,45.124352010438635],[6.680301822820252,45.14039631256234],[6.712099603128857,45.14479655816957],[6.740401522863086,45.13719149774796],[6.7690009737921955,45.159796118263074],[6.8130992216467625,45.14849787508013],[6.849032473339694,45.12765065948833],[6.8938659306016845,45.13751206590345],[6.896448582470637,45.14238458696495],[6.884404609913251,45.1575997184106],[6.893501440771364,45.16899609311213],[6.942503050374153,45.17105786057918],[6.965302847475851,45.19531971633882],[6.960605003705618,45.20300000988871],[6.965701247107644,45.207696806497935],[6.993559860758011,45.21190978244741],[7.003199957621562,45.21999550395449],[7.029356678749254,45.21633942651424],[7.042101103192122,45.225696867900936],[7.050898638176762,45.22569662133369],[7.066861967619356,45.21086555353898],[7.0816442537196105,45.21577693022306],[7.107002375659647,45.24349624481137],[7.12448635833034,45.244480960264625],[7.136222134900808,45.25549608327295],[7.131503699745867,45.273899008818944],[7.135483376178548,45.281826949442035],[7.109203296845839,45.318801448869046],[7.109303460969893,45.32779641653306],[7.133416559522232,45.33118566611621],[7.133003143380351,45.34729781210873],[7.158517052034254,45.358697467259475],[7.163302545311845,45.38179825078825],[7.184705632638763,45.40336395930232],[7.151648920941806,45.42267212854323],[7.114303596514597,45.43350236427704],[7.11411051827884,45.44174643529191],[7.101202985801255,45.454202060415696],[7.100339285013144,45.46924460173654],[7.04790246930221,45.47250366259613],[7.044603684838539,45.47989964266778],[7.053080435306639,45.4938382873718],[6.999703966968381,45.50450214322919],[7.004436907177754,45.51837469058762],[6.994003753820946,45.528702124541546],[6.989504080253269,45.5630987100003],[6.994975556654743,45.57502391685277],[6.977904030249495,45.58900014876801],[6.984503392844582,45.62549764366965],[6.997468239240407,45.631570321548196],[6.9996400382575725,45.64036233365043],[6.972102583697095,45.6478029088405],[6.968195418526563,45.654122876555405],[6.930100178573992,45.64710384156678],[6.915104269219115,45.65250241005944],[6.904881350877842,45.67709959714914],[6.854012744284163,45.68694968728263],[6.809104608438552,45.72470132594232],[6.8163594920678445,45.73934169034902],[6.8055030643807655,45.7483017534066],[6.801303674958706,45.78119988214869],[6.81211301414552,45.797407335053606],[6.809303458472856,45.82079956710288],[6.818602253778344,45.83619695540832],[6.842399562055918,45.84219597375318],[6.865264503740397,45.83385452954503],[6.882999758525898,45.849496413793695],[6.9093459362708725,45.84203608627471],[6.939069854214984,45.84681142790299],[6.9506020065303735,45.858897004012405],[6.998798798541926,45.873872438113914],[7.00590562793014,45.88584692228013],[7.00430295211369,45.89979865839168],[7.018446383687782,45.91464374063014],[7.04572995819021,45.92209226282334],[7.09519626117046,45.87589820132721],[7.102961245095173,45.85915731135384],[7.118681455318468,45.859827547399654],[7.154100173802724,45.87929654708783],[7.164595111393186,45.87679763440144],[7.163365878030031,45.87039638766991],[7.175072816821382,45.86319388632807],[7.191087417833626,45.85899580594454],[7.2163029503837235,45.888897323222615],[7.259811741386536,45.890826382129895],[7.2769753540344055,45.901579176938554],[7.290672361841174,45.920507117558145],[7.32905773375391,45.91066587346114],[7.343799608215082,45.915295736589464],[7.382420819820078,45.89711862472114],[7.431292042844804,45.91817651042802],[7.444201651702313,45.93149720184552],[7.472661275242124,45.93498612919147],[7.471503742507399,45.94619905046927],[7.4783773567399665,45.952625678585875],[7.502400285353018,45.960596556114936],[7.538521981782459,45.9555047833008],[7.545804287598621,45.963263155020364],[7.542003989027865,45.977599492022264],[7.550366429136453,45.986203524811316],[7.5780310223153915,45.98622717302727],[7.588962071446121,45.97077790174272],[7.6684307614977225,45.97312373891507],[7.680409960063825,45.95794412588408],[7.709896255867985,45.94759857052865],[7.7081092758703535,45.93405769495286],[7.721945318469495,45.92350328824451],[7.733915803093645,45.92393828039251],[7.7537002432120525,45.93959564189138],[7.7686984785818245,45.937196070096135],[7.799885728645425,45.91757419030587],[7.8196004224529565,45.92659585783246],[7.864296288128264,45.91771372051506],[7.875547230095734,45.9265066489487],[7.868303879242781,45.937700832563834],[7.876932373861541,45.95087362006668],[7.8778033764194815,45.97229799744147],[7.908801487336915,45.997396784749085],[7.988001176968455,45.99660892495423],[8.000501975104642,46.01139662276578],[8.012178650236388,46.01278320983076],[8.016494506204678,46.024333712008186],[8.012604690887382,46.03199897072085],[8.033868242961992,46.04459724135928],[8.022603265118773,46.068200608006215],[8.032802740397843,46.098296790960084],[8.107522875703333,46.11147398317381],[8.115003449186514,46.130297467561235],[8.150541604225234,46.14186934037539],[8.151202741969623,46.16519861599958],[8.164225782441983,46.183279808096245],[8.153603462202584,46.19160220373932],[8.138640020081812,46.22580916033535],[8.11565033139264,46.23686049256276],[8.108942660378085,46.249707985935615],[8.081305885419395,46.25830025716467],[8.1378011268338,46.3015957298294],[8.161638053317871,46.296259151240946],[8.203317059124274,46.30428506134808],[8.222770359775787,46.32437499568743],[8.223803337035838,46.333698007005],[8.263655626453627,46.351173796510935],[8.263403751674945,46.36369753501389],[8.282910188096343,46.36405185980406],[8.31186468765134,46.376703080865596],[8.317627562550047,46.385288053085986],[8.315673192723384,46.39813324762593],[8.289705169574377,46.40850052691709],[8.300368408816142,46.41943643513034],[8.339227894199423,46.43275262487563],[8.36440107257586,46.451096684730196],[8.445499329080686,46.463696697749576],[8.465795879323759,46.44290068167302],[8.457620504863113,46.43351844605534],[8.458142952868148,46.42213241811523],[8.468395029160176,46.41169984481266],[8.46207197007629,46.386743047065615],[8.468395867550752,46.36500074469465],[8.462198005712033,46.35287449144997],[8.464396548098332,46.33300111831586],[8.444264170740436,46.319093215627824],[8.440097216716357,46.30470225063196],[8.428910788023236,46.29757811387373],[8.456294888330238,46.263501742295944],[8.444413861039248,46.249874842033144],[8.463797218989562,46.244796692078666],[8.469955793121102,46.23307155293515],[8.532597243985789,46.2180974967711],[8.540344584134097,46.19833121869606],[8.563796420319314,46.183896324094796],[8.57348609472822,46.164939140173445],[8.602894288786933,46.15419761240214],[8.596208223328711,46.142260565535494],[8.612755252212432,46.12369789911503],[8.647798712898238,46.12319662553366],[8.65872923037724,46.112476813818496],[8.713744502493679,46.098311716620984],[8.74269920059246,46.12209514381605],[8.757405903909177,46.10362076906561],[8.783730526305904,46.09392931452345],[8.799343461419507,46.09460682241852],[8.806100849559174,46.10099578277892],[8.85199688441936,46.075496558300756],[8.854456441508683,46.06164460036541],[8.844198688834128,46.0486040688956],[8.833923405331648,46.049813417782374],[8.819698019309898,46.02530347884975],[8.805499668508252,46.02109701340722],[8.78849322258086,45.99197482058015],[8.831399036208945,45.98799581221539],[8.868169619997802,45.960508894725834],[8.894298373751829,45.95839630469518],[8.898034974260813,45.925677046330534],[8.924495927388225,45.905898471332684],[8.922723244805503,45.89452922902217],[8.932197170074721,45.88479891362579],[8.934129918949484,45.870915288022076],[8.945689906718822,45.867099159365345],[8.915843855619169,45.843917007063475],[8.915223580734317,45.83366419318381],[8.949699723272087,45.84339646249583],[8.969523374439927,45.83305628701282],[8.98679974324694,45.838296063972805],[8.997395441818545,45.83479777114777],[8.998603874456132,45.822719275477475],[9.029907045328319,45.821984158164646],[9.040403294407339,45.846497273473446],[9.049004025746912,45.852562242899545],[9.05400262032214,45.87279669033408],[9.066194921705007,45.87629675541641],[9.085747650534943,45.8976433997188],[9.074427441221742,45.91183796085018],[9.041688174539814,45.9269445615958],[9.019404046471157,45.92860244247906],[9.013820784372758,45.95950401150997],[8.988405552750573,45.97269881492275],[9.027019901574217,45.995125471104636],[9.022518948215733,46.01612039717805],[9.00910347295809,46.027201723277685],[9.008903327193574,46.03689910436105],[9.022166123501187,46.052423978852076],[9.077295128579486,46.06526156833923],[9.08930460036016,46.08956466401065],[9.071504271813073,46.11949776679774],[9.120625643663388,46.135081410966585],[9.160301841980205,46.170896616387914],[9.183319730367517,46.17121381128576],[9.19328581417553,46.17987556077853],[9.20030239388181,46.207097819559614],[9.218496979542744,46.21530407774503],[9.221403289539206,46.22999701488544],[9.247737817809133,46.23391076143253],[9.25170388064918,46.265498118257625],[9.283406541610193,46.29656797867483],[9.281503752711567,46.30929923894672],[9.29906128091576,46.32535064833111],[9.292503746775623,46.33829869611569],[9.298629080865659,46.34434174790415],[9.296070464037207,46.35443295979243],[9.281502668905826,46.35890327080211],[9.276703451590878,46.36940082716019],[9.283005285973859,46.384753006583864],[9.275704356764063,46.394799058379114],[9.280676527308307,46.4122115888256],[9.249503331062563,46.431202261927695],[9.246503774224644,46.44639826293594],[9.275432784160252,46.45890454734615],[9.274003050330911,46.48359911442424],[9.2820019253505,46.496496778315766],[9.309600812300195,46.50449631770096],[9.364699113486193,46.507796448856745],[9.372397267583878,46.503697690884515],[9.369397050253713,46.49336494695418],[9.375341582874022,46.485487375280236],[9.3901217310407,46.47305147001764],[9.411767995650097,46.46684421598109],[9.434341999832665,46.49804804151676],[9.459896733151016,46.50669552082821],[9.462996249788876,46.46800145420898],[9.457575873460893,46.46251883019265],[9.454046439023989,46.41973503032181],[9.46691619914649,46.39801540445721],[9.462664081783572,46.37626600532782],[9.498697829830359,46.36149727942915],[9.518607823195087,46.32720699609838],[9.548331275010794,46.30310683184088],[9.555100378857055,46.30619595091771],[9.582780253921761,46.29450433803199],[9.609798593827842,46.29439637121962],[9.619412685273037,46.2874285246473],[9.648087805254029,46.28940121960487],[9.674399672451216,46.30269606097503],[9.703809038990732,46.29082935341396],[9.71425023458179,46.29358123853523],[9.725233331278744,46.31324414681483],[9.7230044091967,46.340498964638165],[9.735601450035716,46.35009662769613],[9.777418638676703,46.33518562831539],[9.850325746426883,46.36467699753442],[9.869975316928691,46.3628022307179],[9.906399216279857,46.380895862020246],[9.923993289251484,46.36686513856042],[9.952598176718974,46.37949596345827],[9.964663690218678,46.36337887658439],[9.99639601367437,46.35089766716565],[9.981959168569336,46.32389810518481],[9.99817277892043,46.30477233029714],[9.992123010800348,46.296429661760655],[9.995919667701365,46.28521055694335],[10.02999897813771,46.27719691410561],[10.055296889769089,46.26289769413029],[10.060495803261384,46.248100506090516],[10.049573865109235,46.22778295878133],[10.070133963713218,46.217624683998125],[10.094400339725818,46.2285948551763],[10.123936869960987,46.22392352760164],[10.145218905870147,46.230382943209584],[10.175893475326433,46.25849660309719],[10.15578555570295,46.29058724170398],[10.116402257422978,46.31480263612683],[10.104203634683625,46.3335007063983],[10.10768628170311,46.35123023266153],[10.127594035016129,46.36078584640148],[10.127960089976312,46.377637154870854],[10.141000887096551,46.38569691117609],[10.159875287803128,46.3866927935592],[10.165495084374266,46.409129697336496],[10.130590148301351,46.43142055995177],[10.079603151444056,46.42110377610034],[10.059159056621612,46.42945519842498],[10.055473055117146,46.440501595923934],[10.043048051508713,46.442156671081406],[10.043966863932528,46.45482741623316],[10.05268545591581,46.46224192460656],[10.043103385145077,46.47950123500659],[10.046802974992769,46.51059842248601],[10.05406426523811,46.521160983916],[10.052795061693951,46.531308251881896],[10.044838366601894,46.536563091745336],[10.08352459326846,46.565234625925086],[10.080605225742183,46.57519726543805],[10.100536603280887,46.58238097311897],[10.101602032346516,46.61009578101612],[10.130187979812009,46.60566936930683],[10.190599746610802,46.6260956282706],[10.212472552501834,46.61797746830546],[10.239197957311081,46.63519517902968],[10.257795921731995,46.61079863985961],[10.242633581190736,46.592643332010915],[10.244362568233695,46.57845396267047],[10.254244006819112,46.57236623013589],[10.269099278625315,46.577795658753],[10.283398271672093,46.57119753184825],[10.297670637893322,46.550340492437854],[10.325499438992457,46.55169640218968],[10.337771662750937,46.54345880314761],[10.352302327338034,46.55559650899295],[10.397240607585672,46.54410334159506],[10.419399066633725,46.55099666672516],[10.452282165055317,46.53122232896968],[10.471969361840207,46.543639942977116],[10.491216593769678,46.614552016034224],[10.446177807895408,46.64090221533956],[10.41070062755532,46.63520360447839],[10.401602830377167,46.64030227644613],[10.386103796136071,46.68030080318063],[10.417632877630313,46.71590232130143],[10.400905736351397,46.73219966297276],[10.441784925699288,46.7538076952663],[10.440487437687237,46.773607427996104],[10.424704726474253,46.78880051578573],[10.429901927379197,46.79649682405896],[10.448698146338002,46.80205738575879],[10.469768751973746,46.854826032300736],[10.479999650953541,46.858695974763926],[10.499676258086064,46.84747797849401],[10.55069936996922,46.84999667315265],[10.557508455526168,46.84031492873907],[10.596502007646531,46.85719637532608],[10.644221145820133,46.86549634374604],[10.667798856794695,46.875995066814916],[10.696995977436737,46.862698388573946],[10.696061809839017,46.851518858723345],[10.723597826121631,46.83724262364517],[10.755698010372544,46.831996121292995],[10.763195383922207,46.82360001770124],[10.745697876867245,46.80430284785699],[10.728406409566993,46.79724012069169],[10.731744868799764,46.78783150328367],[10.756164182612599,46.78525746978853],[10.78879988674813,46.794695685810275],[10.813936312681845,46.77551528882953],[10.829124994388021,46.7755105247405],[10.836800599995868,46.781995796439155],[10.882050038713327,46.7632451852564],[10.923299527911999,46.77489611693153],[10.993502531091176,46.767262147268355],[11.013599286091262,46.7719957138552],[11.021379455505759,46.76695398863535],[11.039803130307755,46.80509702866531],[11.081909169615237,46.822946097124536],[11.072103400876822,46.856497359755515],[11.100900687145382,46.88964804583076],[11.097502757974567,46.9139967010647],[11.108340559613161,46.91659829314429],[11.11520112136888,46.93109592397389],[11.1395851713674,46.92771368849017],[11.155926988121491,46.93466470466978],[11.166610256391397,46.94396168657028],[11.164402884581785,46.965495773645515],[11.17515565671333,46.9628724578517],[11.18900073760019,46.97009589206018],[11.20815516884927,46.963387221145744],[11.321000342832512,46.99209592293052],[11.335157561431178,46.98679285120231],[11.358299102483441,46.99049684262207],[11.401450854242071,46.965305317501596],[11.441340333707355,46.97616531466289],[11.453001583002358,46.99219700528199],[11.468642992820978,46.9952722778269],[11.479901132777071,47.01109644042287],[11.512497943013111,47.00459583592848],[11.539054439226344,46.984776408080705],[11.627198613367323,47.01259649798039],[11.636088516174025,47.002601612230585],[11.663820414025981,46.99281333425449],[11.711198391401156,46.9930960385722],[11.727329712798893,46.973095628966306],[11.747183604755003,46.96895019930235],[11.781800873226791,46.99209588143096],[11.836044219401773,46.992931340230705],[11.932021072599767,47.03757650970231],[11.967478872136654,47.040468918205384],[11.980000908841324,47.04979626495481],[12.020408228553945,47.04691453114955],[12.043101075520804,47.06119533938968],[12.070103108738312,47.06004730826403],[12.093001292922251,47.07639680815659],[12.12186053746985,47.07475610464842],[12.186700227366057,47.09179666421932],[12.225597530713252,47.08269647868373],[12.24029400726946,47.067900779264185],[12.217311461489546,47.05812031032732],[12.216296746860735,47.04510102246889],[12.204798112655856,47.027802994782675],[12.147836589030588,47.0241974996025],[12.122492044499733,47.008260653885976],[12.1366962223984,46.98299907097605],[12.133056748196221,46.96246375235513],[12.158197649528303,46.95069656967218],[12.168196158211154,46.93779897731194],[12.148745884440425,46.913285548506835],[12.19019812536519,46.90629652735856],[12.215505386803258,46.87423174857297],[12.242200136026106,46.89109649677517],[12.2739974485691,46.88439638117714],[12.277186812191225,46.87234571417644],[12.291795550528116,46.86519801092104],[12.295681208700238,46.84425763980736],[12.306996307114463,46.84089740548099],[12.30619665679032,46.83390185120958],[12.284460460510589,46.81611280395694],[12.292496085408443,46.80240052367154],[12.281528607364447,46.79114669913046],[12.283418242073502,46.78415417996806],[12.3086794723919,46.78478615642205],[12.358896610057236,46.77289774687658],[12.378302689177607,46.72161813957296],[12.442143844939798,46.68845062789044],[12.473597733633822,46.686796555720434],[12.48189526218589,46.67707608573755],[12.514362855717389,46.67807919564284],[12.569307282483294,46.65095274545932],[12.621500476365323,46.66079610740489],[12.642646793334183,46.651967136660886],[12.690098966112991,46.65589585574278],[12.714498170190263,46.64829592757032],[12.732528597463933,46.63431268168378],[12.756500499202312,46.64719690521877],[12.774667785672694,46.64678578154182],[12.818429430307376,46.62846000817849],[12.837233409177161,46.62743278317432],[12.834200328184313,46.61071046910527],[12.851689869657724,46.60508648859051],[12.928699557022034,46.61029667723189],[12.948680997250202,46.60277329015508],[13.021399192593348,46.60209615096398],[13.045998728384594,46.5954498127934],[13.0835999364075,46.601797085867055],[13.125102701414468,46.59121429928266],[13.16829741221872,46.5888964378744],[13.179256173013082,46.57813114037637],[13.21809900076682,46.57019638310746],[13.235163433106562,46.55338638057445],[13.269593365676998,46.561294981914216],[13.319924464413825,46.55294007784393],[13.34450101556759,46.56989674346526],[13.363345395039449,46.569979174639556],[13.372801207872776,46.57929634764083],[13.40879614838014,46.57099735821923],[13.409467341079306,46.56160729386625],[13.426924940812995,46.55777733179113],[13.473292643068417,46.55735851916545],[13.503997883630955,46.56609612814805],[13.519642209999377,46.54718640206175],[13.543900265961643,46.55349649691536],[13.563428840495867,46.551208350349974],[13.571975012734173,46.53869568141326],[13.592069261713693,46.5460909229663],[13.62709880160309,46.541495966195576],[13.676901780882718,46.52330804158265],[13.713797744734418,46.52299564020941],[13.71679682285407,46.50740223661214],[13.702654202644524,46.49878977739411],[13.709594731622623,46.48159961480234],[13.696109232074813,46.469246034934784],[13.698674522558077,46.45653528729752],[13.684458957723034,46.43744120701072],[13.64712854381328,46.44576065334843],[13.5921058731718,46.4362696117569],[13.578894630905234,46.42647713497945],[13.566898287019274,46.399103491875564],[13.467999829125375,46.360704041436804],[13.439493346409478,46.360232884947045],[13.447396530258027,46.33639997890812],[13.439098258330633,46.322203489980964],[13.425458682450877,46.32218370262249],[13.402797933677666,46.30000360708323],[13.37837930925509,46.29481920577061],[13.391796689164746,46.2792986975694],[13.398719272057264,46.253285023515474],[13.422595211011645,46.234298249765736],[13.410580953685496,46.21517361406754],[13.422586968979937,46.20676694398581],[13.446059177032735,46.21298161249193],[13.444904755461879,46.22389754161602],[13.484195960715216,46.22460644491145],[13.50348538862738,46.215733996808744],[13.529596545116492,46.218096527604246],[13.531318591286434,46.21242462671283],[13.54576113749987,46.212069618788405],[13.56199737241492,46.20399763908127],[13.56555900818195,46.18829076210179],[13.572476289403513,46.18457842347145],[13.5855000320168,46.190196011124435],[13.614592649575156,46.18451500717525],[13.632600324642697,46.19069602238184],[13.663196368741538,46.18009744440729],[13.664095909428438,46.171001572253395],[13.63965633261605,46.13464475742097],[13.573998192850183,46.090702646691014],[13.543960276514857,46.08252220952413],[13.52983508153647,46.06767554441443],[13.497638411105362,46.05917900204657],[13.497765073579648,46.04888429681582],[13.509995765889386,46.04619705625313],[13.50749615298124,46.03350140746306],[13.49429792937525,46.014503305623435],[13.47764937056159,46.00557575775444],[13.501466996493056,45.9806885132734],[13.531819560998825,45.96613739186682],[13.568492452122898,45.96876076884422],[13.590499998898581,45.98979537012879],[13.609267645161994,45.9844],[13.633399581610385,45.989396124433824],[13.642894231140602,45.98299958111069],[13.633460908074623,45.95077637850718],[13.637596047627843,45.93740085362986],[13.609297324568258,45.899202923201145],[13.591250004969915,45.888939291034],[13.592996325562154,45.87520142771048],[13.573195120371055,45.84804965567478],[13.587834668951835,45.83414029236073],[13.597120841087847,45.80771935730729],[13.627304736507485,45.797550938307985],[13.669398057424068,45.799696153716994],[13.735379191011095,45.75976122129953],[13.789198737574326,45.74609742462223],[13.83374679702403,45.70725637927304],[13.83242888214736,45.689995456397604],[13.858019096317689,45.66580699797396],[13.918795891132076,45.63369821013756],[13.869421993435836,45.609209631642436],[13.865597056587266,45.59670263057952],[13.851026638665148,45.58468666157548],[13.810442945512554,45.58100461291601],[13.786928727894885,45.582920363458605],[13.747243941208751,45.597865173187174],[13.723002563582885,45.59470402191939],[13.719604510268685,45.605697528251845],[13.73160053447055,45.6089970445848],[13.785857631189911,45.599897830077666],[13.796876507335165,45.60749949542594],[13.774042315900816,45.61271252225209],[13.778078873044011,45.616484414598666],[13.772799861347236,45.635209673117],[13.756901040366907,45.628003734607724],[13.749403580713578,45.63570160851628],[13.748803580910407,45.64399725512332],[13.767553969138046,45.652958900008706],[13.753230708102086,45.68055669615282],[13.732742105061217,45.69643922128849],[13.712003049155406,45.70230282036201],[13.710341855477171,45.711527203398155],[13.631686236658124,45.76821309966857],[13.583143388386768,45.77998816926179],[13.578997340479939,45.7749043158234],[13.561901814349577,45.77850329454071],[13.546107198327896,45.79278971395998],[13.534685037202639,45.78943579197664],[13.53739571481437,45.78030125979182],[13.521544101249898,45.764339406080545],[13.525795144852893,45.748001683174984],[13.51948688727119,45.74327753722494],[13.553196742368335,45.729397572444114],[13.550453649810636,45.72325186148362],[13.531822374798406,45.72357827014014],[13.487499084697411,45.70470415436756],[13.468798486454208,45.70348424668036],[13.454198009110636,45.68990438855933],[13.424399192270274,45.67730348114985],[13.34330776480979,45.68047927599812],[13.291444107923514,45.70406888477324],[13.254276718072727,45.71067027174682],[13.245276987588305,45.71905317810736],[13.185819642335057,45.711133724332115],[13.151121394432678,45.69968326334053],[13.152144817571692,45.69345321489774],[13.109325792216866,45.66284358890579],[13.097597424782801,45.63600337387039],[12.976320921261717,45.626074142649955],[12.908165035570281,45.614076715796614],[12.862573767764061,45.586635489645936],[12.736560301442328,45.53172669470965],[12.47983526556805,45.44925756721088],[12.452810673138215,45.43868019914934],[12.427000229913823,45.418003763076634],[12.39921385058911,45.42940606827488],[12.360379197876131,45.396281820284074],[12.330747619693085,45.35370600031276],[12.329522587056813,45.33829608714516],[12.342789972219144,45.3337994971703],[12.326299739185378,45.33165438344375],[12.31900875403822,45.32019563871772],[12.296026096499507,45.24391081697219],[12.298932146817611,45.234970393099815],[12.31429639311307,45.23379696317217],[12.302090950529177,45.22802243922633],[12.299320238447494,45.21495071195878],[12.311513997794693,45.186067371903114],[12.332396579948368,45.16279929911679],[12.327292067391735,45.12311249562978],[12.337002507388483,45.09053411662266],[12.444105298926178,45.01330873868865],[12.485132136000345,44.992884360447256],[12.510999625261007,44.991296308428886],[12.54839741450956,44.974296775511085],[12.553896000519012,44.96599996302799],[12.509291793240672,44.9265942165311],[12.465097679009007,44.843802500587195],[12.428548607142977,44.83055402048329],[12.417063655474985,44.82097473981575],[12.421595262281526,44.81229995943259],[12.415097254204994,44.80380257324215],[12.387398542007695,44.78490415445193],[12.34490957305986,44.78690218956178],[12.37535944916149,44.78955287840323],[12.351094893957049,44.81552424256015],[12.33980097765359,44.817603995470556],[12.332036242771045,44.8291264283664],[12.30842255299497,44.84233494538517],[12.287043008688995,44.841948040369104],[12.260608063346643,44.81734485461486],[12.269369983358429,44.80816541924932],[12.285992435734094,44.816797228780594],[12.248626113304248,44.763211063373454],[12.241064716434831,44.687273357934],[12.250896364040948,44.676196575659645],[12.251058502299252,44.660801311215664],[12.27519555508721,44.61959799029624],[12.281882322635674,44.593868071044724],[12.27971031610708,44.52160050307665],[12.2916951012751,44.48820160523694],[12.286221172283676,44.4839472694002],[12.291941807918631,44.45442630253865],[12.31659646490832,44.40289890282117],[12.329753352834755,44.3463648736013],[12.357144853681797,44.270749275378584],[12.392408354304532,44.21310778236222],[12.529212483668523,44.09522596011692],[12.560683253686822,44.07642660127291],[12.575399069452043,44.078596125809376],[12.632005951770148,44.025179454539014],[12.688065528279713,43.987287157596484],[12.713839461963175,43.97428517136191],[12.750598417072922,43.96859675439029],[12.755595248699532,43.96200006592292],[12.728297962783962,43.9237038546509],[12.734795520583614,43.89600051665226],[12.723825137870259,43.88100487659653],[12.733695197810743,43.87000002182768],[12.723698341758523,43.86110378491551],[12.682559504380711,43.852076990239105],[12.681196400397637,43.82810178137069],[12.673398809094278,43.82390411978972],[12.645006351593254,43.82701821408609],[12.628799325073325,43.820904234822954],[12.611203533852562,43.830802446603265],[12.617220359737974,43.84430804301075],[12.601003949628696,43.85060080713859],[12.601674564361826,43.863166349922516],[12.58940481814637,43.86520270088329],[12.587933653768374,43.884464911257346],[12.57187833280815,43.88458867342737],[12.56239712242251,43.869802673217265],[12.541800862479747,43.86400371642151],[12.515878017146782,43.879885980975416],[12.499400672550603,43.87360380843319],[12.487440757871136,43.88554506547803],[12.494403223505993,43.92069810062479],[12.515091731559965,43.941520855524914],[12.506799440470209,43.958271619813274],[12.513168991080558,43.990378184258475],[12.47073709610987,43.97792216814138],[12.436898711841543,43.95660395439084],[12.406328065963084,43.95357957919995],[12.404830923505669,43.94468651266721],[12.41469631982485,43.928700720835074],[12.408676182440834,43.920571229147995],[12.410265060145665,43.90269208442992],[12.44359847673793,43.90499651792841],[12.462396716808199,43.89369673669576],[12.457796979297553,43.88010261840636],[12.4455990206548,43.870803681389994],[12.404456182972371,43.874892730513174],[12.391121983147556,43.84558702537452],[12.398695565344786,43.826400761961715],[12.388056887589448,43.8168422069212],[12.366865910961106,43.813244167895064],[12.349799855578505,43.799704023259295],[12.31600737109938,43.805349758197345],[12.285938469202362,43.79495541755883],[12.283897720625006,43.7649036881062],[12.256924894915226,43.76074665402396],[12.253094322728563,43.752602282252006],[12.24410146788929,43.75100417603385],[12.22824093687844,43.759472340275444],[12.210750485049589,43.75723262092053],[12.194699376029018,43.731905653100746],[12.16332471501726,43.76171063943394],[12.123668587758743,43.74911297606246],[12.106913797063502,43.75349320585321],[12.076999259287883,43.740704014777265],[12.064502889457911,43.74290324084388],[12.052984582942061,43.756933877496955],[12.005882408416838,43.76624222885423],[11.986600449745525,43.76190380388288],[11.953402161316157,43.77610306180611],[11.947128182130264,43.790763513545706],[11.918701342559983,43.79370363280323],[11.90977169653133,43.81172093667913],[11.896426276389839,43.807710118926884],[11.866363919569423,43.81680121039734],[11.8417008020182,43.808003872718],[11.7844912772914,43.847581585551964],[11.732401802278686,43.8631030414135],[11.710203150817167,43.87740281892242],[11.716525875761674,43.92136255139078],[11.684102413002574,43.93510233173732],[11.689485280824597,43.9579540450572],[11.654801721585986,43.974603923189775],[11.646004377962454,43.99069932772799],[11.662025505670135,44.005064326007854],[11.65630461334616,44.01699890522915],[11.681494815048246,44.021601292541604],[11.694412215380401,44.03522049900338],[11.709358184163436,44.06644436074639],[11.748309925723545,44.10432001262153],[11.751556417425366,44.121246586843874],[11.743423886325226,44.1258813471843],[11.67936449567526,44.12217174657],[11.653799248225944,44.10250432351485],[11.60961781764372,44.119022713784524],[11.58460303649316,44.11220483023893],[11.588601923968895,44.124296941877525],[11.616260464411669,44.14325775063458],[11.614536598036443,44.158485459674736],[11.573001389425356,44.160903419748735],[11.56675837541597,44.16658248774381],[11.55364204119162,44.16511904870707],[11.544799274438532,44.15260433207219],[11.515404317811969,44.158002616438445],[11.447603355993579,44.199402181958824],[11.450976635894104,44.22039181688094],[11.422657540545586,44.23758817364127],[11.398313844959954,44.222583689244736],[11.380598850803201,44.19990352641187],[11.341976198250157,44.20521487230287],[11.325330945456503,44.19526530356365],[11.322638322238317,44.182250886226804],[11.28069949390551,44.155304368053365],[11.23543263066941,44.15841810066673],[11.21399977942663,44.15010420135484],[11.196591257197746,44.15097770369163],[11.196794386773538,44.14300535182031],[11.21818212307873,44.12949064730917],[11.26029741708847,44.115796514009325],[11.263795362282494,44.104303469337395],[11.247998287141106,44.09760340611424],[11.202464556324909,44.100690027884774],[11.158611965015288,44.11242107929752],[11.127670423922865,44.109444792206695],[11.089398682845081,44.08990344811586],[11.04940191510935,44.090204150458575],[11.00200399473154,44.11100160274746],[11.004702887258798,44.121397363842924],[11.01487560065173,44.126719679854176],[11.0140523357558,44.13633804991742],[11.00649054107441,44.13851338939272],[10.970354558475432,44.11528065852409],[10.96684310836625,44.10324310836625],[10.91779840519893,44.062703401219615],[10.901801413080797,44.06400322256632],[10.90188190132954,44.08663555755777],[10.878551267651014,44.09860785803727],[10.84870186521619,44.09810349977964],[10.831063512071278,44.116195905487],[10.819100562990137,44.11250392956357],[10.803101963977008,44.11930286211316],[10.744179651440154,44.156142983686955],[10.661499962039978,44.153803409469845],[10.641034716528932,44.15882852185442],[10.624039950926436,44.14063021950543],[10.623896601408955,44.120302996456935],[10.59310112138572,44.115304163752135],[10.57748860931459,44.131983289464856],[10.524902704703605,44.15710333528093],[10.521588839556182,44.17600938058547],[10.485138837464058,44.2044402500553],[10.491807258337513,44.21641470576074],[10.482931900238796,44.2230998786434],[10.464191666156152,44.23095839753125],[10.430400773165067,44.22750245214797],[10.414102264410458,44.23580230843009],[10.40700053283562,44.249292301797645],[10.371836082813426,44.26924110856275],[10.342900803696757,44.2697037410242],[10.307598011750567,44.284143714959285],[10.296191060311925,44.28533497434616],[10.253800750405969,44.26860380181517],[10.228583371535278,44.29723494329208],[10.189601494310333,44.31430433071429],[10.168002356836945,44.32990334702265],[10.160380507700921,44.34435317262104],[10.14267912487498,44.35354971453817],[10.094901859997732,44.34830358717414],[9.99677182945045,44.397056794315525],[9.989204228114994,44.404300730477615],[10.006510425576886,44.43065539519693],[10.001057080345628,44.44287720692798],[9.980601220471375,44.44500378777857],[9.971403631405883,44.45220178959485],[9.96945966312933,44.463838233023054],[9.922299411473354,44.47226571114507],[9.820342883235728,44.466415997859976],[9.816796405442828,44.45210285898799],[9.756751868814666,44.40639411537112],[9.753148453544785,44.39969572375342],[9.760387373855721,44.390102582424895],[9.746095817955947,44.38944641697909],[9.744396394675883,44.381402856464916],[9.73217740194859,44.379313214966835],[9.716285970411862,44.38287020201356],[9.693758000547263,44.368551964757586],[9.711197146931912,44.36359673004342],[9.729058732221501,44.32919051833863],[9.753098050480366,44.32269675168836],[9.765444471626594,44.304775390735685],[9.804987555219858,44.283333149527664],[9.814799539321653,44.286196235032065],[9.854396228310318,44.26809799374046],[9.861296540317275,44.25079902404681],[9.858166159201506,44.233322605154946],[9.87519444233846,44.223998325278],[9.858143642918234,44.19450662704801],[9.86397868227543,44.18310457485406],[9.891201914309317,44.20779713447071],[9.908496982914,44.209696333562],[9.914160095065435,44.19983369449298],[9.933988695413058,44.19670107408656],[9.894942290540364,44.16618707623283],[9.966399666725483,44.169496292011765],[9.975796972429167,44.164095914894396],[9.976889325201565,44.138531835096934],[9.995396041603714,44.11719812421979],[9.986032814351061,44.09713434194117],[9.993730025803155,44.09419235495724],[10.002259435590895,44.10764391419455],[10.0244290095375,44.11929892438693],[10.04749802514077,44.11509716071285],[10.069242578326314,44.09795177364021],[10.066097906088356,44.08630176395108],[10.028819387747774,44.05917105353626],[10.01869882181247,44.04440436950088],[9.994153359875469,44.05080228138375],[9.97759910936349,44.03550345512979],[9.96430089619189,44.03720284842369],[9.909203667068452,44.070502569901244],[9.907976314653137,44.079808185761436],[9.881202368539055,44.08110379817058],[9.848969321910392,44.10949375880132],[9.835854477416094,44.10951430618225],[9.821471929372887,44.09475794422771],[9.824329891161277,44.08245033146107],[9.847295693647377,44.0612010576339],[9.836529496431197,44.04939341951534],[9.852395094736456,44.05099546418081],[9.844802072684454,44.033903585839965],[9.82110693298013,44.05860456170891],[9.7971404544603,44.06522977276985],[9.75538607353859,44.091033654124246],[9.738502833040519,44.092503257935675],[9.72536932312623,44.11272944268345],[9.675539641883612,44.13943036880694],[9.643758656859253,44.14376089357544],[9.635599106443541,44.13360497268884],[9.609203126462347,44.156601656555125],[9.603016268322836,44.17205117102536],[9.568901896361824,44.18210295428811],[9.568026376813531,44.191172762336116],[9.553087930602736,44.202650892307545],[9.51125162871061,44.216728539060746],[9.48812951864719,44.239005403346326],[9.469000162587916,44.23430378735443],[9.445200724167703,44.2388034831705],[9.418547358309992,44.25921921290745],[9.403102076404737,44.25530288635901],[9.387259001112387,44.28330671932862],[9.365136896576473,44.296824590868894],[9.234000902141249,44.34819209485116],[9.2138001882547,44.33036454454796],[9.211045241179125,44.30890144729025],[9.219091638504949,44.29860532119872],[9.150402916856887,44.31870229739438],[9.154857068403228,44.34717949956079],[9.139729992996235,44.361174526035455],[9.058411496668434,44.380359688058746],[8.95200074319019,44.39130282367333],[8.931402439192786,44.39650363584391],[8.923382951372048,44.41399152841307],[8.911572182501377,44.4107856121464],[8.916597801696446,44.39850388615849],[8.82190470111548,44.41500253431083],[8.845089547698898,44.41681895892271],[8.836425340595584,44.423664233640025],[8.800278177546362,44.42445995709725],[8.796397388263557,44.41730413914393],[8.741612714947937,44.42649623972165],[8.693038580371704,44.40844077972319],[8.678298985689821,44.392702765034976],[8.640717597880487,44.38672338646741],[8.624298245974737,44.371802956875605],[8.574664474013295,44.358321537407015],[8.564897071970858,44.34790306746032],[8.50917585205101,44.32825827203254],[8.486752942658514,44.311622613435425],[8.485596891887864,44.30330248453433],[8.448454616010736,44.285519746219265],[8.442015718529394,44.26671452391344],[8.456395023781003,44.25839927013011],[8.442797301946264,44.237403550795115],[8.421594447374375,44.22792424574996],[8.41612719455267,44.219123011436814],[8.422297266031869,44.19260341966699],[8.398999399846053,44.181102913435474],[8.372306434478661,44.17810975343308],[8.291769220178574,44.15219126107748],[8.269281026904826,44.13943183338195],[8.23173573952674,44.092048345283104],[8.226096555070553,44.04410193586469],[8.164707490539245,43.995487479726954],[8.161104233100726,43.97086493995522],[8.173896317044056,43.95510202174354],[8.142181242087965,43.94748292614106],[8.128298158615369,43.92680330558818],[8.093980570258081,43.916810828169865],[8.071198483980405,43.89070264403355],[8.030090638679644,43.88428880626322],[8.014897958944681,43.87190332279068],[7.97118270052618,43.86073400262012],[7.965697399277187,43.85210328407189],[7.9491991700007665,43.8471034427589],[7.847156807499465,43.82891356689622],[7.830399885243309,43.81620375308472],[7.805163220885965,43.82322207696557],[7.753342536935789,43.80706401718599],[7.736499684876163,43.79540407067379],[7.702802862833748,43.79899129694929],[7.673099286925336,43.77610346110355],[7.588080896575211,43.79210167069856],[7.568758068619732,43.79198427974183],[7.5556978149869245,43.77970389410988],[7.529503841544997,43.78430274831272],[7.506987666670108,43.8413346219294],[7.494803598236993,43.85600035038567],[7.499137967199226,43.868655685225534],[7.515201442302606,43.883897690919255],[7.561911846381389,43.900348091215584],[7.5597035499648735,43.916598893185224],[7.571424386805769,43.934774001599024],[7.566104921959172,43.94369885064053],[7.652820422675993,43.97415666899319],[7.655303858056475,43.98489841288045],[7.669665165399257,43.99849316352395],[7.662303800500266,44.0274983546065],[7.701685791368978,44.04503945173661],[7.713992544165547,44.0620321679634],[7.716375316829278,44.08326383310103],[7.666503259488079,44.130700550031236],[7.677712314898587,44.14466590360429],[7.670503995339494,44.15260142445166],[7.682630769702591,44.1736725741026],[7.636202393894427,44.17690245037333],[7.617398583154874,44.14990379722989],[7.565313596744694,44.152230390096385],[7.534785149574859,44.147105851011325],[7.521398960734091,44.13780392098442],[7.5033194497515145,44.14345269620561],[7.459999456889065,44.12590399659721],[7.431138055410569,44.130108799921196],[7.425828372818471,44.11428860476658],[7.392236581891479,44.12526510921521],[7.355502276107968,44.117103527411054],[7.342631259534135,44.14473966760239],[7.278900290220223,44.14130387375704],[7.248502524936915,44.15790255445714],[7.241764529813633,44.1724269022724],[7.219701602988928,44.16840393973505],[7.2039278173995065,44.18493886481076],[7.193602710673738,44.18690339801846],[7.185235796625915,44.20027165347069],[7.163420910596424,44.20734874992354],[7.141601576534235,44.20090400396866],[7.069149333588118,44.23351266660297],[7.033301407399562,44.22440375970073],[7.005201931426712,44.23740255345206],[6.9967026579569875,44.25070069158525],[6.994159055054682,44.28067658774059],[6.970101539782532,44.285302826433174],[6.956353344804472,44.29815013420452],[6.959049543052568,44.312975255701865],[6.926802556670752,44.333302241232715],[6.921091772056903,44.352030378001864],[6.888903189721733,44.361102666889316],[6.896783086285164,44.375501001061046],[6.893503688947162,44.420897121313544],[6.925890342189391,44.422854397188],[6.943877271320405,44.43243186621747],[6.912002833531524,44.45220232425622],[6.905684943621924,44.46828594715274],[6.875703689203036,44.482201558450676],[6.853403870815182,44.52789950413756],[6.877202160389691,44.55279687943447],[6.914407820303078,44.55935954285463],[6.912305428247734,44.568497442915394],[6.933096158016925,44.57511341254792],[6.933103508899787,44.59269923698104],[6.950209950420685,44.611834593950334],[6.950303574216799,44.61949800890714],[6.967334396367319,44.621062980092],[6.947603639391807,44.65249947740342],[6.963601658433274,44.67839637171292],[6.998498995705536,44.69069649727445],[7.030299103112027,44.691395656115354],[7.062112439026031,44.67998265606995],[7.075379939429103,44.683279020976514],[7.0645420575572695,44.71316712412751],[7.0411022822546965,44.71960369030231],[7.023842632114722,44.739642177131756],[7.019403558652967,44.77570246367662],[7.000005654604236,44.78910099601611],[7.022116685172575,44.82231225341857],[7.0097030918175545,44.82640317359546],[7.001622206677346,44.84224181993714],[6.969600930952313,44.84670351290179],[6.933003022527859,44.862777891601546],[6.912799133436158,44.84490387900328],[6.863101538291308,44.85070369376828],[6.785001618090293,44.8887034111264],[6.771725232114045,44.90272348865191],[6.750103608175135,44.907502006032374],[6.750903861739023,44.92409899233504],[6.7582080378432545,44.9343586957534],[6.7462085751532355,44.938503023347224],[6.764889070314708,44.95988627654282],[6.762995237282757,44.97140427354024],[6.737407687681343,44.9934980576985],[6.750801749765687,44.99764039041746],[6.743615162113943,45.01512676531204],[6.725893077919122,45.0215297619841],[6.6755015147719945,45.019203457401346],[6.665403911279562,45.031701301758375],[6.668883909859983,45.04467224990059],[6.6619042113724545,45.05400039930276],[6.661494446283215,45.070416939089384],[6.646203793914728,45.07500247625433],[6.640900658668518,45.089614853471055],[6.627303466198337,45.101801505740355]],[[12.170535279342594,43.80263651392839],[12.187072342142853,43.77407089960971],[12.198454981107293,43.77134442617142],[12.214301477898628,43.783496085407116],[12.236233768573912,43.787188792710225],[12.23785698274897,43.8004857244748],[12.225636384690349,43.809337324848705],[12.21799878940089,43.80290404328953],[12.176022697588325,43.80975967556857],[12.170535279342594,43.80263651392839]],[[8.659152682242585,45.82393186604131],[8.686334526555514,45.812106687598046],[8.706056928703825,45.83305738984463],[8.69526127286214,45.84338281051378],[8.670606809383,45.834756084457226],[8.659152682242585,45.82393186604131]],[[8.014400272742538,45.12530342554291],[7.99246927261576,45.12838697217606],[7.98258663185481,45.122462980636236],[8.010384358945954,45.102897274979064],[8.046245685247408,45.10939568492841],[8.04467350062058,45.12830019796843],[8.024931682733076,45.13190455530059],[8.014400272742538,45.12530342554291]]],[[[8.957804969601584,45.964702199133036],[8.966802254296383,45.98399616636839],[8.97379746525441,45.983496485036326],[8.979095937466317,45.97070004381291],[8.9750978319265,45.961603270014734],[8.957804969601584,45.964702199133036]]]]}},{"type":"Feature","properties":{"id":"centro","n":"Centro","macro":"centro","pop":11704022,"nc":968,"nrd":967,"rd":64.0,"co":256.72,"kru":538.22,"kin":197.03,"drd":1.72,"nr":4,"km2":58045.4,"dens":201.6},"geometry":{"type":"MultiPolygon","coordinates":[[[[9.686708196647677,44.366003241195365],[9.716800397530122,44.383196670323656],[9.743071685464486,44.38152815333836],[9.74390377146978,44.389496581131105],[9.754742245469025,44.39142275356997],[9.757302129042406,44.40719657344589],[9.815696371506455,44.452419182252925],[9.820002017904901,44.466396564482345],[9.899999714446812,44.47269599502437],[9.953999526683859,44.468497833751144],[9.971296566192107,44.463297422454744],[9.97176534459921,44.45221330886085],[9.980241150847508,44.44535778889715],[10.000997299920835,44.44329665646501],[10.006995905784947,44.43169989323888],[9.989893626411702,44.4045684215915],[10.00972235713176,44.389267003229016],[10.053371099604417,44.372962904554214],[10.095635783903623,44.34844143173618],[10.142066512232587,44.353865693690565],[10.160996985800628,44.344097474623915],[10.16762122087685,44.330425485642664],[10.18926278483672,44.31518166220493],[10.2291395781008,44.296842619018186],[10.253593643492998,44.269051864676435],[10.296600397070636,44.28549659008097],[10.308098320816105,44.284095909308725],[10.342903225069218,44.26971501195861],[10.371598852077756,44.269396971815326],[10.407397434269322,44.249297035827716],[10.414312239013332,44.23581743390145],[10.430525518666785,44.22748211205892],[10.464998770245254,44.23109641369698],[10.482798384629307,44.22319602723726],[10.492995109495032,44.216998852308684],[10.486147952433255,44.202887765487304],[10.522895565616412,44.17479905806354],[10.524843725047587,44.157522648162946],[10.577497164274202,44.13199583989076],[10.592814386666465,44.11546646305119],[10.622826216893808,44.12066695999776],[10.623803651875344,44.14129778521548],[10.641200660403374,44.159795329863485],[10.661356960426744,44.15383261939591],[10.743969716146403,44.1561857860284],[10.803562448815192,44.119226522514516],[10.819312544654627,44.11296002914325],[10.829865421192514,44.11686354391562],[10.849141897926028,44.09862799131201],[10.869976882432589,44.09988864236791],[10.892059519850616,44.09236528008714],[10.905596484939498,44.078700207710675],[10.900674083780013,44.06505986575055],[10.916089845615735,44.06283895004372],[10.926801999159009,44.075497370356395],[10.95219732666547,44.08859732666547],[10.96695868522748,44.10345591438785],[10.968458858189878,44.11384514366019],[11.006800061831433,44.13859591435531],[11.01449681356477,44.13709726104761],[11.014996452340235,44.1251023863822],[11.004804240630024,44.120910618819856],[11.003211908147842,44.11040147526446],[11.024020074865454,44.097453270181404],[11.050625505170972,44.090764404348214],[11.088836885919699,44.09019616998444],[11.127601092969115,44.10969603921189],[11.159099417009886,44.112495774398226],[11.202789494522282,44.10063983417949],[11.247564584423413,44.09782520752686],[11.26222766755578,44.10566104186485],[11.260197302170333,44.11492251646453],[11.218301417642582,44.129403198098885],[11.195903486964712,44.14350198408691],[11.195703566403257,44.15129721350053],[11.214310374647525,44.15020076146672],[11.234667693068928,44.158401471588455],[11.281534797676569,44.15598341838957],[11.296005788769497,44.17149730249694],[11.32179554160915,44.18157978313321],[11.324803167189163,44.19509783041691],[11.342800909441522,44.205696002712926],[11.38120318430494,44.200381902291845],[11.421000751524035,44.23929505967488],[11.451296781002716,44.22059792759652],[11.44841274310468,44.19886953075812],[11.518062885518155,44.157531865258285],[11.544727050172535,44.15303555774595],[11.55250344613852,44.16539659622078],[11.567998616362424,44.16669661306241],[11.573682909697201,44.16108058082312],[11.615397149228583,44.158297574181226],[11.615897078090553,44.14250319833835],[11.58834782927745,44.123650554435905],[11.586308694683032,44.113525231100574],[11.62242616792541,44.117111019712624],[11.653456304630652,44.102619017601086],[11.673574267947767,44.11313053978562],[11.67810241433642,44.12219633568618],[11.744199191783133,44.12599625887604],[11.752995609266573,44.120498557256305],[11.734496605172096,44.085502168582174],[11.697746654168018,44.05099430843844],[11.694897093771047,44.03540188884741],[11.681897776793859,44.02120389908929],[11.658338433896157,44.018213304978794],[11.663495369851724,44.00510129181657],[11.646440197490474,43.99063240406864],[11.654372678629766,43.975158853766324],[11.688840588180542,43.95893804961918],[11.692595644556745,43.95320060874256],[11.68418738138321,43.93518443854771],[11.717096024227343,43.921697663190535],[11.710307040406077,43.878282246735935],[11.732718929308831,43.86307582994792],[11.784497828539102,43.84759541584435],[11.841000961028847,43.808317383190534],[11.867422435070097,43.81689325522348],[11.89574742276269,43.80780329491492],[11.90979844145355,43.812695580323584],[11.918255322780292,43.79419225084488],[11.947198019970704,43.79089623704829],[11.953335225598714,43.77626563469623],[11.98618593662748,43.762172361104746],[12.00639910532814,43.76649603020143],[12.052999042542885,43.756995893544556],[12.065210763627885,43.743018760428185],[12.076507900247936,43.74084965387456],[12.107500070486738,43.75369621290958],[12.124298398919695,43.749232129525346],[12.163998543875632,43.76229583473041],[12.195085487090509,43.73384220105034],[12.209302935265477,43.75709673247988],[12.228099469638677,43.759595881086426],[12.245461685370108,43.75125816059314],[12.256601678078285,43.76069609099731],[12.2837494672468,43.76543061709402],[12.288789084613324,43.784164756369975],[12.284902731549431,43.794796808991606],[12.316000114443373,43.8055961147566],[12.35038654982082,43.80004090938722],[12.366102387458714,43.81329655090219],[12.388225370393426,43.816983852616936],[12.398131289047285,43.82634208323122],[12.391003518204586,43.84500037172443],[12.400704844636993,43.87279883699946],[12.40770028971531,43.876696330617875],[12.445536930683952,43.87103707958135],[12.457940791132435,43.88038477253159],[12.462403784273398,43.8936974234733],[12.477700332235178,43.89689725127336],[12.48739632567264,43.896396510192794],[12.487706460982482,43.88527044514902],[12.49869065360649,43.874413720150905],[12.517497522029805,43.8810953124455],[12.542170226027071,43.86432172786567],[12.56150007193261,43.86965919356955],[12.57240080622632,43.88489646376087],[12.58949676937898,43.885695264932934],[12.591053510159936,43.86629396602437],[12.60249709721013,43.86339697666842],[12.605913725147618,43.84601385652889],[12.618994806180046,43.84260081621831],[12.610985721969582,43.832276137542884],[12.62307065481816,43.82166580151974],[12.644583624646307,43.8270030080808],[12.673380821841988,43.82396634444451],[12.680753114300341,43.828796382868475],[12.682202824313897,43.852796287083535],[12.723350297156209,43.86112782405966],[12.732065324043107,43.868764509209655],[12.722804522213494,43.88110022244883],[12.734234187412921,43.895910716608746],[12.728003690146519,43.92409885055315],[12.754467879015351,43.960687903511925],[12.750607445667505,43.9685955738303],[12.79759939946602,43.96519658533159],[12.892576797487209,43.92328200885916],[12.907199877211399,43.92299607095342],[12.986165020835065,43.86529340330401],[13.050550386215626,43.83246876643944],[13.21995916661923,43.717546928066035],[13.300390744649771,43.67205960582988],[13.45272734733907,43.610846187336044],[13.481157295781983,43.60681683958595],[13.514800480002027,43.62449590765046],[13.531597608687433,43.61949652097087],[13.565447225206974,43.589156207299894],[13.57336780900746,43.57087955934261],[13.609175170745862,43.558959878190855],[13.628263845752247,43.54526358160812],[13.621408720028615,43.533422896337676],[13.623183920078088,43.50278575810998],[13.667739709279353,43.430110913095014],[13.709808096840817,43.336904813022485],[13.735296490194708,43.30839702517369],[13.777697213981428,43.23429857442789],[13.841869684839578,43.1031575025662],[13.872816859153458,42.986979286545505],[13.916793980083016,42.89460327499657],[13.878485239458042,42.89262928191295],[13.816756958226273,42.877621687808336],[13.77983499399549,42.86098699879909],[13.724504506017038,42.85551648371001],[13.709043992122796,42.849587699217054],[13.69929723826149,42.8226032731718],[13.663522980867763,42.80708716347796],[13.635601011805083,42.803303991418936],[13.622527972218958,42.81529767680357],[13.571500313279973,42.80050446838456],[13.535001055471058,42.81616192538675],[13.529097598508061,42.795302053973934],[13.502547337442083,42.77137911784102],[13.504096309340174,42.74710151778409],[13.493432796711998,42.73655710428426],[13.45154667280403,42.733358562705426],[13.440891310171866,42.725665988088664],[13.436899837270442,42.698904673435194],[13.426378228482424,42.70573419229053],[13.388600135494288,42.68730340642046],[13.357444862731787,42.69363369486558],[13.350260518938596,42.668488056864675],[13.36967968513469,42.64941617240862],[13.409796239651067,42.63909987604078],[13.390205676599537,42.60793006889906],[13.393993735224868,42.591200377170864],[13.381797554342134,42.58100321749204],[13.342900219740025,42.574904092626106],[13.326958294680102,42.57980196433836],[13.291302033985167,42.570503944229365],[13.278418260797448,42.58343840113598],[13.261237788434412,42.58297403295298],[13.245899007397409,42.572703643925955],[13.226552853360218,42.582674218066316],[13.192679746517381,42.58625017672658],[13.192296578572407,42.57800174898032],[13.17482643897706,42.5671402428917],[13.176052449671593,42.552641476518886],[13.156385243930176,42.53674357161871],[13.160830458264234,42.52190237363825],[13.177796153026664,42.51259740573481],[13.171865862898214,42.4869475912419],[13.178494673533555,42.47930043567399],[13.119342100650998,42.445750185216845],[13.155469135529337,42.41408160612283],[13.189297162625987,42.40019719676101],[13.194269981634342,42.38926604040445],[13.155566830874081,42.35588334028996],[13.191346676443057,42.33261011143465],[13.226596546204876,42.31929634672535],[13.23470797124093,42.27800578400783],[13.271296634486282,42.2540967297247],[13.282000587280548,42.23730904072127],[13.335598341402283,42.222496564009205],[13.341094802826364,42.217399901975],[13.333187573437701,42.20761331189669],[13.341387879455661,42.19861430735408],[13.379993435890126,42.18050274040706],[13.352364415915673,42.174599798879086],[13.35443054613111,42.16748046609937],[13.326499133806491,42.16321575325471],[13.328694556526967,42.154901233747644],[13.316434650313749,42.152803867077964],[13.305297625764068,42.138303200196766],[13.265324059604854,42.13681589460305],[13.248699347919095,42.12750346794119],[13.237202321872589,42.12920316154499],[13.22358850917354,42.142967350582616],[13.192471371674293,42.158262741354925],[13.169701577979716,42.15070408416573],[13.122902892400981,42.17674565292352],[13.089004187071064,42.17743467347909],[13.09379587342069,42.159400865319355],[13.086097216638095,42.14420269378301],[13.059798470424587,42.123003810703345],[13.031435873885345,42.11940008375093],[13.032896291982409,42.10720054166137],[13.018569133733298,42.075079867334246],[13.026897290467785,42.0499785323312],[13.064526362203168,42.01262852684397],[13.097333726403663,42.00951716027969],[13.097302855795483,42.02489662162681],[13.107699095445602,42.0250955330405],[13.198509211088975,41.98671190997181],[13.231597394598696,41.981696730103224],[13.242725993260438,41.97156744080744],[13.26679780593609,41.96619727120179],[13.286027089514546,41.95046469033726],[13.310399035221675,41.95159692779665],[13.338727646987257,41.92546147061606],[13.364297751923097,41.92469680575019],[13.383995602603129,41.90419945612435],[13.360673945043123,41.86996153012953],[13.367495959467053,41.861899147109696],[13.367294748712721,41.832645811042205],[13.379770879637597,41.817716732384035],[13.391033999676383,41.81959378867991],[13.396302576861853,41.83399734800043],[13.419723276450217,41.83352413079388],[13.451498330039083,41.822896988659444],[13.470281820769195,41.80636958703757],[13.504298522193045,41.80149690563694],[13.522174040590047,41.77250790790929],[13.572553708057239,41.75447728623038],[13.586001935883589,41.766496642168995],[13.631645037273536,41.78287794669257],[13.64172359621927,41.79159943351751],[13.637305652397064,41.802500221517846],[13.647701173586151,41.81089681328832],[13.662898858127091,41.811296482412146],[13.705735500887084,41.78804249096964],[13.729496735842112,41.79899611852226],[13.730766296757926,41.78825365507486],[13.748596874546188,41.77359879406456],[13.749892508675867,41.76077615123923],[13.766186277438448,41.74882020393445],[13.790007205886711,41.74334282049771],[13.814929346965263,41.75281413060695],[13.827774503066,41.73924130868799],[13.879829891876248,41.72830997158339],[13.89170016117309,41.73519624299768],[13.904803836306936,41.7187191783786],[13.919697198236776,41.717197631944266],[13.931923001793992,41.69403547469316],[13.96729723991904,41.6740965844105],[13.988396531010917,41.653898731901506],[13.99655514101351,41.624553653130114],[14.01099667836405,41.60749889026191],[14.010196383259265,41.592601546301225],[13.998410152635005,41.57752461841249],[14.004231447608062,41.56678509869001],[14.023697025845355,41.56109716999495],[14.025996429721227,41.554900086930644],[14.020697585580274,41.54250294526304],[14.007680670156015,41.53780997890159],[14.022195271290288,41.52689869051565],[14.019249415340504,41.52174247234802],[13.99503743732228,41.5129751702343],[13.976268694112518,41.49776886045766],[13.9928948430211,41.482099346712914],[13.977897897212701,41.46240363768174],[13.960775452226894,41.46316341766676],[13.910798059270718,41.42870335725547],[13.875500858844255,41.42647190088899],[13.862010095520453,41.41667053827976],[13.886193935907308,41.3844007530038],[13.873948645930769,41.37513608080552],[13.870969315871665,41.35723759970182],[13.877395395135764,41.34449945640378],[13.874453951323268,41.33682287087686],[13.89469571513254,41.31049938907083],[13.889697000951541,41.29750210476236],[13.882198779749768,41.29100369882361],[13.851194811986394,41.28964882236718],[13.829448563341046,41.28140059908949],[13.839895400352306,41.26339876567649],[13.833597491321287,41.2523026192139],[13.81679932800228,41.24370405509812],[13.774455391177884,41.2425055119689],[13.762198894631661,41.22260473600568],[13.706537383190366,41.25388472637166],[13.680500111331467,41.244303264601506],[13.653548887112052,41.25715164350206],[13.620704788612183,41.26065445502627],[13.573860525062559,41.24003887623972],[13.568629729202112,41.23056558122158],[13.572537524304245,41.21582293378819],[13.58969017615834,41.20740086389864],[13.575700663797207,41.20390358925909],[13.556330662676555,41.2110019908852],[13.547600171271522,41.207603629251935],[13.484700041138703,41.23803744010181],[13.470000065876711,41.237403762442575],[13.374586667331089,41.281268961002354],[13.291806404352235,41.29747727658508],[13.267519659072386,41.29490870798719],[13.251399109866975,41.28330422513757],[13.205801156489596,41.28309133280013],[13.160670050288488,41.271354449599755],[13.105775596829318,41.24144038197076],[13.094397247922926,41.224403289547],[13.04570185994249,41.22680398110645],[13.033703877941846,41.24100052470736],[13.035446284709721,41.25058620700553],[13.025650770600246,41.271388126703265],[12.99381110381003,41.320301315510626],[12.962879861948519,41.35239385785272],[12.920164375857109,41.381395496143824],[12.845353732578568,41.41356565548777],[12.782401172827491,41.41788112092838],[12.765399644301047,41.41010399348837],[12.695366094140427,41.449570669328395],[12.669355540846068,41.45642140017846],[12.622301467877488,41.44470370852529],[12.552732867909086,41.53406747992558],[12.43698306299454,41.640881252003794],[12.352054890510212,41.696865958859],[12.22530524610027,41.74480220413355],[12.229274407476547,41.7531090747033],[12.21980467445302,41.770599046586035],[12.223873125545474,41.78242453942382],[12.203461756777052,41.829773009789264],[12.177439045694232,41.87358033050892],[12.140463980517191,41.9163495278711],[12.049901630495443,41.95650315002528],[12.023963220330744,41.98385137787569],[11.980001167889304,41.99650298267247],[11.963364215204935,42.01438761754632],[11.915652992745732,42.03931906403397],[11.835202310758799,42.02940343054975],[11.807145176528753,42.07956693190934],[11.743441741616131,42.14284350488161],[11.733703933734098,42.15800085064613],[11.738512699695828,42.17202112739047],[11.720702237321484,42.19040183531139],[11.695242422847487,42.23557235736339],[11.632491551349034,42.29548682276957],[11.556358373450934,42.33836169009192],[11.476125965992894,42.369091058542395],[11.382823481273537,42.39501417013453],[11.289899497100452,42.40510393198118],[11.272731378242055,42.41869899173617],[11.213139096025841,42.41076283453127],[11.207255040785949,42.40474363577461],[11.212497489037741,42.387302716626564],[11.192275988192753,42.379577434620984],[11.189996097578499,42.36370265352141],[11.182776627221122,42.36251259625553],[11.16659350062029,42.36803278901359],[11.15280258429289,42.36140368006091],[11.14219085774951,42.37741913166167],[11.09800275158483,42.3932032586766],[11.08970378604953,42.408200977631076],[11.089703978461136,42.4256982400486],[11.105001377667069,42.4475964279248],[11.122335640429522,42.43548688371268],[11.156490999282328,42.43412494972478],[11.17776012268347,42.45109462573758],[11.19218001703795,42.50080026085051],[11.183283595942354,42.53166902507001],[11.157894676625029,42.562019881413796],[11.139823049896371,42.56106388382587],[11.13279947545823,42.55300496590563],[11.117202933510402,42.5658023910157],[11.104399123182674,42.59724612204099],[11.081705209002932,42.61559815782684],[11.087352946505549,42.61927230202243],[11.083470189343396,42.62806740946198],[11.010003312418847,42.65920276802953],[10.98268929334998,42.713091358667526],[10.951768312851,42.736690097088164],[10.871563557052609,42.76378375588978],[10.78450100493258,42.7757030409105],[10.733410116288521,42.803498525879164],[10.756056364966566,42.80790599605668],[10.77272149488372,42.83102383418987],[10.775942608271317,42.84399880519741],[10.769503764371807,42.86959854608556],[10.786271923171064,42.88926756422415],[10.771853491887844,42.910474176153485],[10.712206128885654,42.940031290371444],[10.644984883222106,42.953304742638785],[10.563847783140957,42.95146978500242],[10.544904915492301,42.933264703609595],[10.54519702352119,42.921703120725546],[10.535164794606027,42.920010906022796],[10.509571745542193,42.93266156454534],[10.495407673779823,42.931504053683575],[10.498573146352998,42.93701532827346],[10.484003362074173,42.96719994862841],[10.48300357722456,42.98829782291969],[10.494800261124356,42.99509569293894],[10.511890057601427,42.993918103572504],[10.510903443651191,43.01289742493117],[10.522131610433675,43.02116646339392],[10.536909219294321,43.086121167868235],[10.538505026561854,43.168177208274734],[10.52814051782054,43.23187754529323],[10.501735273376884,43.290625612872255],[10.455203537753922,43.32850107155141],[10.454765047360018,43.34451529065256],[10.42523421781986,43.39814140643681],[10.40680225060588,43.40890249227932],[10.381110554833143,43.44962344192451],[10.330403435160685,43.47380140147956],[10.331407128501032,43.48401434455431],[10.318897345582485,43.510573872490404],[10.295604338064377,43.54139927282833],[10.301253071451,43.54733897108005],[10.294105485837655,43.552301641011276],[10.300660810929134,43.57445828849264],[10.28549018411107,43.642535783198845],[10.272604346834589,43.67189982627252],[10.28238529361399,43.68702203210708],[10.277585645639903,43.737597389784895],[10.25940526958135,43.81528894734901],[10.242302888001364,43.84910071678887],[10.238188138521123,43.87289302461553],[10.200520150391833,43.92178424133662],[10.138007675001885,43.980063577629956],[10.064382358231201,44.02803749995674],[10.01870500835608,44.04440132235997],[10.070176122927235,44.092097298928685],[10.057693132612778,44.10836520829995],[10.01855306602034,44.11919382982506],[9.99319882715112,44.0926049390415],[9.983463611239232,44.09875975615477],[9.9938120291068,44.106188234908544],[9.995196286540123,44.11595307204777],[9.976403657737293,44.13950009918971],[9.975787838192707,44.164083590056165],[9.966229251730086,44.169207479540574],[9.919573662760307,44.16966534486347],[9.897900593393777,44.16360407378953],[9.892405701469233,44.16809972482467],[9.927459976368047,44.195514011213085],[9.91450114622072,44.19950338739135],[9.90706128556245,44.20959920127861],[9.891131562336628,44.20764599860834],[9.865100802420951,44.1807057111059],[9.857604247623817,44.19360009370499],[9.873309298819523,44.22296772706882],[9.857104115541105,44.234000694605065],[9.861179241659476,44.250176103465165],[9.853696993336543,44.26877789928262],[9.815314483026652,44.28569781600386],[9.805700463643108,44.28280433067861],[9.771529299099281,44.30104336321911],[9.75320933926104,44.32259003225232],[9.729502076200248,44.32830321172168],[9.710901613525408,44.36374486580065],[9.686708196647677,44.366003241195365]]],[[[13.416909175157405,40.78910367162593],[13.426959496166171,40.79750597644801],[13.430899713181184,40.803793349822776],[13.434895721114906,40.79580093980082],[13.416909175157405,40.78910367162593]]],[[[13.048204543214036,40.97069838643995],[13.055700103329968,40.97429653474211],[13.064796656932845,40.96680276951153],[13.050702394772893,40.96540372573519],[13.048204543214036,40.97069838643995]]],[[[12.942304626258972,40.90070127566647],[12.949002934255105,40.91749711188181],[12.982100598014304,40.93579677252643],[12.993795924389909,40.93469711469368],[12.967533379080812,40.920879835208446],[12.95997025221773,40.89860290832515],[12.967294758055539,40.89359826315793],[12.960497910501013,40.88220268004661],[12.953501207561391,40.88010398191123],[12.947804776328686,40.88699956892448],[12.95232203584818,40.89402074777507],[12.942304626258972,40.90070127566647]]],[[[12.860095772706812,40.929601785791334],[12.85202037898673,40.92546999738921],[12.856600053619957,40.94118897835027],[12.860095772706812,40.929601785791334]]],[[[12.169903947999172,43.80449898259405],[12.176500628030027,43.81049586988392],[12.21741619206123,43.80329513636901],[12.224301037207512,43.809895765408264],[12.238096065770113,43.80039878977174],[12.237296761370624,43.787002955412156],[12.214323796086129,43.78343696997386],[12.199229777079882,43.770420370007365],[12.186202680602893,43.774202600764056],[12.169903947999172,43.80449898259405]]],[[[11.091404164052983,42.25329991917507],[11.095001787197106,42.25849658901221],[11.114792200761432,42.25909942458838],[11.103479887788092,42.24934304051769],[11.111495645814244,42.24369770595521],[11.109997725091937,42.23820434419939],[11.098402190192553,42.24230275371206],[11.091404164052983,42.25329991917507]]],[[[10.867002684043344,42.35350324129821],[10.867701575449834,42.36889523096448],[10.881780226285851,42.36832679529372],[10.880204178615132,42.38889722630369],[10.904197594822191,42.38329732117063],[10.924795539799064,42.35530066395073],[10.920930748461942,42.35013163094995],[10.931096480841575,42.33799848434049],[10.929096798649553,42.32550194957159],[10.917439022628722,42.31923836778418],[10.882105304280895,42.351601804424796],[10.867002684043344,42.35350324129821]]],[[[10.103203571202386,42.786598830396514],[10.139798838490137,42.809295232849884],[10.170730906158987,42.80637831982971],[10.179402772562192,42.81109639370742],[10.205598820667026,42.807196279392855],[10.219791634247146,42.79299582622901],[10.241631927917194,42.78757221486385],[10.248727827537886,42.79238081308187],[10.24750442373448,42.79889744773676],[10.269715630488301,42.80405165782857],[10.274741693779932,42.817760011753855],[10.262304513817037,42.82979447073515],[10.295257877973354,42.818747617008405],[10.331889523958578,42.81769839634685],[10.317032952298087,42.810391815928305],[10.317172396078368,42.805239023225475],[10.34583775353942,42.79654638988278],[10.35995168601459,42.80196707215499],[10.36020229872064,42.81789647763678],[10.379284549368712,42.82751380383641],[10.407802122819486,42.871396600622205],[10.413598271325089,42.87289584596254],[10.421305111149982,42.86001904208883],[10.443995698887456,42.846799167271676],[10.428764296540958,42.81639175439961],[10.433896771511622,42.77510322736679],[10.39979020408036,42.760907464272286],[10.408274382892323,42.74593491070358],[10.432896768629114,42.734797768905025],[10.435196550301935,42.72070042676607],[10.424198732172588,42.708404145263344],[10.412478999013745,42.71570879350289],[10.38486817233279,42.71399613206622],[10.377158230235793,42.719259919448085],[10.357059563768843,42.75828460838915],[10.344542175559843,42.763830629260354],[10.319658773057053,42.76013681707154],[10.325196316693305,42.74609975443617],[10.321698047089122,42.736904148944454],[10.316402533926091,42.7387026802946],[10.312109287907425,42.75756482672085],[10.300579043368494,42.75948098944916],[10.282899551540229,42.73480372341971],[10.265043777043914,42.7445423546288],[10.238514328134695,42.74757981029986],[10.23669838083138,42.726103618773834],[10.188228874690843,42.73616985253896],[10.139000930760782,42.732602696531686],[10.12240285484152,42.74180325720862],[10.105602556452562,42.76250213479597],[10.103203571202386,42.786598830396514]]],[[[10.288903972753003,42.33519926203849],[10.300101394480476,42.35069634781375],[10.313098897712509,42.350895730039525],[10.327396414164781,42.34269760867698],[10.329996188236683,42.32220191770312],[10.315599189350731,42.31410371078129],[10.297400788299855,42.31560294307912],[10.288903972753003,42.33519926203849]]],[[[10.045603304864127,42.5812010572204],[10.054100464629313,42.58979666521477],[10.074550309871436,42.591581013997065],[10.082698275774424,42.60709896512576],[10.079105395910858,42.617595092091314],[10.089094836190888,42.61469802697338],[10.086638313613312,42.60345562935197],[10.098396652180728,42.588897837557845],[10.100196200985872,42.57490189730773],[10.087699957984062,42.56780428959418],[10.052101653236958,42.57390338894997],[10.045603304864127,42.5812010572204]]],[[[9.889103979886002,43.42819943398817],[9.892502106428136,43.43629663226737],[9.9084962113989,43.43509811391493],[9.90049911179705,43.420104300865596],[9.889103979886002,43.42819943398817]]],[[[9.791404396188106,43.02279903581592],[9.799439952909717,43.03547008524422],[9.80000505558024,43.05369909259351],[9.82570035190555,43.072795670237845],[9.836595970918221,43.065398733385884],[9.835341858288425,43.05091267541588],[9.847575017516068,43.04513409793032],[9.841797337662554,43.02990198594679],[9.817197260558867,43.0067022551577],[9.809999850497007,43.002304442363425],[9.80100215936047,43.00700230383632],[9.791404396188106,43.02279903581592]]]]}},{"type":"Feature","properties":{"id":"sud","n":"Sud","macro":"sud","pop":19701551,"nc":2551,"nrd":2537,"rd":61.36,"co":229.18,"kru":454.11,"kin":179.63,"drd":2.22,"nr":8,"km2":123364.0,"dens":159.7},"geometry":{"type":"MultiPolygon","coordinates":[[[[13.0184038524869,42.0749006424979],[13.032504755704462,42.10682155099961],[13.030903114397812,42.122094572285164],[13.059775374765396,42.12306135000691],[13.086370794538974,42.144767753434856],[13.09375630153011,42.15988939725509],[13.086903324733953,42.177896198378185],[13.1223994603553,42.17709664669672],[13.17056929798815,42.15134355584985],[13.19279868781937,42.158296495304754],[13.248243356141794,42.12762211851223],[13.265001265808472,42.136796035800764],[13.30446170893892,42.13819617675263],[13.317400975708594,42.15369608009629],[13.32619562814427,42.154160537388506],[13.323105631927493,42.16149885913547],[13.349983487103854,42.166583192017754],[13.342411400975672,42.17679505132339],[13.376621846298569,42.18206685129626],[13.341547136316398,42.198453408670034],[13.331904834696342,42.20819998760342],[13.339656685636685,42.21648148398262],[13.33580135115345,42.22223284254493],[13.282101932019506,42.23720285483719],[13.271149663998079,42.25418706828167],[13.234701988730125,42.27800144304133],[13.22571213068539,42.318581236912166],[13.153305478092866,42.35710012374462],[13.189312671520945,42.381169175471435],[13.1936481392223,42.390634093710936],[13.188818149890315,42.40035901568068],[13.155202091315763,42.41420274151785],[13.116206559757236,42.4440012462927],[13.176468745185687,42.47831682010494],[13.171503869861311,42.48610105048672],[13.177489034444998,42.5114873583652],[13.160703262995408,42.522002580486024],[13.155804143904628,42.53999562674446],[13.166474039424454,42.541215981289206],[13.175295527902575,42.55170988049549],[13.174303648093696,42.56739819994661],[13.191502883964523,42.577775539081856],[13.191403980212668,42.58759580183762],[13.226898780942527,42.5827967159078],[13.244948590634317,42.57296122079966],[13.261500714055003,42.58309669818039],[13.278179276818344,42.58348465609968],[13.29286650715402,42.570646091904294],[13.32710013106338,42.57999616245689],[13.343060606537412,42.57499871563528],[13.380872390038146,42.58102294005501],[13.391366566488681,42.59080082205078],[13.394604271115318,42.62169847299243],[13.406238355991965,42.628810165755155],[13.409567715856944,42.63953200520105],[13.369801531214456,42.64890390427218],[13.349703029458718,42.66880204309294],[13.35773814696047,42.694154041527334],[13.38888709553126,42.68752107191757],[13.427299683912857,42.70639582117073],[13.437747073290739,42.699979184947544],[13.441103421386208,42.726297345723644],[13.45213609813294,42.7337568230628],[13.493230233685642,42.73642780873553],[13.503962292752451,42.74748044645448],[13.502303443264214,42.77099892035181],[13.529180181405954,42.79558868480177],[13.534602273649343,42.81649657019044],[13.571340154870414,42.80055630617408],[13.624298341834958,42.816495275292986],[13.635636690397618,42.80344473810164],[13.662291477377412,42.80688191289624],[13.699041563332557,42.82266390692475],[13.71013571183822,42.84232487959753],[13.706705235962692,42.84929829314971],[13.72493868233675,42.855677289754354],[13.779769924473571,42.86097398489471],[13.816201572919757,42.87749719611325],[13.87770159860352,42.892996226702515],[13.91679898335651,42.89459682084044],[13.943746541484272,42.80504357429938],[13.995709230550055,42.70830575231978],[14.07523012015044,42.60169038351799],[14.12361227245377,42.54948637789167],[14.186183117728255,42.49383567773793],[14.232996252000477,42.46539774633875],[14.259920012432772,42.440925992333135],[14.39079819461986,42.37309719112269],[14.410096325006943,42.35809767484332],[14.410547780618371,42.34756460639175],[14.427196258998833,42.32475507813898],[14.502396189425633,42.271898323867525],[14.501239216721695,42.260815024029434],[14.508452160872798,42.2522786111045],[14.607041857374,42.204623880007105],[14.717097080242265,42.170197202218915],[14.722795677850923,42.12569958226583],[14.718232973846144,42.10732456346081],[14.751505184940353,42.08071061551365],[14.878569931702094,42.02777946959205],[14.993498121873923,42.00479674645877],[15.004295146047937,41.99109429280656],[15.033454669477786,41.97716291798988],[15.076965745937452,41.94398373615236],[15.16799267987855,41.92221599140882],[15.335928490245653,41.916705067620384],[15.363304106685693,41.903219601398646],[15.41919950087557,41.90079927174547],[15.62300029701728,41.927395767244164],[15.686753077302871,41.914399012404495],[15.777128232027357,41.91860261531845],[15.933135130623471,41.93449195689671],[16.012100685906596,41.95039647813263],[16.083599583581286,41.941196990763],[16.118241856061772,41.91646153436687],[16.15319669029188,41.90849731682355],[16.16161533189681,41.89073973739952],[16.17649657847031,41.88479774813938],[16.176844190016713,41.85484935091013],[16.199594921925435,41.82659987271994],[16.18669739202494,41.77220337696609],[16.168026020666563,41.76643574065755],[16.16319697058339,41.75460267059313],[16.140097957843196,41.7409036281814],[16.10543145584246,41.72992024296174],[16.08999798325907,41.71520358150938],[16.074117348480364,41.71093140299004],[16.065296884970678,41.69570288940415],[16.03489852158453,41.67720378997149],[15.943634827609369,41.64244599343777],[15.903848895172523,41.61862060329757],[15.897519303937747,41.60507298358637],[15.8941213227612,41.575501160605405],[15.904693509137186,41.53221573199437],[15.933304234402044,41.484226657726325],[15.962203102661636,41.45797682984225],[16.00551263825534,41.433355061421445],[16.20699871383203,41.359395831154],[16.266703041167307,41.32690879198213],[16.35909849489548,41.30469613509176],[16.421598101055853,41.280196768680874],[16.45320709134579,41.25981731202213],[16.481698255219804,41.25659624516925],[16.50731213056653,41.24322068975391],[16.531997908160918,41.23869714358512],[16.58215610064877,41.20822027315882],[16.779398625061518,41.15959718543508],[16.80939034121249,41.140462356898354],[16.83999957785438,41.13879646432508],[16.852556112881494,41.12957170309808],[16.87089790925242,41.1356928268216],[16.873551530815817,41.125646050891795],[16.890594657915823,41.11875133552105],[17.057098560339448,41.07699660378149],[17.142055895302022,41.03702911246292],[17.17549839247179,41.029096162922436],[17.202994959398044,41.003264449383295],[17.23699858128777,40.99309726178817],[17.263053017104674,40.97478435393334],[17.2832363999201,40.968635394827075],[17.326957086980922,40.93624213100564],[17.350639093967008,40.90557134407993],[17.389298032830805,40.89229634382292],[17.494041279134006,40.82272646574242],[17.559129468886617,40.79823115339237],[17.707038681123823,40.75812152251945],[17.74754840856406,40.73313740933677],[17.84359736775797,40.69016540660977],[17.94189767670286,40.68199586707761],[17.95222120020165,40.664743689463954],[17.967885305997907,40.659704099280496],[17.960898922789017,40.6591536822205],[17.955042300091282,40.64636833564724],[17.998699156129632,40.648995698331284],[18.01469633234751,40.6365985340915],[18.018397068299386,40.621707337791754],[18.045295742771483,40.597198783310084],[18.035451755380667,40.568192340486156],[18.054691490782893,40.548863828670584],[18.074697554489596,40.539496906389026],[18.079384538528927,40.527253907465685],[18.126041621694547,40.4941246756386],[18.202898667424115,40.46709617588042],[18.234359542599314,40.448355745365376],[18.279054891054376,40.40723092003741],[18.305496431883427,40.391897834610205],[18.316916696551353,40.372178289228316],[18.362527682302048,40.341560197413386],[18.38610904740852,40.31451063354365],[18.42289813574941,40.29419715085579],[18.431396179969504,40.28429896240339],[18.430123725386004,40.27319660163203],[18.440497242975994,40.26949644218744],[18.461296242062506,40.23239814090016],[18.46449567885618,40.22210050022525],[18.45859226359774,40.20396533059433],[18.463171913821178,40.19379041925195],[18.478895916830403,40.178100027965606],[18.48943697007221,40.14705073533035],[18.50319892025779,40.147096007440105],[18.513439689793906,40.13813517333662],[18.516394951194254,40.13330194481266],[18.50717312906704,40.124157843233455],[18.520395878776807,40.107199766731156],[18.48403404865369,40.07732956708677],[18.47509708852914,40.04420233611272],[18.436773059491838,40.025024421728766],[18.4316972902805,40.00050363259276],[18.416522410003523,39.99368597566033],[18.391018262321364,39.90694311819165],[18.399096732798945,39.88899974147194],[18.38548978082861,39.841136595326304],[18.389296513785077,39.81560180268362],[18.36889908801941,39.79380468742745],[18.360985045619174,39.79767027964792],[18.346299645162677,39.79150379807795],[18.273155524564608,39.8330814918118],[18.204701203358272,39.8386034446251],[18.151301259542176,39.86120294420161],[18.04740297608737,39.928802611558325],[17.99488269338592,39.99527211089199],[17.993704721892172,40.000194632807634],[18.00639797004035,39.99597040602264],[18.017473111263396,40.00676906985849],[18.0189251086885,40.02760875406905],[18.004303445995237,40.04737813604908],[17.982409086206903,40.05480082502488],[18.00568290829821,40.07330947999183],[18.010577096067635,40.10705066675705],[17.98746467090354,40.13998351767918],[17.96390263572317,40.14760285322561],[17.95852379645767,40.15876580151707],[17.929935031794734,40.17928216567137],[17.9198041538836,40.19210200025584],[17.924047264361636,40.21833031302775],[17.9062045793885,40.2383039806667],[17.90842111869834,40.250443464038604],[17.864399574118423,40.281833143288424],[17.855130107765195,40.28553278718585],[17.839399012363447,40.28060364036485],[17.815986215709476,40.28966969941926],[17.678601099411562,40.30479489865355],[17.510600574477767,40.29460323390187],[17.494894635108974,40.30973670305727],[17.45800183834835,40.3169028496992],[17.44282090653075,40.329832474717435],[17.386059525540198,40.33728174063184],[17.377943920488253,40.34712745141603],[17.31137346433998,40.366174337799045],[17.256416270590414,40.39543588403268],[17.222505976123625,40.40856999211997],[17.203402641851024,40.408203459501145],[17.208901788256007,40.421097151828874],[17.230074095608895,40.42404101104783],[17.254571027132982,40.441773000248034],[17.247037524913196,40.46172848667423],[17.220218815359413,40.479085337212865],[17.185033793827767,40.47973410620994],[17.162635731456398,40.504710808159906],[17.147004810202535,40.49510717996646],[17.146330409283106,40.50940588352353],[17.126837700357047,40.517653204842674],[17.071762720093922,40.518218080010435],[17.01964127538409,40.504742659625784],[16.9583912789643,40.47535009729203],[16.909453347472542,40.44166291722176],[16.786493717430893,40.30288432004502],[16.74951345949218,40.24579339186605],[16.737296809005464,40.21060139020809],[16.691697361192883,40.151702066488504],[16.64247659862336,40.11768054542692],[16.60894905416644,40.084663356534136],[16.59904511535538,40.037700383478914],[16.613715939005164,39.98590602708665],[16.62959577801141,39.96450046555517],[16.604697594730535,39.931002099107495],[16.554844047000866,39.88834067633826],[16.50851164938662,39.83433787872971],[16.491210760782398,39.80469657484451],[16.48746060175667,39.76705759297333],[16.49971273836442,39.7415124542632],[16.52949627486408,39.724498198814864],[16.52559627002602,39.67990066401015],[16.518745109354178,39.668040462236256],[16.522141803377426,39.66183711372321],[16.529300191678,39.666495273297244],[16.563353017106973,39.64273311835059],[16.630068855747265,39.62034302685224],[16.734956881973197,39.616427720604605],[16.755900277155625,39.62449573601848],[16.770398100079888,39.620795077789325],[16.817696995739716,39.588097745243196],[16.833364075037487,39.56153792385902],[16.86687095899875,39.538597056345196],[16.96092473083691,39.495464839459174],[17.023841579547494,39.48252756920231],[17.046815056763073,39.44401541675693],[17.080806142470017,39.421985144354274],[17.120905414518397,39.40511897542638],[17.156695208800954,39.40009867323768],[17.135076174581982,39.37264724212969],[17.10928819597423,39.30746542842645],[17.10554447784188,39.25583766191934],[17.148296167664956,39.20599914901015],[17.114445008317624,39.137208549471914],[17.108142274166013,39.10715040396159],[17.11803870842179,39.08814659306288],[17.134994945434755,39.08329758787667],[17.13177020054429,39.066173328358715],[17.146526589117446,39.046698364237756],[17.173392157882958,39.03312055355814],[17.20659564966406,39.02849585512059],[17.205097043005054,39.020604108744934],[17.188392755328323,39.02011878827412],[17.163918858580768,38.99422527697986],[17.161344081411656,38.96792798991673],[17.170048310915277,38.95674350262833],[17.100160013265672,38.903674934605085],[17.09359927783168,38.892605225563145],[17.091700047157836,38.90667970779163],[17.061786136854383,38.91785745443329],[17.033873811577678,38.91710916905057],[17.02150033714492,38.905903559295865],[16.982563012935987,38.93780050686591],[16.89067294521711,38.92801169439195],[16.770400215071867,38.89323771534963],[16.637662926590373,38.8267298813418],[16.624699449216294,38.82550358163286],[16.603475091355882,38.809450818589184],[16.57173759456869,38.77287395173265],[16.56789668934376,38.75380267722236],[16.537378641667015,38.71941159768563],[16.535081143799097,38.707256350322254],[16.546025882925978,38.6928272455331],[16.55479740981191,38.69089697380358],[16.558696036210403,38.67949970261371],[16.556412840982375,38.655000903622714],[16.56740990424915,38.60501619481487],[16.5826957203273,38.45667221947676],[16.57069567377297,38.42670286367716],[16.473340142595013,38.344067145935604],[16.336775190735544,38.30090748076237],[16.288532102357472,38.2596667311994],[16.166343163229342,38.13707886533809],[16.14419651069174,38.031300912006834],[16.106657163340188,37.96758544415059],[16.06449837606332,37.92560332924816],[15.998099673987907,37.915803219799166],[15.920200123101525,37.92967766351528],[15.777921047143572,37.91590115259645],[15.732700969205437,37.92540369976006],[15.696708382164205,37.948985503185376],[15.677601837642513,37.95440247502026],[15.635803491563339,38.00870139606816],[15.633503928686174,38.018498112259664],[15.653586808614218,38.03063756262588],[15.656692758914769,38.038915873394004],[15.647803725329169,38.054000165753706],[15.649793526610624,38.067542816066336],[15.634702732934091,38.07580221535778],[15.630303285279695,38.092300396114766],[15.630503213649796,38.10199828049459],[15.647887752061843,38.11428713407721],[15.655141510922176,38.133706335715466],[15.654790680811821,38.15309250269682],[15.634003471620378,38.18590149131292],[15.63330329830673,38.2232994767204],[15.63650243607296,38.232197144549986],[15.691901285560476,38.25109601203234],[15.73711005834028,38.253395017878475],[15.794582914210812,38.28055437461937],[15.816480779588169,38.300412612980026],[15.829286814196852,38.32447382220339],[15.833003683297855,38.355999013056596],[15.858255791564249,38.38033173198831],[15.865235108584024,38.402062139086766],[15.898382859532422,38.45167228219613],[15.930552036882242,38.54612538254087],[15.826704312067667,38.62300103657903],[15.836203006604238,38.64499814461904],[15.871101151736468,38.67229703835901],[15.947835109370708,38.69113653295342],[15.981801287038891,38.72149715747416],[16.04192872640329,38.72770068532304],[16.1037730516945,38.71193541632765],[16.13441378612296,38.71766669887782],[16.188292379357094,38.756004660218466],[16.213229437878418,38.810318890554605],[16.22080218882373,38.84902695177623],[16.21532593671814,38.92561659223588],[16.15355094423738,38.95415395424698],[16.131785152444518,38.998097552678885],[16.101856674194536,39.02513635051998],[16.09503434173242,39.04181566074538],[16.066802841483252,39.13350074331097],[16.051031069860233,39.29761491505762],[16.036720123606887,39.348153367521135],[15.997974676966221,39.436234430497755],[15.986562262472138,39.4547395948523],[15.95870238700192,39.478402178169475],[15.925590161430055,39.526014830010645],[15.88180239831596,39.543803086824305],[15.87404024062248,39.55384789355294],[15.8320466585956,39.66725615952919],[15.817403322001477,39.677402863440975],[15.78545047260244,39.81670000024122],[15.769104829981021,39.83560166998215],[15.789156024184793,39.8502774900453],[15.79175267493692,39.85961133448975],[15.778899174772445,39.89370775274219],[15.75185657296189,39.9312068682545],[15.735003952780563,39.942400892670264],[15.731642355576367,39.96443689577848],[15.68110273171284,40.006102742481275],[15.674164084062813,40.02974068191571],[15.664399074971996,40.03935368637097],[15.647501880048388,40.039303374071274],[15.626903296503402,40.05620169216108],[15.631013504670053,40.067611859435125],[15.625761805351944,40.07312161220178],[15.617499387628019,40.06870354226038],[15.575299663189707,40.07798063152991],[15.521504230888791,40.07158632451227],[15.503774573855035,40.06402573712114],[15.484398155449531,40.03840365116382],[15.45989562471236,40.033484781766916],[15.418499418118705,39.99060371181316],[15.380750642856514,40.00074797029831],[15.356900544655584,39.99900336531879],[15.342102236428088,40.005203601005014],[15.31495603242921,40.03166076189728],[15.291698766217353,40.023504092620605],[15.26740373076081,40.025101872704575],[15.26790312950303,40.031396368155725],[15.28499519636086,40.03595136923021],[15.270983415127521,40.07451658487248],[15.208974266509886,40.12105901829177],[15.178902126016451,40.12730381364489],[15.132667208178562,40.1709431047325],[15.117358070188532,40.17718765519593],[15.085429258466663,40.1734900776887],[15.065900264282723,40.164303595770456],[15.043800450432906,40.16950413367189],[14.991019202989355,40.2187570704335],[14.968702153937963,40.221903419045915],[14.94909291832215,40.233593684283456],[14.935298841075785,40.22850445828964],[14.909002818931912,40.24330194390129],[14.906504029991652,40.253898251373435],[14.942975838897341,40.27574191151698],[14.946875446065555,40.29558441640731],[14.939404028996842,40.31930043932043],[14.945602662713787,40.33679673056583],[14.993885127633282,40.354181991419004],[14.999288787542968,40.361427336559885],[14.998990523514381,40.38969736861808],[14.98010879202392,40.429437420017294],[14.939402303901959,40.48630156617206],[14.893428139302916,40.56659133696078],[14.85839666747416,40.60789744310726],[14.788994571916112,40.665390386929744],[14.7477961364448,40.676736970399844],[14.74189845506156,40.66950351424768],[14.719122390309561,40.66663321371886],[14.691598035880125,40.634303895324834],[14.624909054510525,40.64785068231307],[14.576998123110766,40.618203320156866],[14.529499356947284,40.607303858476946],[14.495658971225147,40.62676419151478],[14.481294032516477,40.62610470277501],[14.419888881753772,40.61046736738354],[14.406898721121818,40.599302489490576],[14.324502332533852,40.56900493899944],[14.320504154798682,40.587798260368885],[14.340984802141831,40.61884513865048],[14.338505069132646,40.62609725434289],[14.351801142598829,40.63449553055693],[14.36547134740429,40.62787430094145],[14.399421932670462,40.63800437274081],[14.407637876551899,40.65018670768318],[14.403605383412469,40.656299338208115],[14.4292212185325,40.665476932584845],[14.448002493603951,40.68739510059446],[14.481033187588034,40.69966872561678],[14.470547335920598,40.7287053281588],[14.455569446050243,40.74817961761202],[14.446551139360858,40.75471281475435],[14.413476129654796,40.75229433746369],[14.395602032552876,40.759403117915966],[14.316150462776486,40.82521736726204],[14.273756497068412,40.844639996346885],[14.225525261285844,40.83036797421545],[14.20584880282236,40.808426288100826],[14.206695936614778,40.80020215715307],[14.187200221958326,40.7922039701725],[14.166630873789956,40.81050561541081],[14.159141604570944,40.808122645785474],[14.163324066770262,40.81242661267356],[14.158955086027706,40.816936511090944],[14.120702434577098,40.820503696414505],[14.107026528554158,40.831665561119245],[14.0898609423265,40.8306882038471],[14.072516043132488,40.820183215424294],[14.081896846330231,40.811897667068166],[14.090393004520127,40.78350554526936],[14.041603673325605,40.791102618351445],[14.0475,40.824639121995126],[14.044833102643818,40.86465724727867],[14.020918548869457,40.92072239683401],[13.978316465307865,40.97636258643653],[13.922502741658223,41.026502194827096],[13.890488298098475,41.095991788500896],[13.826711445537086,41.17236844399006],[13.762204685279396,41.222601059029735],[13.773702164716546,41.242596471353274],[13.816775632124632,41.24384704533055],[13.833509109768578,41.252394894956346],[13.838790008605555,41.26280037879986],[13.828502864542456,41.28109745422331],[13.850973475766807,41.28961216796138],[13.881835631422035,41.29115938480259],[13.889850310854781,41.29793083005535],[13.894122349244922,41.311030122637575],[13.87373444450081,41.33823251689637],[13.87090296719306,41.35710025729394],[13.873702889787765,41.37479891212856],[13.883975777944093,41.38571692118597],[13.861203797771948,41.41649868608095],[13.875201088811806,41.42649698374876],[13.90477989822839,41.426556426955464],[13.9608013296407,41.463496538578156],[13.97784357904879,41.463084491057685],[13.991266013063893,41.481600097506906],[13.975645081785496,41.497058170045804],[14.020711786587338,41.52428279710187],[14.005905570272756,41.539397566052806],[14.020457466960405,41.54279585725703],[14.02566997036066,41.55575083890316],[14.004501723870534,41.56640303131472],[13.997726348270952,41.57923412932263],[14.00995909834961,41.5925397517667],[14.010913750055288,41.60687992117898],[13.996502878173054,41.624201712149635],[13.987496696220216,41.65459914591664],[13.967146442104832,41.67416738649333],[13.931503285340522,41.694302835451566],[13.919465436530215,41.71719183223733],[13.904502105254952,41.71820359734115],[13.892967558830014,41.73453002730454],[13.880599180319956,41.72820367154401],[13.856401445889917,41.73120365516115],[13.827601315632176,41.73920356068601],[13.81064811256368,41.75365347571434],[13.79019953248091,41.743004359030174],[13.766101340042834,41.748603420160705],[13.749403317848037,41.76060241368835],[13.748153858552616,41.77401657506011],[13.730303087267806,41.78830186330333],[13.727625953497906,41.798580105699216],[13.707298864485589,41.78760368085669],[13.662981213781787,41.811078158461555],[13.647890253630989,41.810788214009946],[13.639455244110888,41.803593714105325],[13.64209649953207,41.791301369819124],[13.631357104866298,41.7826460011423],[13.58622647663871,41.766405586155095],[13.571900896311345,41.75430391325927],[13.520403856989516,41.77290239542476],[13.520974602778528,41.780027244461074],[13.504352569210749,41.80128392614639],[13.47040078719947,41.80630288307356],[13.45133183694234,41.822890381706],[13.41949199827431,41.8335968715105],[13.39750333999056,41.83435451445542],[13.391496875545702,41.819802526252225],[13.379501706273132,41.81750342032969],[13.36680425525972,41.833001067071],[13.366916886487221,41.86177691429119],[13.359904717530926,41.86940061432597],[13.383557847263113,41.90414531398564],[13.364074143145487,41.924379084280105],[13.350199424619467,41.92100423511765],[13.33766700399572,41.925873942890554],[13.310519308410308,41.95152186290125],[13.286001682008237,41.95040401667141],[13.266243742115151,41.96641485105627],[13.242701613617278,41.971504186610304],[13.230811788033638,41.9819375339781],[13.19890078537434,41.986503396517634],[13.108003219882656,42.02494534636668],[13.097011523127517,42.02306437726949],[13.101294613799954,42.009703092241224],[13.064731806389252,42.01253203033232],[13.026503580083569,42.05010208191545],[13.0184038524869,42.0749006424979]]],[[[17.151003826460308,40.446002836554705],[17.16059909802426,40.45319571535542],[17.16699326369369,40.44810118417432],[17.15719972764741,40.44480407032917],[17.151003826460308,40.446002836554705]]],[[[15.770073188845085,39.87140393488414],[15.771301981898095,39.87519562054833],[15.77928629729501,39.87190233470162],[15.770073188845085,39.87140393488414]]],[[[12.425504993557354,37.80309934951062],[12.441299758852326,37.81339572649772],[12.457498677677936,37.8138731741139],[12.468029942213745,37.82782380424158],[12.466903801368712,37.84039956457184],[12.485292264402032,37.874234583499394],[12.46670268331706,37.891802083419655],[12.459203957161762,37.908399222403396],[12.497956278604414,37.964842650172265],[12.495402765078405,37.984998258085284],[12.518957548316944,38.010283223237735],[12.510208196782179,38.01740013750684],[12.569401225367658,38.06889709648352],[12.601887740505678,38.06474739050625],[12.644819640409173,38.07784321997201],[12.661832311178163,38.09354853763898],[12.656903572194912,38.10729894795509],[12.662401602965405,38.112596944227384],[12.672299765026763,38.11459681964855],[12.688715616249265,38.10587619649416],[12.71142248105169,38.1099558189793],[12.737344111227813,38.139968643013795],[12.715903257540269,38.17290071646303],[12.726801628675618,38.1878960455319],[12.73469488362435,38.18849612714482],[12.732517726094937,38.18058135884916],[12.73849116378877,38.176231815017104],[12.769896940699903,38.17719802283853],[12.7675463755962,38.15651099343802],[12.779598002437988,38.15099631605938],[12.790896317279026,38.1350991456782],[12.790266803926983,38.11177048310129],[12.826644508761458,38.066720987348475],[12.868597450048144,38.051296123240526],[12.8794576321737,38.0287987711203],[12.907779834974141,38.02509269266735],[12.99705465452397,38.04764721283706],[13.07652667008677,38.087292255900515],[13.06853038513588,38.12006243468296],[13.05280514657674,38.139197838330624],[13.06688678792496,38.14286896532265],[13.082188518842761,38.156993727222996],[13.080803933310056,38.17399857093935],[13.105600971023785,38.19089653196478],[13.122099473315355,38.191396690861424],[13.138331707051883,38.18368957278736],[13.15599885230533,38.1867963300371],[13.163340458220897,38.172214627192474],[13.194596443586185,38.169922087508745],[13.236887926567912,38.186126894169554],[13.247901859828982,38.19889685367764],[13.27358897673893,38.19871765399502],[13.296301967303355,38.21739684007514],[13.31809850343568,38.22399576861487],[13.332731641553652,38.19744730939227],[13.359398028811691,38.19009623761915],[13.365497226054243,38.18249858286956],[13.374996034496668,38.15400032397937],[13.363227290111379,38.13209717046763],[13.384580451532976,38.1085973127108],[13.442973271273884,38.094916662882554],[13.491993380728175,38.10297911029789],[13.504663951628642,38.10840845339116],[13.50850205229613,38.11959475939863],[13.532800240612673,38.11129365609066],[13.540696458943101,38.09199954019874],[13.54034649617597,38.058895806015194],[13.567798655254142,38.03800057800731],[13.65234509883143,37.99777167433324],[13.703797200224662,37.990796243542725],[13.710507664647812,37.977630833122454],[13.74560607110458,37.97014345052951],[13.834558483151334,37.98273642669381],[13.945801543747566,38.028195615102916],[14.005601813141174,38.03234867122523],[14.031297657188816,38.040496000236566],[14.062867257700647,38.019117240127144],[14.107062429306435,38.01476345356277],[14.145800797257428,38.02599616087748],[14.228078650690193,38.010242035122175],[14.270099893307707,38.012695742737236],[14.28594666202472,38.00731163110691],[14.309232990407368,38.007884798799395],[14.338500857597698,38.018796131156066],[14.373123597541333,38.01595080309489],[14.424001083069497,38.04009656664453],[14.458033812630637,38.032906319260285],[14.52100112827166,38.041468433058995],[14.553001211672017,38.058197165687474],[14.59089663466106,38.06052090875707],[14.641160519152836,38.07588130079749],[14.689382573776143,38.10910246565013],[14.746701585624875,38.164797036279],[14.761856529206705,38.15622980355337],[14.790950251900975,38.15214404030416],[14.890342652144643,38.17230176198932],[14.916299977667537,38.19219612835567],[14.968018629400271,38.153327446769204],[15.04633205059764,38.15131534341344],[15.057326538923506,38.131153410027956],[15.086852786507867,38.120315398763644],[15.10180860988506,38.12253653133271],[15.170415118098374,38.15161078373352],[15.209286207430267,38.18351301486799],[15.23898634577502,38.23630441343987],[15.237503320416952,38.26969149252971],[15.252895829976163,38.24669992703706],[15.241332552389864,38.21958288261954],[15.244372938771754,38.214132473473896],[15.292535530371984,38.206409203778485],[15.353789650255653,38.217753339134404],[15.426548833841581,38.241548650784765],[15.517401989683835,38.29619631374951],[15.540234102949274,38.3012878610696],[15.609146839944977,38.274379291639875],[15.64919709688012,38.270796881631085],[15.65059570966708,38.26480274355549],[15.584496130610825,38.24685687476414],[15.573343787897064,38.234971128595795],[15.557834696829696,38.19158914068583],[15.564731785490952,38.19182802655315],[15.56222584388934,38.19903603897186],[15.576294265578152,38.19509954606633],[15.529955590080855,38.14103151241385],[15.493696673044946,38.07490260881793],[15.349619032232194,37.923597045606044],[15.343496786092434,37.909802846106665],[15.304500275656194,37.87577661880835],[15.297697539201932,37.85060277503277],[15.285916825945025,37.84743233124627],[15.270643531750157,37.83209288326298],[15.265597215487597,37.81510219954594],[15.211710754083118,37.75349288254837],[15.205116558787086,37.73677835313554],[15.218296200321204,37.70840068484998],[15.19939414885402,37.67704414178276],[15.199195696158624,37.65420052404885],[15.174450349082173,37.63186630751919],[15.17719652513267,37.576602568966386],[15.149280141497965,37.556295307927904],[15.142896930469075,37.54350324925399],[15.117440226833791,37.53176050343144],[15.116996200017356,37.52300157535196],[15.090790748422938,37.49846595147808],[15.085539886040525,37.4797396011258],[15.097840744691464,37.32111872787166],[15.105522919531486,37.31074954526205],[15.13929833657437,37.30679663066827],[15.16059893825257,37.28998379585197],[15.17139993324571,37.29329651028632],[15.188466177996196,37.280654667547864],[15.200001899080382,37.2932959987082],[15.208997655901172,37.29109706208492],[15.223406170303592,37.27123431241614],[15.241096991276503,37.260497758944254],[15.253896180423357,37.233702894783875],[15.245600746932457,37.23220408584464],[15.227787309943452,37.242269779198104],[15.224498793824882,37.216204354674886],[15.215976238767192,37.24519838572927],[15.207267148574063,37.24542482237624],[15.190535427383862,37.233958479693456],[15.19499545947606,37.22619979737278],[15.183066395163923,37.21357325273205],[15.186861003275602,37.19125541294096],[15.201296001855345,37.17819889567849],[15.204970986680012,37.1548333770522],[15.218975931860614,37.14992932416275],[15.226803403197803,37.158896273386716],[15.235598235185787,37.15809688077902],[15.244555652425003,37.1458606083525],[15.228806960955314,37.15224684145879],[15.220611727434303,37.14446945126453],[15.22093270238891,37.129574428453424],[15.236989021045966,37.115978410069694],[15.26361725612795,37.10618084775036],[15.29569733499095,37.106797000553435],[15.301396164338287,37.08020222885472],[15.292861655078221,37.069597991990776],[15.298695476773768,37.06099983672293],[15.294200653388037,37.054007236136144],[15.290208456236652,37.06205213617792],[15.27710197255382,37.064106817352474],[15.271349964274057,37.05689921402924],[15.275531482360162,37.03983961123436],[15.288204988048156,37.03279432186899],[15.303399549580702,37.04299572438609],[15.314929052414259,37.03713608540999],[15.336796255688757,37.00759971359896],[15.333998052625715,37.00170344888614],[15.315001609764044,37.00360339699293],[15.300133363088767,37.01497362662681],[15.26886681350176,37.00313523555127],[15.259096829868746,36.9733029461131],[15.210149012241214,36.96409487506207],[15.168198074471755,36.92190309320429],[15.153341334016917,36.914452458654395],[15.135897776119757,36.86620310928683],[15.126495883945449,36.86526257737452],[15.11067279123857,36.84808636460544],[15.105164797648673,36.83394960512368],[15.109796099548936,36.81690011344044],[15.09551858132567,36.799523168605546],[15.094362634425988,36.78210393517226],[15.103206729306608,36.75750059893526],[15.119494168842483,36.744796356852056],[15.123458032337465,36.70238111146851],[15.141152784183285,36.68435935282463],[15.151892346036009,36.685700164525315],[15.13989545304103,36.68254486806791],[15.132599002881186,36.66760446357227],[15.113315156781972,36.67318543720708],[15.08170032350291,36.64910459624743],[15.056602477746862,36.66180326434182],[15.042153698490713,36.68897171588576],[15.013253862083753,36.702832565492216],[14.956601485062462,36.69400404610157],[14.910295135619213,36.72428869659768],[14.876799868492919,36.731090000691516],[14.850207124356652,36.72763249352483],[14.827098891766967,36.71500385859734],[14.8112699103845,36.71555674620929],[14.783200613831044,36.703603845028404],[14.743392334023016,36.72065516739809],[14.689873681654818,36.721175658739035],[14.671008535477219,36.742354005270045],[14.638673842909748,36.761204377272975],[14.58732728646676,36.77723301096574],[14.493401377571873,36.78650359820799],[14.45750428908009,36.81940210402521],[14.444146171460744,36.86996986393166],[14.38284344709125,36.956262804989116],[14.296444226340157,37.03679782587735],[14.244744730845307,37.06484926697199],[14.15693313462067,37.09506044551125],[14.069545874667119,37.11046710127694],[13.97574331576299,37.10862349002589],[13.945925026348096,37.09749143158264],[13.895200551423928,37.09730267376887],[13.859303161856475,37.11220283737114],[13.844694651193374,37.1328833832972],[13.82408153397304,37.14444680868701],[13.751401679302406,37.14920398896257],[13.726498682927277,37.17016849508236],[13.663402521778584,37.193503437002576],[13.639330231546966,37.22909790786433],[13.557748861258993,37.284434505383615],[13.53769900357873,37.2822041049183],[13.511482690275164,37.29138974394852],[13.482300364274085,37.288103142302646],[13.45300068185955,37.29450361419886],[13.42630251979178,37.3068024127963],[13.401894022915021,37.33282488918348],[13.352576346068219,37.35825597054887],[13.32310194586676,37.363303210538895],[13.29746362860881,37.38734066439995],[13.271702222018627,37.39180350382676],[13.253887193987437,37.42458716840103],[13.217187507116767,37.45918564327637],[13.19590204808928,37.46530287668294],[13.187651938913648,37.479143599858546],[13.168409923050485,37.49213093492011],[13.144726006304555,37.49718708885923],[13.130499580446822,37.49250405735493],[13.078174275401832,37.505781675411804],[13.020000883698874,37.49560359946316],[12.993175105567765,37.53625249823019],[12.964088408408463,37.561586311075665],[12.91801968053726,37.576940612706515],[12.781228696400616,37.58080467214656],[12.672801297381143,37.56000401226134],[12.650102340836863,37.57580364570637],[12.606509494376514,37.641085756652565],[12.554861560996777,37.66326488757973],[12.518003306254284,37.66070289100389],[12.47175430151258,37.70325052528854],[12.470034617899742,37.74697103683282],[12.443651225632841,37.78784885673023],[12.425504993557354,37.80309934951062]]],[[[15.5015064599858,42.1198005960842],[15.509523460830797,42.12610564443569],[15.51100161176082,42.13909614027287],[15.517692917513868,42.137797924140706],[15.512077181988415,42.13122210837951],[15.517193876911664,42.12570048776184],[15.5015064599858,42.1198005960842]]],[[[15.476303958982204,42.11159841065971],[15.484090073090616,42.117410908030685],[15.491399122558665,42.1254939879222],[15.496196161829232,42.115400478399955],[15.490897270371374,42.109003098789465],[15.482699535471669,42.10380407832725],[15.476303958982204,42.11159841065971]]],[[[15.188503802399126,38.787801176447914],[15.189703269990115,38.79599695810727],[15.212801883777653,38.81009680556993],[15.242295903023269,38.805097802250174],[15.226797394080727,38.7772023933144],[15.214999934380877,38.771503734076994],[15.188503802399126,38.787801176447914]]],[[[15.054604329450084,38.62920097235676],[15.06220177549175,38.64349779379124],[15.076896896612386,38.64399775987286],[15.073197946467815,38.62900277307235],[15.058401202329097,38.62500409328671],[15.054604329450084,38.62920097235676]]],[[[14.938903932865507,38.40949788028258],[14.95303613302059,38.417657469934845],[14.953703275505116,38.42839821640484],[14.959999889352474,38.432295914491164],[14.968894667769131,38.42609956964769],[14.964006191024575,38.41266233901247],[14.997197058534498,38.39629803493919],[15.006096017183932,38.37560010865294],[14.992299374977001,38.36670342350582],[14.9765014145301,38.36910257451872],[14.949103376024794,38.385203103154325],[14.938903932865507,38.40949788028258]]],[[[14.898303769313074,38.48999888551123],[14.91250215719749,38.518396678734376],[14.960498915910163,38.5233962411787],[14.963417382215747,38.4901449491332],[14.976997746500015,38.48599647564366],[14.979395660557616,38.47910253150742],[14.956678451251957,38.47608625827319],[14.962495994905087,38.45159954874118],[14.953099671415984,38.43930373552673],[14.943103335321082,38.44340267371881],[14.932140628885996,38.461040127808054],[14.912502483802449,38.46520359746007],[14.899502947829369,38.479101408173506],[14.898303769313074,38.48999888551123]]],[[[14.796604434093046,38.56080112938776],[14.806801895841081,38.582896553636715],[14.8666982403094,38.5830961149868],[14.873696386139867,38.5612006877429],[14.868563750084636,38.55191908044207],[14.870996016903003,38.536602845287476],[14.856426304151395,38.53422782394284],[14.796604434093046,38.56080112938776]]],[[[14.539404203218124,38.57759951749498],[14.545401542780146,38.58529671521827],[14.57559815703863,38.58129714553225],[14.587093442718263,38.558599916050554],[14.555801292587914,38.557703608788245],[14.539404203218124,38.57759951749498]]],[[[14.339204456885607,38.5427001783694],[14.349001266163736,38.553996147303536],[14.366495938022082,38.54959870552719],[14.359297738269051,38.531603701570944],[14.341302724573303,38.53470242660403],[14.339204456885607,38.5427001783694]]],[[[14.197902930723972,40.536703750329636],[14.200601246611786,40.561096626468014],[14.240938771390333,40.55574643753978],[14.260299727907165,40.56129555203736],[14.266295001046444,40.556599257557984],[14.252499824297661,40.541704372996456],[14.243623066352388,40.546520102692675],[14.197902930723972,40.536703750329636]]],[[[14.002004598466247,40.747500403901036],[14.010003371015184,40.768597046464976],[14.017197952612479,40.7697962974625],[14.021996047208068,40.758300726519984],[14.012797578517288,40.74860354573233],[14.002004598466247,40.747500403901036]]],[[[13.851305605936865,40.71049980869174],[13.861010610011643,40.71826745159149],[13.858603403292152,40.73799798421079],[13.867971925884094,40.750714978576625],[13.861906419418812,40.757399064808986],[13.871199440620195,40.76159570060795],[13.95509750183153,40.74039757004919],[13.965295365586584,40.7127024711331],[13.923499230597505,40.69740375877774],[13.905065591548135,40.7017231633614],[13.87370021981258,40.696903863076635],[13.851305605936865,40.71049980869174]]],[[[13.152804264360304,38.69370217683153],[13.159302651063886,38.71189767303397],[13.172001537946073,38.7183959882112],[13.198396978561776,38.71319714213037],[13.185998007414815,38.696303320075316],[13.152804264360304,38.69370217683153]]],[[[12.848504314114756,35.8683004870513],[12.860300309972265,35.87549667266493],[12.877298603710761,35.8747963868938],[12.883396561984169,35.85990028486613],[12.880797994811795,35.854603914330156],[12.859501091536076,35.8551038868943],[12.848504314114756,35.8683004870513]]],[[[12.517804426024558,35.52159869323171],[12.531300334679711,35.52919722490612],[12.622736808632446,35.522013964943106],[12.631794559308592,35.51829859770588],[12.626161234423805,35.510204084353234],[12.632596389992754,35.49370361544605],[12.60790243720951,35.495303137812336],[12.603637444845395,35.50106045843352],[12.599198123853197,35.49560417584522],[12.568027826786683,35.511445225224826],[12.517804426024558,35.52159869323171]]],[[[12.428804890461818,37.8923000525508],[12.449893340187689,37.89619847169198],[12.450796988696542,37.848303636091224],[12.44440255944366,37.848103424185005],[12.436178431084322,37.88351055358374],[12.428804890461818,37.8923000525508]]],[[[12.274503814147103,37.936000034591096],[12.278002790738281,37.94469690223124],[12.28938031982422,37.94236606157857],[12.308497853998341,37.952296240734626],[12.322113367160654,37.93138812167031],[12.34909740500336,37.93459654922227],[12.370596609762435,37.91840003924059],[12.365697711959896,37.906203749477804],[12.350701288026865,37.907603038880566],[12.336530139031074,37.919830893199396],[12.286501081717164,37.915904028160945],[12.274503814147103,37.936000034591096]]],[[[12.320003687945498,38.00100023636807],[12.335397472736148,38.020496371284565],[12.353095983437814,37.99279906225202],[12.32986814175751,37.98708560385405],[12.320003687945498,38.00100023636807]]],[[[12.033604510112076,37.988698935306964],[12.063896802413117,37.99009675430529],[12.065124954563423,37.977104793345525],[12.091993057960359,37.948600321219864],[12.084299840780265,37.94490420610408],[12.044403565996395,37.958501790074195],[12.033604510112076,37.988698935306964]]],[[[11.926603633275276,36.80230160692301],[11.927103192198869,36.81979898349053],[11.93510206669521,36.83179759829535],[11.954426391916632,36.83937671581036],[11.999608776925479,36.82015099281987],[12.01339876093876,36.82509665608186],[12.048897581283503,36.799797291133196],[12.054497172831926,36.76140080280068],[12.0489968781225,36.75010269626944],[12.0281986199209,36.735903916960744],[11.992801685255088,36.737304253691306],[11.972444130232043,36.76308812809707],[11.956902851262253,36.7681032834461],[11.944490096596642,36.79000555089518],[11.926603633275276,36.80230160692301]]],[[[8.133803786964185,40.73130151462419],[8.165646601920768,40.76548820877775],[8.162102482265412,40.7960966759793],[8.184904320673123,40.81220240517789],[8.223301559374073,40.88635961978975],[8.218822555937102,40.90030801550145],[8.192302056416109,40.91290278770554],[8.1895635301747,40.924858183311244],[8.17670357784034,40.93260180641567],[8.198302530117342,40.9690968130453],[8.203999157555673,40.97159600900261],[8.225907070119767,40.9536172339663],[8.23689732007124,40.95369639221427],[8.229698318208396,40.936615409940686],[8.233900296122368,40.90958862083913],[8.27682740206666,40.86786123028541],[8.312425691748356,40.84557223344001],[8.41369931923428,40.83909677450872],[8.458901011423107,40.81951151199336],[8.554384156052674,40.82972500636994],[8.60769322034972,40.851310664724515],[8.637446367504264,40.88316214176772],[8.703333561952256,40.91587282079865],[8.725483379541098,40.91275122373139],[8.790297863490105,40.92247663945796],[8.866172148519956,40.98738584760602],[8.876923870089668,41.00399824990052],[8.879902798135527,41.02869647198352],[8.892561676964526,41.02814637113327],[8.928992957495659,41.04360960266931],[9.013201638826946,41.12529657021881],[9.041774917576005,41.1374],[9.050797071788761,41.137396669679305],[9.058649340004706,41.12803860564589],[9.08621809504882,41.128044547913426],[9.110410411317542,41.1352070801994],[9.123200652015058,41.15629583248542],[9.1528487401283,41.155787511578595],[9.170390284940478,41.175120170042995],[9.158203168372998,41.18350269804928],[9.154003974800782,41.19719997433308],[9.16689305623147,41.228617655408435],[9.159903633417642,41.235339779325265],[9.141402029806136,41.23240287485055],[9.138004243718068,41.23759994977478],[9.14440139028889,41.246896115018785],[9.164687605415729,41.236816578746115],[9.18100075682803,41.247996976415074],[9.19716072239145,41.24416868812263],[9.23509619791233,41.25919642147607],[9.236261446528392,41.24683540812648],[9.271638990754585,41.236031013033084],[9.281785165604225,41.21783239801353],[9.289798473353004,41.218496248087106],[9.30079474920853,41.202601730697225],[9.292267901059882,41.19927811818981],[9.292480816361369,41.1927649203772],[9.318599385021718,41.19449573494503],[9.331926631783094,41.18631101808551],[9.335545432985997,41.1909642634093],[9.330605973565287,41.19530022473762],[9.338103777609957,41.20469733844121],[9.363398227297312,41.20769533390443],[9.370652772111988,41.18435535675567],[9.380798670130524,41.18769536370302],[9.386444507999485,41.18043060970555],[9.423295911498116,41.17689788914851],[9.421897016113716,41.16660282751393],[9.40839866997633,41.15803993468656],[9.429797427477286,41.154796342418855],[9.430906435730533,41.143170044476825],[9.44219569296863,41.1308986719102],[9.442708732489404,41.10327174859845],[9.449870136567942,41.10351678454409],[9.471555511439938,41.126158629984886],[9.464403540345836,41.140197348399816],[9.48580111994483,41.14649628477193],[9.510757567994853,41.14099679857712],[9.516751938434744,41.14474249418502],[9.514875288441715,41.15610466388577],[9.526098358913186,41.15679608487121],[9.5300456408944,41.135966004415664],[9.546095201959135,41.131399388782896],[9.539238251993778,41.12276122596057],[9.541270157312615,41.114211914523324],[9.560825585987681,41.11989173177641],[9.566897224806253,41.1158976961916],[9.570496677334717,41.10050074244299],[9.560697244833653,41.08440284261028],[9.55169956544223,41.07930428208906],[9.540558133387945,41.08901204658061],[9.52989935418377,41.07402227780912],[9.526395975355682,41.04249991112134],[9.507196322144672,41.0103893828173],[9.524270162325053,41.0108079795838],[9.526604293377991,41.02889676315499],[9.561198525440476,41.03779573526587],[9.562696185294712,41.02530162079713],[9.551900195160478,41.00861273379808],[9.557046728047837,41.003697548330074],[9.578039130799217,41.00386806709499],[9.59630141865653,41.02089636720808],[9.630976247377552,41.00226351050593],[9.655898882225063,41.00449621568202],[9.664096447277165,40.99779831499322],[9.65259896081882,40.984304152843784],[9.612016095764247,41.003224733647095],[9.585623897500579,40.98796105253674],[9.583001358745383,40.97677386720953],[9.593994897576078,40.968499344105744],[9.56866438552623,40.94321933293687],[9.574896450129879,40.92790273541209],[9.562077046896162,40.92058949491365],[9.586167804987902,40.89989229958325],[9.613601214245573,40.91979577187747],[9.64289878550525,40.920196459600504],[9.617016980871686,40.889627598728886],[9.632797569384056,40.884596512604816],[9.641138585465166,40.87439343086346],[9.647801183226905,40.88079520126113],[9.656595604371637,40.874998991297744],[9.65258550361096,40.862151292704134],[9.657956441984988,40.85663134877754],[9.668228932954422,40.853960852387374],[9.677200997723139,40.86169581861366],[9.694184968229946,40.8462418284775],[9.727991878472684,40.84419548537023],[9.710066666433075,40.83251666660827],[9.688240658802805,40.83575835085637],[9.681015182774761,40.82345266186951],[9.691895578881596,40.811300540659694],[9.67567912962041,40.80633008444543],[9.672530854623021,40.783401033616066],[9.686835252182597,40.766431209730634],[9.71499596169592,40.752097820834805],[9.71495004407377,40.709708005694765],[9.746131444997042,40.68712607667362],[9.75179594190834,40.673799615250815],[9.741912089023227,40.63260070753162],[9.752199947869638,40.60029994693198],[9.788396442045682,40.57269733441711],[9.79872714727432,40.54250900282606],[9.827296515792254,40.52739945449034],[9.81995780911244,40.496213316903734],[9.792497007902254,40.443103155340694],[9.774225862518783,40.42228655253381],[9.76389728106261,40.39070207863867],[9.754098538871535,40.38110370813654],[9.730360971594383,40.375304819014616],[9.68220785390739,40.33689257353918],[9.63230008597932,40.27721503872045],[9.624013611565033,40.25269687821673],[9.625927015125987,40.20733138041105],[9.6340264644318,40.18012633908649],[9.685367062215356,40.11142329837031],[9.72899769888906,40.09079662434453],[9.735595989187454,40.078900551188205],[9.705418597560568,40.03333605424649],[9.699996556321107,40.00070153795483],[9.686455958382705,39.98319185968012],[9.687229562175338,39.94780628239951],[9.699180801154284,39.93638935852787],[9.712797445827324,39.938895712963884],[9.715796754421971,39.92840008794272],[9.713298031842996,39.921804205345175],[9.693593757469854,39.9193106035314],[9.683155454691146,39.90502499322826],[9.682199534630186,39.87156156781198],[9.696695550413224,39.853500259754234],[9.67699371204833,39.820935933862856],[9.66863106171136,39.77699968243018],[9.675996331956183,39.71090077062436],[9.661311679700495,39.69843026259117],[9.66419580249892,39.68279993415441],[9.64716580978272,39.6516907130518],[9.656695862174933,39.605799178285274],[9.655604406490218,39.57057226643957],[9.65129630637554,39.549302253568804],[9.638840947292982,39.53939937138112],[9.631623472505273,39.50382425632122],[9.644895989631106,39.488500352029845],[9.645895907000128,39.46130056878839],[9.607938302822653,39.388231189667536],[9.597552282239004,39.34606439136275],[9.604785251300896,39.31807341924778],[9.633895688726195,39.29889950368394],[9.611920123059107,39.296808583064895],[9.581835743966396,39.26438250325284],[9.563247824086067,39.20107772271826],[9.56468031456146,39.18958659479062],[9.577897023861475,39.18439760425661],[9.578896453109685,39.17560175848892],[9.569890938931726,39.16965578744241],[9.56837257281108,39.1532292988019],[9.557248848632641,39.13455249405299],[9.538556356954517,39.13275411998478],[9.522442099261475,39.11957613585575],[9.518358000205462,39.10593005370412],[9.522493692695017,39.098903429850814],[9.5031039221546,39.107901235439606],[9.509156588560918,39.12009712244958],[9.502467426894796,39.13123335601033],[9.484060772811002,39.13546964174644],[9.439099069679042,39.122004825364534],[9.432243579130768,39.13127372290602],[9.39220388842264,39.14470191673057],[9.393706054625824,39.1549507548519],[9.371213335582482,39.17381123978436],[9.352636080359895,39.1773346992332],[9.337768873912882,39.19398410007604],[9.31938753207461,39.20469720436577],[9.304301376950875,39.20480361543025],[9.29670371280133,39.21317841209285],[9.247400821606258,39.21650351408043],[9.230008958774869,39.22795548224243],[9.211303932993136,39.22707791203804],[9.165199146148987,39.20466605144078],[9.160745190010775,39.19413817431991],[9.168994922112834,39.18809904336335],[9.158700071845052,39.18130299362741],[9.146001282639848,39.18390295583119],[9.110597374286941,39.21358674116329],[9.096359926812216,39.21408211294938],[9.038088153761114,39.17196966677948],[9.019396726964263,39.149427785367784],[9.00945984157577,39.122101793415965],[9.016334663564471,39.08767195953901],[9.045696057028296,39.056100074839584],[9.0246317466356,39.02049275064844],[9.024153179174762,39.00383707281088],[9.011697896339186,38.98710367556169],[8.996072449550157,38.98492660876915],[8.90319701319383,38.90510331172531],[8.854498812048945,38.878602838004426],[8.832501341242288,38.877504475775865],[8.819979520611179,38.894186617004145],[8.807118554313204,38.89922543306556],[8.798825073278984,38.89469843902665],[8.783602782671517,38.898303275094264],[8.779260675423453,38.9135254187595],[8.722879451505566,38.93623810070807],[8.7146980174085,38.92500271836305],[8.668853744619941,38.90772538332732],[8.670232447441089,38.897065651241235],[8.650721412149723,38.89523945335496],[8.656595699393343,38.87060206388932],[8.636706776508971,38.867401687155215],[8.644724429709141,38.87559592237911],[8.64475215901416,38.89486458815106],[8.606703565683981,38.89290182999736],[8.607503310455433,38.906098421630624],[8.618416182925976,38.91678512631957],[8.621285467943915,38.94379308149875],[8.603786754565308,38.962726012543015],[8.58670137454515,38.95570500215108],[8.58758282879593,38.96590781959611],[8.565104000589658,38.99980065763967],[8.566803138574073,39.01179799604475],[8.575041738616829,39.01807522723903],[8.57456890096171,39.03261083851622],[8.560545223686347,39.04644118859546],[8.544101360422927,39.046503836468375],[8.511660883383277,39.06236823321731],[8.467789851986032,39.056826319400194],[8.452761182258701,39.02440145105048],[8.451395976038613,38.989501065972284],[8.441450163995944,38.97731945232873],[8.444795248258254,38.97000165941291],[8.430099285775682,38.9600031737826],[8.409800587338298,38.95640419229587],[8.403203604382552,38.962301521768005],[8.40317663047382,38.97335462257107],[8.360402999851981,39.03760118267192],[8.34990464014933,39.076399460325305],[8.35730477509317,39.085648338777325],[8.350804769180787,39.09689920821683],[8.367100681670333,39.112595827027604],[8.386505686290194,39.099262994704425],[8.425997686900702,39.108496334611345],[8.431850288354882,39.09607865408515],[8.456596619049002,39.08369837747643],[8.465598583183676,39.05819252092925],[8.477837953311491,39.06188672499984],[8.488235740850396,39.08552124226207],[8.466620812323123,39.118616178152],[8.442601032552798,39.116603420166975],[8.435602891824164,39.12270185676961],[8.436699198238385,39.15630446936731],[8.41241453954011,39.17265258005832],[8.408216939934047,39.16453803081706],[8.41649598859571,39.15470077413494],[8.412700388797715,39.151105096245644],[8.406803607945987,39.15870136067753],[8.400188840666818,39.19503307134834],[8.368203035059954,39.21550120906394],[8.366603616837274,39.22829844457959],[8.411001851834868,39.26439673608654],[8.425050708458427,39.26933335105096],[8.43686342461671,39.292007025364015],[8.432751791298717,39.308399460878626],[8.417828113431055,39.32543393343702],[8.419208962031709,39.33356093712056],[8.396702006013875,39.33770322119802],[8.38540189793297,39.36494499952556],[8.376104968529678,39.36880172511575],[8.386002882675665,39.39369721225689],[8.402768694862752,39.40523951136175],[8.412654406608985,39.42675967073666],[8.409598570837321,39.44159396352186],[8.392501775069963,39.4468030337679],[8.383416727411857,39.457475477346186],[8.38750353219931,39.47589794911124],[8.404569858883017,39.48733752962537],[8.450906796129809,39.54525268103236],[8.470513816543882,39.60086961964116],[8.449615524332351,39.63412642816407],[8.45815186379863,39.667242147110464],[8.444503403266172,39.67840198559009],[8.455033568863778,39.70952999478991],[8.447304367196468,39.715001986641035],[8.4441036193402,39.75809919532191],[8.451301805647285,39.769596570233446],[8.458398358100634,39.76929648455958],[8.504052171178275,39.71610403788664],[8.504703984627378,39.72959849514278],[8.519952729416545,39.745152187200915],[8.513004466477543,39.75340069719138],[8.531070466901708,39.76983841455056],[8.545280726067157,39.79530678465392],[8.553904014970444,39.857497434514315],[8.561684482646891,39.86203517841423],[8.540004766926732,39.86980021169557],[8.544796243542308,39.876057793560456],[8.541587285929829,39.887166913856994],[8.527601737997244,39.90068760513934],[8.491605781109303,39.909357400838594],[8.469633546966465,39.90394303394592],[8.442664167423175,39.88044434190627],[8.436798929444521,39.85830486322674],[8.431605363000521,39.862200069067],[8.438264203867945,39.8683261394757],[8.43563965540309,39.882717999732414],[8.398736681450645,39.90373250613081],[8.40141422857876,39.956808314135436],[8.392703863717374,39.97929831481692],[8.409080635250175,39.99626204935553],[8.413378870672535,40.01844489520936],[8.401048397972502,40.032224229267435],[8.378202426873143,40.028803333783095],[8.376203833649807,40.03579882094554],[8.402499503510944,40.051693808500076],[8.412319552570414,40.041210116297805],[8.433001408451352,40.05019579787253],[8.453635330999319,40.05076637564311],[8.492465824731038,40.0858648389726],[8.484885505205318,40.117604178538734],[8.460103750816105,40.15040084949902],[8.4571037957084,40.1759009888174],[8.467368673940292,40.1988032344873],[8.46230406132044,40.21410016654425],[8.482786433780774,40.28456204622428],[8.464304288997441,40.3004007013763],[8.463057380964962,40.31580030505206],[8.443300830072337,40.318703621911254],[8.42597525972704,40.33603950236862],[8.390201717150182,40.33760353604962],[8.384402647059037,40.343601673864406],[8.379103964255975,40.359898526907855],[8.389185048124661,40.3668863675775],[8.40043058793596,40.41216617459975],[8.398120533990586,40.4300346151178],[8.373623347125772,40.49098265276049],[8.33930225522387,40.50920234167843],[8.32634654631049,40.53032409370905],[8.312804502796894,40.559799802106404],[8.317591870814597,40.571477567379496],[8.306665113515958,40.58577665833779],[8.286119554443346,40.59492224620784],[8.250313960023139,40.58398550110605],[8.243797164160728,40.56990310605895],[8.198203026619549,40.57110310345509],[8.218394157477055,40.602716655915586],[8.209518095860629,40.614678063051215],[8.19700026550342,40.61823568903176],[8.162434732223094,40.57827299478644],[8.16140065072773,40.5614065082344],[8.150886739617107,40.579568196254876],[8.146379655779954,40.62592879522984],[8.186072384233897,40.638678672824405],[8.203333608544662,40.68684028991667],[8.174903563157507,40.69470244624851],[8.169085067018719,40.708858162758304],[8.133803786964185,40.73130151462419]],[[9.533749370961058,40.932611380066284],[9.502593113947976,40.9265339814656],[9.506233798777979,40.91210469780844],[9.55302745808643,40.92176935649139],[9.533749370961058,40.932611380066284]],[[9.276844241255843,41.194690515443895],[9.274968977556401,41.20460345005666],[9.271475441351628,41.196197339842676],[9.276844241255843,41.194690515443895]]],[[[9.673612228187466,40.89180283471104],[9.730800652826968,40.92389626379485],[9.742795323932997,40.91230231850341],[9.692700051409238,40.88790426450661],[9.673612228187466,40.89180283471104]]],[[[9.710204429192215,40.86940014228554],[9.715801902111878,40.87619628765696],[9.729529112537637,40.87709537690463],[9.742296488571151,40.870698829057226],[9.736430245852548,40.8595],[9.710204429192215,40.86940014228554]]],[[[9.600503732291134,41.07599872075386],[9.60680035840963,41.0818958394844],[9.609996167552664,41.07979836274465],[9.608797024577411,41.073302865879924],[9.600503732291134,41.07599872075386]]],[[[9.569505944888725,41.06470051259966],[9.575200254482217,41.069595378519466],[9.578995444932412,41.066998914457585],[9.575698644554976,41.061004995491714],[9.569505944888725,41.06470051259966]]],[[[9.526604919010198,39.084702022701585],[9.529301702899682,39.09019587127366],[9.535096069672775,39.088197787666196],[9.533797401779177,39.08220462744456],[9.526604919010198,39.084702022701585]]],[[[9.436405541227709,41.187198919855966],[9.450291405996461,41.20608058918809],[9.44760446693144,41.21539850401214],[9.459403704638344,41.24259698213786],[9.471398733210684,41.245494408168874],[9.488494680837723,41.22079908656175],[9.478896441974245,41.199602135262104],[9.465109451381524,41.1876814425514],[9.479896661711685,41.187195802327494],[9.480196557682675,41.18120299422985],[9.469000609450807,41.180203763612084],[9.451833832540022,41.19167166197248],[9.441899404584893,41.181505331318405],[9.436405541227709,41.187198919855966]]],[[[9.373703482012058,41.227399455494854],[9.378002220414764,41.23469671001575],[9.40013587026829,41.24259480791237],[9.404802063766706,41.25509493187286],[9.413928784549448,41.252754148680374],[9.414302617881726,41.26799669202549],[9.431294188456903,41.259200716513],[9.428278801992116,41.25186953527326],[9.44769524832113,41.23299960778655],[9.437297358829955,41.21360349941765],[9.415606700707709,41.21640150257763],[9.401499100642893,41.21020424423271],[9.38130172639181,41.21030330967301],[9.373703482012058,41.227399455494854]]],[[[9.396803860956247,41.190402373592214],[9.398103158262934,41.197697504854396],[9.420297133948731,41.20679688497886],[9.41909776612675,41.18880319875078],[9.396803860956247,41.190402373592214]]],[[[9.33340623819536,41.3013036980345],[9.338101439923069,41.30889599034359],[9.360514319106594,41.2970806033694],[9.380698473748883,41.30759571464138],[9.384795786206302,41.299400723905464],[9.364901171458403,41.28780424818212],[9.359090975982037,41.29510340783669],[9.33340623819536,41.3013036980345]]],[[[9.336106522381245,41.281400646915905],[9.358196205193542,41.286697207330185],[9.354998261431147,41.27660370564019],[9.336106522381245,41.281400646915905]]],[[[9.332903232132832,41.235701530457945],[9.33690139488661,41.25249596413633],[9.359995724779244,41.24409851432515],[9.345599271927165,41.228903803625876],[9.332903232132832,41.235701530457945]]],[[[8.208603937458024,40.99010130775462],[8.213002458856042,41.007597327517324],[8.227896066347302,41.02102919953767],[8.218003646913534,41.02820191645488],[8.220303120416109,41.04089802249337],[8.249850749866445,41.04968222178729],[8.266702072653548,41.07319667527252],[8.283863762948625,41.07820632279224],[8.271904284910143,41.09950014280711],[8.276001961617924,41.10499609102006],[8.309183010500266,41.10795870958833],[8.31929918786319,41.12039610629248],[8.330303595323649,41.10015190885292],[8.344798061483534,41.09729706334023],[8.350394934895615,41.08850164305698],[8.336285432033705,41.080052912355804],[8.340595986094076,41.07119799654468],[8.332298481149547,41.05000501764303],[8.283504622724205,41.06409299463893],[8.243635184692412,41.03102294127558],[8.263595727406619,41.00269885640694],[8.25589829920597,40.98490397117662],[8.21730437991389,40.98713232415076],[8.225796117359375,40.977198097217354],[8.216501910003899,40.967504258521025],[8.211503892355386,40.978899375714605],[8.215161395035208,40.98527592328463],[8.208603937458024,40.99010130775462]]],[[[8.302302266525405,39.985804630868444],[8.301069244752904,39.991024857090785],[8.312696452100438,39.995195169277984],[8.302302266525405,39.985804630868444]]],[[[8.219604084322595,39.14780021225674],[8.23060179914265,39.16439675859593],[8.256644478663402,39.16924722756211],[8.271701152869182,39.179696570267545],[8.296732914728082,39.17932374800537],[8.309195777131137,39.18789292230425],[8.310297095041633,39.113100340514414],[8.304730916092351,39.101670662998124],[8.290129920426187,39.09550467197159],[8.254701366695956,39.10380374935518],[8.247904883113968,39.1085008667858],[8.252660264857415,39.11603313246208],[8.250119330219972,39.13345555769985],[8.23456021256719,39.143069221184966],[8.224101631287706,39.141104106095305],[8.219604084322595,39.14780021225674]]]]}}]}