{"type":"FeatureCollection","features":[{"type":"Feature","properties":{"id":"chieti","n":"Chieti","rs":"abruzzo","rn":"Abruzzo","macro":"sud","mn":"Sud","pop":370127,"nc":104,"nrd":104,"rd":74.13,"co":173.57,"kru":453.45,"kin":118.17,"drd":-0.56,"km2":2601.2,"dens":142.3},"geometry":{"type":"MultiPolygon","coordinates":[[[[14.075604415334112,42.325199063492306],[14.082376170840131,42.33101511787667],[14.119107413475943,42.33542221100063],[14.124848890613782,42.35341051759085],[14.117205236739828,42.361400528550554],[14.127393879332166,42.36819233586457],[14.130659766221802,42.38414510658249],[14.156594722314788,42.39383384354801],[14.156784412691312,42.416721024302646],[14.165103159759612,42.43279786691953],[14.171599765848121,42.436695697260696],[14.185556370504466,42.427173745843795],[14.194399454433471,42.436793943019254],[14.208403298489525,42.42525425807369],[14.22389534232096,42.427396709438675],[14.222146644229667,42.41983683409721],[14.228195819804577,42.416385333739214],[14.254400057097456,42.4449955949699],[14.320948673256018,42.40497484039423],[14.390798153856423,42.37309714352102],[14.409996434568662,42.357997728420074],[14.410541176830002,42.347570073045944],[14.4271969033311,42.32475485743256],[14.502396189425633,42.271898323867525],[14.501241579007132,42.26081797042315],[14.508663790254301,42.25224543843185],[14.60704469927397,42.20462257840293],[14.717197025513011,42.170197160132965],[14.72279573638047,42.125699598315],[14.718352893709095,42.107044745676184],[14.751268511367838,42.0807410218104],[14.7795940038504,42.06979883589902],[14.762682047538554,42.04390334363285],[14.782295493110993,42.03509865980772],[14.765898629833007,42.01800256514114],[14.723577627210362,41.999775358100266],[14.668587475663783,41.946417047712416],[14.663796641936335,41.916302373561656],[14.61455671753929,41.88919325016088],[14.597696421043864,41.85100242616289],[14.567998558154082,41.81810388639178],[14.55071992056897,41.816420835999004],[14.532164832681875,41.80008744921782],[14.528898235054164,41.78700287672116],[14.485399836389204,41.759603364345146],[14.454604379908515,41.765000393607565],[14.464139861933985,41.77862749917206],[14.442823264561056,41.84030172781122],[14.432401509507251,41.84110337667972],[14.425291624708011,41.85169985845814],[14.395203936220469,41.86987646440699],[14.379202060061782,41.86570431617946],[14.37418334878714,41.8788103782169],[14.362838303780928,41.875189364089636],[14.358098386993163,41.85990401900791],[14.343103598957127,41.86250284178033],[14.323832742558126,41.89495930489544],[14.30280217729694,41.89420310694279],[14.28329364744863,41.91033740270422],[14.246498351361844,41.88270248529262],[14.229700944529222,41.877104061896645],[14.183182672226636,41.90346539710126],[14.13979986644361,41.88580399357392],[14.108102026161566,41.893303534600726],[14.081804854310269,41.93939933712046],[14.097468523969559,41.94769990885265],[14.08882205883922,41.99670095440805],[14.079620465871228,42.00762041050078],[14.081586612866827,42.01822904819419],[14.090603225367216,42.04079873342976],[14.103269558777692,42.04977708753848],[14.099709683122127,42.07500889054561],[14.083804087801369,42.09089862334117],[14.114770452519092,42.107425118424274],[14.109903317938166,42.142798497506774],[14.127132540716303,42.15986288826371],[14.096403123625393,42.18120241197658],[14.102738841763012,42.192273384664496],[14.09370392683126,42.20090120400302],[14.127763578688253,42.22768580802026],[14.108603089223571,42.244501265631044],[14.113151762366497,42.27361174476434],[14.085318952054973,42.278402710146516],[14.109533158860597,42.29010718941019],[14.109599565219245,42.296334239096076],[14.094402069547861,42.3035030253252],[14.075604415334112,42.325199063492306]]]]}},{"type":"Feature","properties":{"id":"l-aquila","n":"L'Aquila","rs":"abruzzo","rn":"Abruzzo","macro":"sud","mn":"Sud","pop":286681,"nc":108,"nrd":108,"rd":63.89,"co":194.77,"kru":451.19,"kin":166.23,"drd":0.55,"km2":5046.0,"dens":56.8},"geometry":{"type":"MultiPolygon","coordinates":[[[[13.018404182097507,42.07490063924613],[13.032419159965695,42.106829010158044],[13.030903082072507,42.12209470929486],[13.059774992062447,42.123062689217775],[13.086470910583092,42.144872003500225],[13.093764456092547,42.15987399120046],[13.08700331378025,42.17789622235058],[13.122299453562617,42.17719662714042],[13.170599932359757,42.15136560573074],[13.192698773272044,42.15819673632085],[13.248246219944189,42.127621743204024],[13.265001232566613,42.136696102134145],[13.304345314559072,42.13809810310124],[13.317500894505423,42.153696245354524],[13.326221957715239,42.15415133458888],[13.323105631927493,42.16149885913547],[13.350153724851992,42.1667307966841],[13.34231144770996,42.17679505916109],[13.376243845113466,42.18139533348651],[13.372167843662023,42.188248084181986],[13.341443791939774,42.19845737906148],[13.331904792228917,42.20819997529845],[13.339556685636683,42.21638148398263],[13.335696675945078,42.22214073954253],[13.282260722656916,42.23717025829049],[13.270888886825059,42.25449847942838],[13.242601801102134,42.26890285017176],[13.22900284781096,42.28720108023937],[13.22561213068539,42.318581236912166],[13.153305478092866,42.35710012374462],[13.189213801781586,42.38116876641285],[13.193548139222301,42.390634093710936],[13.18872116437084,42.400359812670814],[13.155102165856073,42.41420283627355],[13.116206483181491,42.44400120733341],[13.176461719553805,42.478318088336984],[13.171503859628608,42.486101050151575],[13.17748695175199,42.5114857661366],[13.160603417667527,42.52200272465523],[13.155804058947087,42.539995694797476],[13.166501354547817,42.54122523617941],[13.175369183773718,42.55159760216177],[13.174303699997271,42.567498181881895],[13.191280172337486,42.577622664508894],[13.191403856940072,42.587495932807684],[13.226898739508256,42.58279659798918],[13.244950592925173,42.57295854343094],[13.261500727196522,42.583096586813774],[13.278272485416222,42.58338692885937],[13.292859751411468,42.57074542514341],[13.327100122949055,42.57999616711213],[13.342960994301931,42.57499878245535],[13.380282957899757,42.58084230549867],[13.393996411708631,42.591194238464524],[13.394196114336237,42.581819587318186],[13.404496623577483,42.57369918533238],[13.409521782957261,42.53850377032502],[13.425599356980088,42.51946904548672],[13.475489886464835,42.4832208073725],[13.525696769772948,42.472396437165955],[13.526847020974142,42.45026032277919],[13.551763040801214,42.447970653955956],[13.566999403986873,42.457795578915274],[13.670268896329647,42.43844947526109],[13.701999944858493,42.44419550053813],[13.726899097688928,42.441196105606366],[13.749261418060275,42.434064903965556],[13.773597956844442,42.41649728496689],[13.78781181021109,42.39139801159218],[13.808596286235622,42.37869765937146],[13.812893864776305,42.36830213370054],[13.80043879401894,42.36368634784605],[13.805085735111437,42.33524003734071],[13.824496707386563,42.31609874020088],[13.828498059980017,42.29455605245781],[13.844396203680775,42.2810994374786],[13.842395884369767,42.25640267046395],[13.832898080413003,42.24650352544404],[13.820322491735341,42.25260770874317],[13.809928658913723,42.247814329456865],[13.804159284002585,42.2366541192411],[13.807205906113968,42.21837846694272],[13.80082309589232,42.20901100399946],[13.810693592584228,42.19669961322616],[13.796913141725822,42.18388023502628],[13.800785245069813,42.1747239553598],[13.791269682604744,42.15302930068128],[13.845482938104276,42.142852088019424],[13.860101481073572,42.159696976939095],[13.8988991026676,42.16549574779126],[13.91001651310873,42.143752561048586],[13.961997662353818,42.12469720374868],[13.976724887660872,42.10241346045516],[14.008156694232545,42.07368331218786],[14.030600879321192,42.08299629086175],[14.090998282549608,42.08409759054413],[14.100196129761612,42.07469870012427],[14.103995519512438,42.04800206592455],[14.091060282149384,42.041218748994005],[14.079673429225677,42.00770239475396],[14.08989535320254,41.99749796041074],[14.097795967257605,41.94520293572273],[14.083227161449456,41.93819988369944],[14.099912553019948,41.904179018810765],[14.108500495110096,41.89339059988162],[14.139780728775564,41.88637624393995],[14.183199521834302,41.90359628558806],[14.229695702063452,41.87709872860884],[14.21679830753902,41.85370331940963],[14.197227948549834,41.84884541223524],[14.19509682607708,41.841503581191766],[14.18092631492399,41.8466234770003],[14.156247134890448,41.83919616156836],[14.14869920634484,41.828010425251726],[14.16459673992713,41.80949835525168],[14.171329620995191,41.77902194662056],[14.201895992565259,41.76689861471805],[14.19389679603367,41.74800357624846],[14.178702088911812,41.74930351473674],[14.170684154185908,41.764558541603975],[14.158598518019732,41.74700348161006],[14.121162452620162,41.745159388024135],[14.116245980667452,41.73721551343999],[14.123395957218245,41.726500044815275],[14.10710156520737,41.70730541269554],[14.093577405325322,41.737687675238085],[14.07024709854559,41.737232805171885],[14.053647905064242,41.71949063319981],[14.053296593560278,41.70170342552328],[14.02783039608228,41.70193128922328],[14.019098190912674,41.68240446747339],[13.982029842796793,41.695085573022574],[13.956355191788292,41.695642839280126],[13.940899920597854,41.687904123222346],[13.919288984501115,41.717395434385125],[13.904502124359155,41.718203663944855],[13.892699923260023,41.73462323824491],[13.880599180319956,41.72820367154401],[13.856401445889917,41.73120365516115],[13.82760134238576,41.73910367509965],[13.810735607639662,41.75365393163864],[13.790199592247205,41.74300371442753],[13.766001390466803,41.74860357725117],[13.749403309776367,41.76060241032474],[13.748201432494936,41.77394797797982],[13.730403728150083,41.78830227982824],[13.727359708267063,41.798658093330985],[13.707298654566854,41.78760432549332],[13.662980316387545,41.81108189457244],[13.647892941900237,41.810884288025235],[13.639350729259606,41.80359417510223],[13.642096407340176,41.79130138294838],[13.631356237393936,41.78264530234512],[13.586317903703884,41.7663109541195],[13.571800918542456,41.754303963959465],[13.520403828170886,41.77300234787316],[13.504449173310247,41.8013650283004],[13.470400743494459,41.80640273695091],[13.451337078013069,41.82279266575044],[13.419384144183569,41.83369758147174],[13.397525484055189,41.834449920071066],[13.391497394180902,41.81970215830144],[13.379401744213123,41.81750346874203],[13.366903983514609,41.83310098092768],[13.366922308445456,41.86177671759408],[13.359904170732335,41.869400518052004],[13.383459919631791,41.904146064273476],[13.364179768260534,41.92438426854877],[13.350099473829568,41.92100410191605],[13.337567495276135,41.92587375183706],[13.310524886962366,41.95161627752837],[13.2860016666139,41.95040407407946],[13.26622793736593,41.96632060237114],[13.2428013750666,41.97160360733429],[13.230705895025519,41.981935778082644],[13.199000763527305,41.98650327717735],[13.108072309851655,42.02492232507401],[13.097014413691152,42.0229839866884],[13.101294591393918,42.00980304455563],[13.064732366517665,42.012531767241704],[13.026503587128442,42.050102088040234],[13.018404182097507,42.07490063924613]]]]}},{"type":"Feature","properties":{"id":"pescara","n":"Pescara","rs":"abruzzo","rn":"Abruzzo","macro":"sud","mn":"Sud","pop":311190,"nc":44,"nrd":44,"rd":59.16,"co":193.03,"kru":460.52,"kin":194.56,"drd":3.15,"km2":1199.1,"dens":259.5},"geometry":{"type":"MultiPolygon","coordinates":[[[[13.765304209024317,42.42010175847749],[13.805881413106897,42.47595992063175],[13.810702588240291,42.49289634352654],[13.83790026710204,42.497995925377815],[13.862471072833433,42.48710647900961],[13.880976304841846,42.4889810422786],[13.884602527186686,42.509196987899585],[13.914716626100814,42.50682395309705],[13.925200132976311,42.515296075326496],[13.956072881327112,42.506063952183524],[13.955701461222962,42.534296385886265],[13.990000204266993,42.5418958299509],[14.056627078490594,42.53093341507402],[14.06670173780321,42.54449589843562],[14.087098871029143,42.54319652933831],[14.099922427893317,42.53204117154553],[14.129664928977848,42.52710445931325],[14.146198957596969,42.53059626233029],[14.254394194891804,42.44499986993893],[14.228698958771254,42.41550477316285],[14.22072105974311,42.427342939911476],[14.209299852050467,42.424903951587986],[14.193889770036716,42.434415688788704],[14.185699436156078,42.42600460775458],[14.172436830651247,42.43589964440282],[14.166058401251274,42.43335858902251],[14.156640315129485,42.415990929989384],[14.156297230791079,42.39300330290106],[14.131210257926647,42.384560572020106],[14.127696751016323,42.367402570138566],[14.119322778922431,42.36312839312006],[14.125296016479696,42.3526006701186],[14.119996239025477,42.33540226948446],[14.076736765045528,42.326007779537726],[14.09419837908524,42.30372693486924],[14.109397382512086,42.29709758766865],[14.11129597775938,42.291401282571854],[14.099305319906833,42.2810406901908],[14.11359666752815,42.274496594607314],[14.108627530328762,42.24466284409983],[14.133091172240265,42.22430333321556],[14.1210177773402,42.224205391491445],[14.110598128196214,42.21050344303949],[14.09561705861218,42.20626927722611],[14.094640112754197,42.200287024272264],[14.10579350747944,42.19090119124147],[14.096338545043814,42.18256463075641],[14.129194480645829,42.15870042265204],[14.110007108642183,42.14259267410335],[14.114904145347447,42.107276985023994],[14.106798487796414,42.09890352917329],[14.091065631326916,42.09833549551735],[14.085295148733154,42.08680379533712],[14.030909810658123,42.08299491986575],[14.009200137861685,42.0731043663508],[13.976602734559144,42.10250240715918],[13.96168300646212,42.124774452852336],[13.910252995144415,42.14354187705316],[13.899105299312454,42.164994223220326],[13.860410812973722,42.15970194339851],[13.845499529573436,42.14270419333488],[13.78920520873347,42.153901164727316],[13.799626551070237,42.16875222474661],[13.796103876280247,42.18279985579978],[13.808082742022206,42.19565490085599],[13.800404175857114,42.21029915652162],[13.807770013108797,42.22757128400644],[13.7993,42.23712735058864],[13.808903181208967,42.24729708902214],[13.82069943703551,42.25319572914815],[13.83209304324308,42.24678310153779],[13.84239759532418,42.2563959151177],[13.842298676524841,42.23301846436732],[13.848628185523548,42.221396709366175],[13.902558147567948,42.24130524786738],[13.908864272938118,42.26366861523245],[13.897902087566825,42.26510443688155],[13.895003281208556,42.27160036825391],[13.89963597360813,42.28724789557085],[13.8823040189355,42.29496172718494],[13.84440058093065,42.28110468453696],[13.828303074919974,42.29440242274496],[13.824157037412935,42.316424917860154],[13.804403818441475,42.334401997798025],[13.807017989508864,42.34659143768981],[13.799104691403057,42.365797550438494],[13.809572448096002,42.36855434998081],[13.808376597111986,42.37837571038896],[13.787703083467651,42.391302702933565],[13.779932311975417,42.408824470332824],[13.765304209024317,42.42010175847749]]]]}},{"type":"Feature","properties":{"id":"teramo","n":"Teramo","rs":"abruzzo","rn":"Abruzzo","macro":"sud","mn":"Sud","pop":299796,"nc":47,"nrd":47,"rd":66.95,"co":208.46,"kru":475.97,"kin":159.01,"drd":0.44,"km2":1954.3,"dens":153.4},"geometry":{"type":"MultiPolygon","coordinates":[[[[13.348603334997614,42.67339991956978],[13.358901031922823,42.69579568267201],[13.388985463632732,42.68752074172807],[13.427299683912857,42.70639582117073],[13.437747073290751,42.69997918494755],[13.441103266463774,42.72619749045721],[13.45213520834775,42.73385505443943],[13.493391203852282,42.7366109981758],[13.504051869588839,42.7474923856744],[13.502403443264214,42.77099892035181],[13.529177076714062,42.79559691344929],[13.534502334372757,42.81659651117571],[13.571338635226867,42.800557004143975],[13.624298365994651,42.81659519879619],[13.635637230036817,42.80344166804915],[13.662299567100936,42.80687781548458],[13.69914291857826,42.822762844742634],[13.710147983637953,42.84224467790129],[13.706705118968696,42.849398276463845],[13.724838675991451,42.85567728740424],[13.779772695773518,42.86097429433888],[13.816201601431931,42.87759712392198],[13.877701513990445,42.892996358723316],[13.91679898335651,42.89459682084044],[13.943748355465136,42.80503870246507],[13.995808218059688,42.708305126156205],[14.07537655151513,42.60151519292931],[14.146192877373611,42.530601757105615],[14.129500229229441,42.52700431571397],[14.099201294522176,42.532103014203024],[14.086310276537032,42.5430556938939],[14.066958173186123,42.54352039778591],[14.05729915798597,42.530603966623495],[13.989856033622775,42.54168264303715],[13.95467921144969,42.533091171453584],[13.957797111886252,42.50540389883448],[13.925063566754115,42.514971665662614],[13.915398752573568,42.506603583692616],[13.885090123049027,42.509313948086444],[13.884095536015522,42.48930312334004],[13.862600439656532,42.487003375624155],[13.838373139901204,42.49750162036517],[13.811990768339925,42.49258127659976],[13.765299154814729,42.4201069897574],[13.749570917193024,42.43388804731827],[13.726423162936683,42.441171101209605],[13.701673087872981,42.44411376548644],[13.670517543924376,42.438412321022795],[13.566824213513184,42.45770591472376],[13.55209889778747,42.44790384973388],[13.533000312559501,42.44840277009784],[13.524803924779276,42.45080242538094],[13.524623148487041,42.47187483938407],[13.47570117002633,42.4830030375366],[13.452202781127495,42.49660279815216],[13.40964941862445,42.538142144049424],[13.40418933028429,42.57376834741175],[13.393703342069182,42.581102464886705],[13.38910401009401,42.601600077836565],[13.408894412544864,42.64139415488634],[13.369801492762173,42.64900374727964],[13.348603334997614,42.67339991956978]]]]}},{"type":"Feature","properties":{"id":"matera","n":"Matera","rs":"basilicata","rn":"Basilicata","macro":"sud","mn":"Sud","pop":188096,"nc":30,"nrd":30,"rd":69.0,"co":205.29,"kru":397.06,"kin":119.85,"drd":3.06,"km2":3413.5,"dens":55.1},"geometry":{"type":"MultiPolygon","coordinates":[[[[16.04820403504504,40.635599848077284],[16.05550342170879,40.65509799377073],[16.064200776023007,40.66159606169657],[16.10108608454682,40.672868358035764],[16.12830218510959,40.69469613012315],[16.14671848023282,40.69806558457429],[16.14897457668545,40.73034800306573],[16.11490442761481,40.76759994167806],[16.121440882003508,40.77599562820544],[16.12150340028554,40.79619777204734],[16.16904570454878,40.805789899580745],[16.21540123690337,40.83039609990597],[16.24409963775342,40.8380959094153],[16.278278978694964,40.801697856331174],[16.316198177905555,40.78309736521019],[16.350139024794622,40.748960499794414],[16.38039820219377,40.736397188126126],[16.400349372615334,40.707556505519136],[16.41371196501386,40.701862580388564],[16.430491544666264,40.70482027526622],[16.463629020630943,40.724468624520654],[16.501099522821335,40.76229530144829],[16.53935410073389,40.7250460151119],[16.54087591538042,40.74076329496795],[16.53120543478461,40.74520170404448],[16.543501091599005,40.7562967831213],[16.558497009440927,40.7548970690474],[16.563294818454256,40.74043211920121],[16.57166504409086,40.73730998320868],[16.576658980716285,40.74291058681837],[16.567004467421892,40.75449997224064],[16.574601527111398,40.76299636687731],[16.607610948399024,40.751884770374275],[16.642496287126654,40.7560960156964],[16.641715450282174,40.748122380050425],[16.653194514999026,40.74389795511182],[16.653140358169164,40.73785388839064],[16.661235476730276,40.73800512308343],[16.663402225785493,40.748892458449546],[16.677505107188153,40.73620884073237],[16.724892811593154,40.71379986741103],[16.698077774379616,40.70274067810615],[16.715012294007888,40.68958307177953],[16.72719628574977,40.688297036232484],[16.709894523093414,40.63232082236609],[16.71283111735183,40.615406388837705],[16.728192678775955,40.6013983674074],[16.713543426035077,40.59165559486246],[16.71659622783784,40.5823000213494],[16.70597238698387,40.551900345780446],[16.724395442904108,40.53529969844783],[16.717368091098816,40.52265635745614],[16.736196991635648,40.511897213678566],[16.737196273096412,40.50390103035048],[16.720547046216108,40.47953256129928],[16.743405693776797,40.464869549384176],[16.802797799445514,40.45739743148278],[16.809768443976218,40.43338371347501],[16.818667778350328,40.42422403304926],[16.83512624806326,40.41109607548177],[16.842198769066385,40.41249605945484],[16.850846641331938,40.40139837908657],[16.86689584058341,40.39730033634339],[16.786347905545245,40.30258597189237],[16.74941340480228,40.2456934529486],[16.737296912564204,40.21060133028236],[16.69179657556832,40.15160270510594],[16.645199913931545,40.118104154728236],[16.62059201454268,40.13185546628507],[16.56132506228729,40.12972436482213],[16.530000429322964,40.118104092484465],[16.517777863800227,40.128655088888586],[16.494599339347662,40.12510398339529],[16.47038651564908,40.13409632106069],[16.434001108039396,40.128004044105495],[16.421558304178284,40.14334399970237],[16.411101098507583,40.1431039761014],[16.396503473669558,40.15370251904849],[16.395700062767066,40.167900612443205],[16.387494241423003,40.17523313691842],[16.359402521449386,40.1858028337991],[16.348604558951465,40.20540031734522],[16.360702774449035,40.24259826170082],[16.37065887835304,40.25147776064896],[16.36770352672195,40.26239984969916],[16.374067914086805,40.27432536864263],[16.36400463215742,40.28789904727766],[16.374604540305526,40.29666101868543],[16.37400712169455,40.30986221807253],[16.333319808946637,40.30434780709689],[16.310122545005832,40.27338278777908],[16.28100013231077,40.26910286592534],[16.258149335378985,40.27408769622134],[16.24512921473892,40.26749141996835],[16.195502893484573,40.26540374773395],[16.18755455290279,40.29038050988744],[16.162206734446066,40.313000420618366],[16.188538703272286,40.32116442549738],[16.173688304790907,40.33797196672542],[16.16340462559705,40.33850341117496],[16.165940487125024,40.348592058511265],[16.151476938479927,40.37753621221524],[16.122948459672614,40.39193681451956],[16.10620347003705,40.40870190398464],[16.10950232295098,40.42639766974992],[16.12811682845494,40.43083553563155],[16.140706046432005,40.45227425810684],[16.114562966708508,40.46086114820113],[16.097603226259682,40.48130156206834],[16.115551490503446,40.5008602672038],[16.07570553713421,40.54469941847149],[16.104950571315268,40.55984376060485],[16.117645823885553,40.581074873698284],[16.096932323640868,40.597465688220176],[16.080402543940117,40.601302991071606],[16.0707037513315,40.620287580796926],[16.04820403504504,40.635599848077284]]],[[[15.94140483021041,40.63789927074693],[15.953601295821926,40.64839695606178],[15.981098786439869,40.64879578553288],[15.983997000050111,40.60580295323494],[15.954501993130984,40.611603215048525],[15.94140483021041,40.63789927074693]]]]}},{"type":"Feature","properties":{"id":"potenza","n":"Potenza","rs":"basilicata","rn":"Basilicata","macro":"sud","mn":"Sud","pop":339945,"nc":99,"nrd":99,"rd":64.12,"co":203.44,"kru":334.01,"kin":117.37,"drd":1.37,"km2":6491.2,"dens":52.4},"geometry":{"type":"MultiPolygon","coordinates":[[[[15.335006765167474,40.83489764925559],[15.373350504810883,40.83543729114608],[15.377777823899443,40.84000420164601],[15.377142202637556,40.867384177523284],[15.357001713303905,40.870103585526806],[15.354203341344114,40.882696866081865],[15.373398851012315,40.88589608391057],[15.384976094667973,40.87638554126005],[15.429845077614793,40.87960624865461],[15.460720912782353,40.867314630239974],[15.471119909995974,40.873664867066665],[15.467703994084712,40.889597515907774],[15.52665738835775,40.90830319815005],[15.542303316658353,40.94639840628593],[15.566194638304816,40.96841183607555],[15.569349373033667,40.979857053997144],[15.571783434386607,40.999333855661405],[15.559503669235403,41.017002348874506],[15.561900116472541,41.031108919858276],[15.551003303015845,41.039502536218336],[15.540304757416635,41.07219767576792],[15.549815342060814,41.0745278328568],[15.559002952650179,41.08739697344551],[15.58750041847826,41.09829574722748],[15.617500138698762,41.0992960976353],[15.68019165299515,41.086868446238924],[15.723070668835748,41.09039163511918],[15.730301225433902,41.09909670611466],[15.742613308344096,41.099397902621234],[15.769343804750426,41.083801036651764],[15.798112629868402,41.091807075845495],[15.805449538285732,41.11094953828573],[15.825188129666044,41.11836799445834],[15.834401224505404,41.13019576429653],[15.847280303584801,41.126031154303675],[15.864121703052302,41.13128592665613],[15.870301447162772,41.1398960319347],[15.921154412062272,41.11121739128577],[15.953297996902581,41.110797035352924],[15.95897052152422,41.09397546627765],[15.98299578370883,41.08879883799765],[15.980794751279342,41.080410497441314],[15.997666771651554,41.05575087987943],[16.00730012163712,41.05909620010996],[16.04049638689017,41.03639826932914],[16.040496572247704,41.028303081570336],[16.02798338438013,41.02341233338072],[16.031996651937067,40.99840095595999],[16.02325280103468,40.986969001352136],[16.00279875688431,40.970203424002634],[15.974947989342134,40.97085568415595],[15.977575709361876,40.95794399405595],[16.09359836549315,40.92029679291827],[16.119822573681056,40.899306461517426],[16.133402870081877,40.906285874801284],[16.138065830496956,40.91834414515678],[16.162900930718983,40.92859659046973],[16.20249797236417,40.91759671340577],[16.223896640090192,40.886497757083625],[16.23114656172874,40.85542123591852],[16.244095722598615,40.838102111918744],[16.215284643757506,40.83025116210266],[16.16889873100243,40.80570438589838],[16.121990677292025,40.79587849589021],[16.115883016159064,40.76672155325487],[16.14929675929271,40.73049848634824],[16.145827529519266,40.69586790614752],[16.12862581225361,40.69478162812637],[16.101397659726715,40.673004183231335],[16.063294880886744,40.66090529260043],[16.04888022093134,40.63543156143845],[16.070797570839254,40.620597370215876],[16.080731828567384,40.601224590006616],[16.120993070140862,40.58359592499342],[16.105197528780575,40.56000241425264],[16.07569926969164,40.544703501258844],[16.048401362203897,40.564910944943506],[16.04600506842222,40.548948393749505],[16.053097063744286,40.545796805196],[16.0571958550735,40.53120076946685],[16.023527545548177,40.490369618605655],[16.056033603909082,40.44216902405991],[16.080199393803074,40.44909648342919],[16.11469387543762,40.42960039176646],[16.105389221625035,40.419666290918315],[16.10658007385458,40.408568252904224],[16.122896873376874,40.391973661873664],[16.151497206098018,40.37779679109998],[16.166395717587083,40.34819929337248],[16.164968882851372,40.33984041544459],[16.17479661339384,40.33849638635195],[16.18959594935314,40.31999965882358],[16.16545187079691,40.312911716118485],[16.18759731779358,40.29059780884363],[16.196576169641627,40.265816557354235],[16.244326942939665,40.267394174901774],[16.258300150742823,40.27419592426197],[16.281133167686278,40.26911697204699],[16.309571095753274,40.27326024350073],[16.333401751934417,40.30449690220806],[16.37559642311371,40.31039653347676],[16.374796834225503,40.296401650331234],[16.364861527495616,40.28741652904717],[16.375495127554114,40.27389997494457],[16.367922435042594,40.26281718957317],[16.37119574934165,40.251001284959045],[16.36063592524327,40.24215062898913],[16.349294890962117,40.20514320078205],[16.35987696333208,40.18590406247407],[16.397295202900526,40.16699972964953],[16.396495743486668,40.153702602021966],[16.367131022211673,40.14255707158257],[16.350856504822982,40.12281559781283],[16.37379379272436,40.10789894565676],[16.361646567797838,40.09596970783697],[16.372495089499047,40.090098044195905],[16.367570994836225,40.078113034069986],[16.38179595362762,40.08129480872983],[16.383462752606338,40.0634376515638],[16.398768420419106,40.05556315916179],[16.392745096821915,40.04219797415528],[16.398495975739728,40.01900017685382],[16.360907879463223,39.96851483448392],[16.35809756661684,39.9541029038472],[16.33892378424274,39.93757713830643],[16.359696047431534,39.91959789988767],[16.35509695476899,39.90120220168381],[16.343203043303717,39.902403839253324],[16.30839173816627,39.93414227770103],[16.28240056877679,39.93080384336353],[16.268105142473857,39.93577643592883],[16.236299628314978,39.92540428279569],[16.21649628950096,39.92702136997657],[16.21479766951991,39.89600414034787],[16.159370156952697,39.919223102721325],[16.137999369725172,39.90140449892143],[16.103306707891626,39.90693303828426],[16.08299855975234,39.89660350079204],[16.049101486443625,39.89490524796879],[16.042109994362335,39.91186060529941],[16.016605211508725,39.92710127113787],[16.02050895203065,39.93468393094619],[16.006804165356726,39.95689945548968],[16.033132539060265,39.98339266516925],[16.023815315112742,39.995711950636746],[16.009789122749584,39.99632149753071],[16.00579754027663,39.98960257607415],[15.979202135714768,39.98240401478271],[15.968870254721478,39.99157861072503],[15.928003844836267,40.00105031474693],[15.898000387011841,39.98160452824654],[15.88943131708998,39.99451110639703],[15.867701355161246,39.99020382043675],[15.849797731477883,40.00573812750034],[15.820896360788367,40.00159478755383],[15.795097503533455,39.971602723636515],[15.774405341896044,39.96176418312782],[15.765896899221708,39.93060234702497],[15.756061483225722,39.92354409403057],[15.742602136806873,39.93440346128963],[15.734904015502117,39.94250089443813],[15.731823548097378,39.96418247208754],[15.681102800289018,40.00610277634234],[15.674249617547503,40.02975288627702],[15.66440101992609,40.039356692663965],[15.645304870886413,40.04299830845528],[15.675742363994685,40.05554994937246],[15.668944867799693,40.07289376490051],[15.65160688578266,40.07760153235164],[15.682039785922182,40.08855031186767],[15.704077254121431,40.115711116740464],[15.708503763299028,40.13824282309124],[15.701803312841609,40.16139789580016],[15.714485506934512,40.16833217698869],[15.71260433193821,40.178498574438436],[15.729500837053042,40.186590482226435],[15.734401365596824,40.20169590846795],[15.7511596223921,40.20192983759922],[15.774001065546138,40.2172967054695],[15.795103053018954,40.222450942016586],[15.78730420027346,40.23660016774298],[15.803735726748187,40.25097579081052],[15.799603497721614,40.25917415169824],[15.804119418101894,40.27603945251937],[15.79177884340106,40.289690215570644],[15.749200541481638,40.29880433110989],[15.726804583000712,40.31550069591322],[15.728522331557212,40.32194934712888],[15.704504089789431,40.34400114639809],[15.708858984422113,40.37792509475487],[15.67288240201454,40.397317772204296],[15.6627008125516,40.39250439275884],[15.647482770055262,40.41383742700285],[15.586708557650242,40.443500574321774],[15.589702684549955,40.44795972593096],[15.576898892565614,40.470117049619304],[15.538804150331007,40.48810192487222],[15.536104237163705,40.50079859748783],[15.548351170756588,40.50984816195774],[15.535306968213398,40.52229840248328],[15.543244422464339,40.529965654516644],[15.52650611371353,40.55730146583825],[15.53606446516859,40.57031276159631],[15.519900681447005,40.570503572453816],[15.51025077022409,40.5853351921948],[15.475301174167841,40.592403960127555],[15.449505708140235,40.60910121469216],[15.46770268747862,40.63929708095133],[15.492209119666908,40.647619041590204],[15.502715056767189,40.663342188816955],[15.430102204397192,40.69210387084106],[15.410488188838377,40.712006630098735],[15.381503650540319,40.72420192782584],[15.379103743859146,40.750899804860815],[15.389279382734555,40.76802475872348],[15.380903975379647,40.77860079479073],[15.385604239163067,40.79345815257823],[15.366104117533041,40.800497902141416],[15.379802325234495,40.810131628521084],[15.366501169772707,40.81210359203356],[15.335006765167474,40.83489764925559]],[[15.942346201546307,40.63775714485857],[15.95467883708997,40.61160547277996],[15.982974066583042,40.606010317144666],[15.981976308928838,40.64681227462296],[15.953056571072045,40.64791544033471],[15.942346201546307,40.63775714485857]]]]}},{"type":"Feature","properties":{"id":"catanzaro","n":"Catanzaro","rs":"calabria","rn":"Calabria","macro":"sud","mn":"Sud","pop":338892,"nc":79,"nrd":79,"rd":65.57,"co":179.84,"kru":414.45,"kin":143.33,"drd":0.33,"km2":2399.7,"dens":141.2},"geometry":{"type":"MultiPolygon","coordinates":[[[[16.094004099922202,39.048796500262384],[16.12759680190696,39.059096086564956],[16.134297011454787,39.04933532569681],[16.14301316447082,39.04921428732677],[16.195201728871737,39.07989590075079],[16.213194643345812,39.0825978885541],[16.21290583635229,39.10329311077183],[16.233867469495614,39.09227142141858],[16.25029852095867,39.10006097588591],[16.258800436735346,39.11259614760919],[16.28460554589595,39.101327058673014],[16.296896949008225,39.10579502933315],[16.300176405220096,39.099926758569026],[16.345497733625614,39.11109608679852],[16.364529981959077,39.094987447960065],[16.38340045736329,39.10509655658775],[16.39369657944156,39.10399709839098],[16.39819351773312,39.08776432778457],[16.42411283923471,39.06204340869547],[16.436469574409518,39.061771289870435],[16.442601003423817,39.069595236078015],[16.451094220612283,39.058517532923794],[16.471598168520927,39.05189511101081],[16.481021175183464,39.05929394885137],[16.47490286090788,39.08480046278309],[16.478202632544406,39.10829573142571],[16.509836689919158,39.108683660809675],[16.484702186518245,39.11530363431045],[16.479204183115343,39.1223005015737],[16.48830182210801,39.13829734648943],[16.50122451332589,39.14323503523108],[16.504403122691308,39.15959726035593],[16.523797073298574,39.16159745219586],[16.525591391689854,39.15208697312285],[16.536986711109666,39.14537947526057],[16.564139603388252,39.16626367756216],[16.580706928660458,39.169301801967364],[16.59950157211825,39.192096702883404],[16.613097223555915,39.194195927566845],[16.629411697869404,39.162548562610375],[16.649985432075916,39.153065362847705],[16.66939691899025,39.15599610394709],[16.670675693790823,39.141934116769484],[16.6784946388949,39.13649931390387],[16.649427245560737,39.12874111895746],[16.67930135042763,39.09272726977827],[16.698898173052477,39.0900963451429],[16.73390525384023,39.05936458820332],[16.7433752225271,39.064906560104106],[16.7760389426523,39.064009393438106],[16.842198290866435,39.041896813383644],[16.89139735784362,39.00269748753614],[16.89244202423946,38.973711809680296],[16.920195085538303,38.95210251572428],[16.908381989549408,38.949269680518384],[16.90354574914529,38.93575658446917],[16.890597302723847,38.92800318138229],[16.770403247188952,38.89323871769586],[16.63766459185773,38.826630852535395],[16.624644111333115,38.8254690151001],[16.5719925548843,38.77308020960151],[16.567796938304266,38.753802440224334],[16.537298608900183,38.71906030741148],[16.53517661230866,38.706970211672534],[16.5460267844966,38.69283020411879],[16.5546974720794,38.690897029170934],[16.55869591200422,38.679499677192226],[16.55641200420477,38.65500080779842],[16.581896320311397,38.47010377327797],[16.55245254719804,38.46937823020283],[16.540999600884383,38.463304618346214],[16.480208771558672,38.49210282981606],[16.484616157460692,38.50018077441014],[16.456759876386545,38.51273614520596],[16.42239930913312,38.50940349273884],[16.406803277736348,38.514801728811946],[16.40650353406119,38.520296239386234],[16.420867116723638,38.52077685295496],[16.420504524404304,38.52839827029347],[16.43689489319758,38.53751740254089],[16.419904170681516,38.55400122152259],[16.430471242612143,38.58081711837458],[16.403956693580803,38.60084849932904],[16.391624166070446,38.599721927883245],[16.370302962350657,38.609402174493056],[16.375473241955987,38.620611283533826],[16.370859174716607,38.625949021262365],[16.340001183375257,38.63180284263424],[16.328704675971732,38.64219966286354],[16.34548659191617,38.65814771176729],[16.344616307752055,38.66701409481337],[16.326404960997433,38.677799799207946],[16.348588759428466,38.7077273357301],[16.33850473236095,38.72060025875397],[16.35000181243465,38.734696727586055],[16.369747749455446,38.74255141902256],[16.361789873774157,38.76797875561295],[16.344599575501604,38.79377302357845],[16.32480203337557,38.79830364305212],[16.296013733166262,38.82134800747171],[16.27095664636536,38.82036019594525],[16.278871765389017,38.791810957597534],[16.247048328190914,38.8094680970355],[16.213304350198793,38.81060386218063],[16.220702470154663,38.849007451727765],[16.218242860867473,38.92064474658732],[16.210317971857567,38.93031492938227],[16.15360380655796,38.95420263061473],[16.13162259424663,38.99832838379334],[16.101804045126844,39.02520250896603],[16.094004099922202,39.048796500262384]],[[16.434873910141942,38.66220336595093],[16.48769025487294,38.673192769650676],[16.49056771939567,38.67816215405212],[16.48047440288164,38.683966976115265],[16.439445717604816,38.67659161568014],[16.434873910141942,38.66220336595093]]]]}},{"type":"Feature","properties":{"id":"cosenza","n":"Cosenza","rs":"calabria","rn":"Calabria","macro":"sud","mn":"Sud","pop":668732,"nc":148,"nrd":148,"rd":65.69,"co":213.92,"kru":411.65,"kin":142.6,"drd":3.68,"km2":6595.0,"dens":101.4},"geometry":{"type":"MultiPolygon","coordinates":[[[[15.75600501566621,39.923499233963724],[15.766100256818932,39.93119769864126],[15.774003127983537,39.961497356841456],[15.794867106406775,39.97163849675664],[15.820102595086796,40.001896745632955],[15.850299235229487,40.00599612834061],[15.86795270797482,39.99046478106515],[15.877301477991452,39.99649599974757],[15.890397205581287,39.994496709376286],[15.898075782890201,39.98248670054434],[15.928000239182843,40.001096909137374],[15.9685992027946,39.99179597446527],[15.980744109042577,39.98284810475619],[16.004787576207484,39.98925671922314],[16.008602484612073,39.996496172416755],[16.023398673365616,39.995995754999036],[16.03369623370166,39.9842002969137],[16.007351251361516,39.95579785433852],[16.021695124396096,39.93439930523699],[16.01851656285013,39.92650975885464],[16.042539730142007,39.91145665366651],[16.049771683136015,39.8967388683842],[16.082380104051037,39.89655662116849],[16.103300416608576,39.90699584119307],[16.138041351050855,39.902185564571525],[16.15890047874202,39.91949629971501],[16.21339246479706,39.89674209243392],[16.216601887278546,39.92789646563216],[16.236609948868857,39.92551341792803],[16.268399780001257,39.93589647423243],[16.28271124977178,39.930832667632124],[16.307399787270818,39.93469601209083],[16.35057818007485,39.899221646844],[16.35905551565758,39.91868474567382],[16.337904669501363,39.93620025371619],[16.35860028329251,39.954869666603855],[16.370703292314072,39.98349786166998],[16.386200361947058,39.99869577332692],[16.402344839741566,39.99387349930437],[16.433569013565048,40.00507986791945],[16.440027026528576,40.01353631969073],[16.436293101015227,40.01930694814943],[16.417902337403813,40.02120317682415],[16.39870388344868,40.05570009037447],[16.415125200911753,40.083910833859804],[16.408904307765464,40.12099853995479],[16.414898726491653,40.12439534247819],[16.43079769897392,40.11469745255629],[16.43769919757952,40.09692371146247],[16.469194917070354,40.069170060024206],[16.481280080336155,40.074773180610734],[16.51500455408249,40.12879642796204],[16.530503760083118,40.118777917941976],[16.587200348380314,40.13309659418899],[16.627726688822726,40.129821504612],[16.643894260401314,40.118999563342335],[16.609048716060958,40.08476787855563],[16.598822920711104,40.04253529937801],[16.613716907543292,39.98590641426169],[16.62956773677457,39.96442845980448],[16.60459778342577,39.931001932445255],[16.538390937203562,39.87079696316283],[16.491039703286415,39.804432282591684],[16.486135721919318,39.78204752235529],[16.493251273888692,39.74982369800697],[16.52939629719541,39.72449819718731],[16.52099848463592,39.662860789838916],[16.529200237571175,39.66649476602055],[16.563359706071086,39.642730493371054],[16.630069748300524,39.62034267596154],[16.73505421207192,39.61642783568655],[16.755900284342857,39.624495735629],[16.77049798495593,39.62079480482025],[16.817696930768097,39.58809770454591],[16.82686742090421,39.56793257909579],[16.866779550763006,39.53859474569004],[16.961021761380618,39.49546555903241],[17.023794135934647,39.48239899102842],[16.95788837428507,39.436875093344554],[16.956437908188057,39.397155236135575],[16.940801813733987,39.395903628463245],[16.91583124937442,39.411811594623586],[16.903169824999832,39.4106951434185],[16.915296260769427,39.384402899736216],[16.884849859280628,39.37324448639879],[16.868198462985593,39.35680384296485],[16.844175367961995,39.3548939884384],[16.839696927573485,39.3408081704048],[16.808794296336494,39.35055548430505],[16.77237487861609,39.348882814743845],[16.763565059898678,39.36130447960981],[16.736331161380374,39.36075713940068],[16.729398555202863,39.350203719111384],[16.705860541813482,39.3541776406456],[16.707525708367296,39.32212761636464],[16.731855484747417,39.31386739556079],[16.76099381004631,39.291900067267385],[16.751268824908156,39.28408680441454],[16.75869634480964,39.26540022991796],[16.747160029386578,39.24452493904567],[16.77809479449712,39.195901243850074],[16.747833615583986,39.189807750464816],[16.70392803219306,39.195118189665486],[16.6781504547122,39.20571128255549],[16.650999864723417,39.1978039409466],[16.625432666774312,39.19945363637698],[16.599300150725075,39.19184238593225],[16.579898731765084,39.16850378513325],[16.563957744758255,39.16615430803643],[16.535999970343173,39.1445041593879],[16.52248846821461,39.16192977584404],[16.50584909915853,39.1600446902541],[16.501197117741828,39.14170376340036],[16.48814723225254,39.138038527439335],[16.479694030934997,39.12250932468612],[16.48551914579504,39.115168684501256],[16.509297175327653,39.11309654298535],[16.510495932550388,39.107202692924126],[16.478020067524763,39.10616367129456],[16.47491543223217,39.085068185245575],[16.48119584529558,39.05910082331491],[16.470600118880302,39.05130380185231],[16.443227440848926,39.0672608047432],[16.424301493598797,39.0618029386791],[16.398702403148068,39.087002917898474],[16.39141791064502,39.10418929487933],[16.365828605441337,39.09490455709949],[16.344028862996506,39.11091730815353],[16.29740327035806,39.09960396831995],[16.259283376645076,39.11214996241117],[16.250397694339245,39.09940336404843],[16.234298925493093,39.092303143545244],[16.226002394794477,39.091503868358124],[16.216098695832848,39.10009698145567],[16.212798346631804,39.0822035796178],[16.19509649852099,39.07973001135282],[16.143797696755623,39.04910377277803],[16.135101140774832,39.048804016007196],[16.12463889823541,39.058650058770255],[16.094002562879755,39.048803336367904],[16.06680277810122,39.13350072078194],[16.053690526020734,39.2805634027843],[16.036620801111752,39.34825844450168],[15.986785157773033,39.45448825400364],[15.958602581313446,39.47830225478274],[15.925487448959652,39.526020818814615],[15.881702333496941,39.54390301408822],[15.873902804003828,39.55390145858341],[15.832045917062695,39.66725103422483],[15.817503254129077,39.67740279950801],[15.785550032564313,39.81669811350927],[15.76910482414616,39.83560174153755],[15.789330236359108,39.850382060056475],[15.791674850711635,39.86076070657411],[15.779041454647414,39.89345395092191],[15.75600501566621,39.923499233963724]],[[16.468986640215256,40.009342482070736],[16.439435437861622,39.98455262658009],[16.448195870695606,39.97000008620262],[16.445164561276517,39.96021278863387],[16.495728388156596,39.952210141247484],[16.498603319473805,39.980298546492826],[16.51212354916777,39.99192343746146],[16.483916282704058,40.01252949294919],[16.468986640215256,40.009342482070736]]],[[[15.7699731697079,39.87140389200574],[15.771201976904349,39.875195656814036],[15.779287014152214,39.87190218725032],[15.7699731697079,39.87140389200574]]]]}},{"type":"Feature","properties":{"id":"crotone","n":"Crotone","rs":"calabria","rn":"Calabria","macro":"sud","mn":"Sud","pop":161479,"nc":27,"nrd":27,"rd":48.1,"co":184.77,"kru":448.59,"kin":240.57,"drd":6.57,"km2":1726.0,"dens":93.6},"geometry":{"type":"MultiPolygon","coordinates":[[[[16.613104050950998,39.19419794735368],[16.678000160063828,39.20579635932973],[16.703416740025745,39.19524741735613],[16.71939925416504,39.19739626152403],[16.747363319767373,39.18986265809822],[16.772694318240287,39.19773338039351],[16.76697422642455,39.21777434384663],[16.746804050625116,39.245299655614446],[16.75824443988314,39.26486482430949],[16.75090346768885,39.28339996927606],[16.758037967132193,39.293197773959534],[16.732134707209884,39.31370331638181],[16.706304058731813,39.322901574959175],[16.704803271434415,39.35459682220197],[16.728432151116287,39.35024345552942],[16.737000327333458,39.36119637005994],[16.76429866535045,39.36159581195072],[16.77789399932317,39.34761613130288],[16.796300734439807,39.351695788167426],[16.83800457930526,39.345433175247365],[16.843702233167775,39.35479706984874],[16.867899149265487,39.357552210770926],[16.885301178256224,39.37359696828227],[16.91416406978048,39.38472123746263],[16.914210968983923,39.39489035424176],[16.901003915474003,39.410596878225164],[16.91529933948793,39.412096468268444],[16.941146845507276,39.39590859792992],[16.954791069259308,39.39596798016368],[16.95720349858522,39.43699751895492],[17.023800071663203,39.48239520651149],[17.04681426189478,39.44401469081109],[17.080800953452734,39.42189349521424],[17.120905367216068,39.40511888569675],[17.156695037569325,39.40009856500308],[17.13498885588265,39.372654891287404],[17.10938475557062,39.307461418852704],[17.10564729375531,39.25573517869978],[17.148396055752688,39.20609912613897],[17.1144490510349,39.13721829955475],[17.108147282807682,39.107142313064166],[17.118141009683452,39.08804948006373],[17.134994945434755,39.08329758787667],[17.131673674778725,39.06626850367018],[17.146593289977464,39.04663852739186],[17.173396569245956,39.033019353976975],[17.2064956212377,39.02839583242743],[17.20499705602671,39.020604106118746],[17.188390136597114,39.0201137710743],[17.16391165401074,38.994221458396815],[17.161347499790562,38.96791559674405],[17.170051899195002,38.95674742470151],[17.10006278036035,38.90367662508237],[17.09349930233352,38.89250550136364],[17.092386458714444,38.90579883193717],[17.082576607542666,38.91304747102424],[17.047168593161558,38.919265903082994],[17.03325042058703,38.91675023365946],[17.021500340083904,38.905903523549924],[16.982563012935987,38.93780050686591],[16.890605349747634,38.92800432964804],[16.916391551320924,38.95379159971901],[16.8912042853077,38.97410123000768],[16.89543061464207,38.98381281416168],[16.89135749254278,39.00265957905794],[16.842480999919236,39.041511608037695],[16.81893008846284,39.05176143258395],[16.760499288878886,39.06637834710948],[16.73380104785139,39.059003629646725],[16.698944817627083,39.08984780180595],[16.679302376994038,39.092203423203635],[16.666285167356172,39.111109298540505],[16.63821128455319,39.13199865204194],[16.66753427003175,39.13395851985347],[16.66919397442736,39.15412608754839],[16.649800757371004,39.152903862481864],[16.62910242553717,39.16240292866424],[16.613104050950998,39.19419794735368]]]]}},{"type":"Feature","properties":{"id":"reggio-di-calabria","n":"Reggio di Calabria","rs":"calabria","rn":"Calabria","macro":"sud","mn":"Sud","pop":509105,"nc":92,"nrd":92,"rd":44.46,"co":246.3,"kru":374.13,"kin":208.86,"drd":1.67,"km2":3030.5,"dens":168.0},"geometry":{"type":"MultiPolygon","coordinates":[[[[15.6306038720542,38.10189795339224],[15.64788936882537,38.11438456918198],[15.655050009379103,38.133806562605095],[15.654755293237663,38.153148084804734],[15.63400354471267,38.185801536579596],[15.636502499576178,38.23219710247625],[15.691901257260874,38.25109613020094],[15.749195610942872,38.25711096369974],[15.794182391106196,38.280250489709765],[15.815928585854403,38.29965189260657],[15.829287620274167,38.32437914951133],[15.833003664131857,38.355999014592726],[15.858403847388566,38.38058553745229],[15.865233479689625,38.40205978516005],[15.908325436038021,38.4724442277626],[15.918503204643697,38.50679678825854],[15.950757402400441,38.51499804177258],[15.954566553607094,38.52352291189752],[16.005081406253833,38.517086166338416],[16.080098967092574,38.56209614941575],[16.09994462340488,38.543147133571026],[16.135698576557118,38.53559629661048],[16.193704968451357,38.497616573344594],[16.2364979046683,38.498797150339854],[16.26505050364052,38.466476804695745],[16.269689615027254,38.4440977461823],[16.301857712670518,38.43100799235523],[16.3488141743053,38.42901015335612],[16.392344110397108,38.44591094275892],[16.381803252313627,38.460701229817566],[16.388074413477018,38.47569513169487],[16.35534915477416,38.49555641947858],[16.34550388027296,38.51629959642601],[16.349303657588198,38.537298149772916],[16.3586058395203,38.543130511136546],[16.363002448757786,38.56049716750785],[16.392899357695974,38.57379575698799],[16.438594590663268,38.53859983673745],[16.422273951773832,38.52894790835392],[16.423295430571496,38.52210155100194],[16.407635142663604,38.519092088507655],[16.4110070124132,38.511638228663045],[16.457597842969083,38.51299642435128],[16.485797564062846,38.500496735574636],[16.491613340950153,38.48690395319681],[16.54003599792246,38.46452673588859],[16.581896551737263,38.470096704400824],[16.582696536653234,38.456600462947385],[16.570797286872466,38.42670187207209],[16.502948429841602,38.36494202000962],[16.460098956275193,38.33680234142808],[16.325085794762188,38.29391147685731],[16.161197951443338,38.12810365227524],[16.13459991027988,38.12460390275189],[16.091198946472893,38.13548266648513],[16.071302780710983,38.1310375113335],[16.055953456476285,38.10853447511761],[16.091467852466455,38.096228933802564],[16.10388665523481,38.09652810078189],[16.12580079874798,38.111196189141715],[16.159396183304466,38.113895292585156],[16.144196393573395,38.03130096423852],[16.1066536144543,37.96757930471365],[16.06449837606332,37.92560332924816],[15.997999678381735,37.91580321039708],[15.920323593405524,37.92967548259274],[15.777931725727433,37.91600049835235],[15.732601028901465,37.92530392908584],[15.696618053909473,37.948980921832344],[15.677601817856758,37.95440245326891],[15.635936040949803,38.00863826649192],[15.633503977962858,38.01839813674199],[15.653591932213255,38.03073624035911],[15.656598564229009,38.03911879486809],[15.647804345872652,38.05410017981353],[15.649631293771538,38.06779020494007],[15.63470277897912,38.07580223966469],[15.6306038720542,38.10189795339224]],[[16.272860015174896,38.42250225088591],[16.268112145780147,38.400017062844576],[16.27326895284876,38.36845377013435],[16.28122609678993,38.35633183304279],[16.294258565296495,38.37485962529212],[16.287304105263175,38.38350339101127],[16.297490402487057,38.40088432912578],[16.29785908730646,38.4163890623559],[16.28166817050462,38.427282429660636],[16.272860015174896,38.42250225088591]],[[16.0626702141522,38.2612702141522],[16.1219030425162,38.22802406761695],[16.146699981440868,38.23459667444227],[16.16003081157173,38.23034413439244],[16.178882021639495,38.24083292275072],[16.167962875930403,38.26162819771023],[16.1395055978748,38.273601328389134],[16.14241056640893,38.28178657596087],[16.114059628486846,38.29670342826448],[16.066655565279827,38.281009927279904],[16.0626702141522,38.2612702141522]],[[15.839987383855528,38.09528774007516],[15.843151658030825,38.090696826239785],[15.864266488283716,38.09993250399262],[15.87379941806937,38.114594903938375],[15.875597180790068,38.10130153259535],[15.857249101462076,38.081664429064865],[15.865295955940713,38.048900422626005],[15.860697278166882,38.037538074093106],[15.906599098235251,38.0308403461052],[15.914600976441461,38.04196060153963],[15.913917226871273,38.05382253995309],[15.898003846057996,38.06989730139509],[15.905191945971545,38.073780854448884],[15.90240280717699,38.08449633911489],[15.91365595589372,38.0917202205314],[15.902788796971144,38.12386283637765],[15.877677077872818,38.12169649646032],[15.872504448372984,38.12660053337253],[15.883324745361238,38.15902844913449],[15.863983420655975,38.152312511166286],[15.856907428615445,38.13931560954838],[15.86879635900563,38.11709728479261],[15.839987383855528,38.09528774007516]],[[15.786521482922105,38.06057640423938],[15.785543642456789,38.009962480773545],[15.814422392794105,38.010625826113156],[15.826082544220407,38.02430117969808],[15.839954170047855,38.07389064551952],[15.837016973723228,38.08317773343964],[15.806698202815651,38.06410377195015],[15.786521482922105,38.06057640423938]]]]}},{"type":"Feature","properties":{"id":"vibo-valentia","n":"Vibo Valentia","rs":"calabria","rn":"Calabria","macro":"sud","mn":"Sud","pop":150197,"nc":50,"nrd":50,"rd":61.21,"co":164.11,"kru":411.62,"kin":159.03,"drd":0.51,"km2":1142.5,"dens":131.5},"geometry":{"type":"MultiPolygon","coordinates":[[[[15.826704312067667,38.62300103657903],[15.848102692344499,38.6591965164009],[15.905397908400651,38.6834950345682],[15.947774097308923,38.69110361960418],[15.98180124099167,38.721397233478065],[16.04202829060908,38.727701353007376],[16.10377199667793,38.71193637270671],[16.134092163685217,38.717520080277865],[16.182468940007283,38.74787141312021],[16.21330250678524,38.8105967893686],[16.24719909991426,38.809497131162516],[16.273625027955593,38.793812652184],[16.274811607567766,38.81384173803606],[16.265808381081275,38.81979903290989],[16.281900121769304,38.82439632573475],[16.296298688323763,38.82129690225184],[16.325205649252215,38.798399376390456],[16.34429815662482,38.79409706021195],[16.365921897344016,38.75931190138337],[16.370196326691524,38.74210123578864],[16.35002313956426,38.73436060445506],[16.33997022162789,38.721666322514125],[16.349095788454726,38.707201659454206],[16.327838213570153,38.67730576411127],[16.345496476659893,38.66689763674744],[16.345496696087334,38.65740113547674],[16.33001493508772,38.640409597546686],[16.340273208039765,38.63175308951954],[16.370998090746397,38.62589704668629],[16.37659552776607,38.62099959315147],[16.371028924974006,38.609056097721265],[16.391084351880533,38.599878018733335],[16.403169071474018,38.6012635974664],[16.43179522113833,38.57900038496091],[16.419897768515643,38.554003665895095],[16.391486735784593,38.572767860915334],[16.363157680652076,38.560317609886916],[16.35823298944301,38.54245938099742],[16.349616949545748,38.5364913952253],[16.34595746794224,38.515819312545254],[16.35255645249858,38.500696295179196],[16.373331245898036,38.48116812787137],[16.388396653597628,38.476097676103706],[16.381790044898796,38.461445882951345],[16.391897374151785,38.44380340188845],[16.349298891266777,38.429003977233485],[16.301600987636558,38.43060364036485],[16.26535042563628,38.44824957436372],[16.264901091288372,38.46670865144908],[16.23608116378683,38.49895882923716],[16.193501396866825,38.49750341508265],[16.135925845509934,38.53534265193377],[16.099103143502845,38.54340291572426],[16.07987146009918,38.56182121226563],[16.072407163714054,38.55996859645686],[16.068797483147538,38.54910712486028],[16.06323069411147,38.55275471292552],[16.045665665736962,38.544189293942],[16.040297680398293,38.5349029617109],[16.02118510753968,38.53035529362219],[16.004499641775592,38.51670421161363],[15.960460822849297,38.525490497173166],[15.9517975149524,38.51480330281165],[15.918505082259221,38.50680355678555],[15.930537439418702,38.537159324159745],[15.928667174017518,38.54964138299051],[15.901103163206628,38.56440287065243],[15.892665960207847,38.577759625243424],[15.826704312067667,38.62300103657903]]]]}},{"type":"Feature","properties":{"id":"avellino","n":"Avellino","rs":"campania","rn":"Campania","macro":"sud","mn":"Sud","pop":394759,"nc":118,"nrd":118,"rd":62.17,"co":212.71,"kru":373.53,"kin":139.69,"drd":-1.95,"km2":2801.4,"dens":140.9},"geometry":{"type":"MultiPolygon","coordinates":[[[[14.559406593927529,40.88799973075527],[14.572461827271443,40.896728459636634],[14.574304727382524,40.90919790721962],[14.620320279405998,40.91280887446865],[14.616037632364543,40.92692125586239],[14.585302875410177,40.934002762515036],[14.576704400022424,40.96310253788992],[14.581149593583257,40.99364510990099],[14.568004484536546,41.02069849879349],[14.588052821569567,41.034196040076615],[14.596703669217383,41.05889555672226],[14.641194353801172,41.0430722436353],[14.667300967428824,41.05799632698247],[14.70061135986121,41.05543067307228],[14.70900038224484,41.06149583666105],[14.725939141571072,41.04783625515568],[14.72904916113157,41.02832715923681],[14.738088174817047,41.01670738265164],[14.760675160358568,41.00944683580571],[14.773964110971798,41.01451743207758],[14.768905066763311,41.02199986999669],[14.776399945372281,41.04067124879189],[14.774804042999433,41.05459476370265],[14.791027650506198,41.048502422701446],[14.79690101737252,41.06039626241186],[14.805996944244672,41.05879724309736],[14.808227202789391,41.040351734441565],[14.832793078285292,41.03575087297389],[14.847702228191794,41.04779579695703],[14.862909233586494,41.04825025775474],[14.868964469447068,41.057626190712874],[14.91754536943224,41.07383152592309],[14.922402407082275,41.08149696424532],[14.942552375611731,41.08182097265165],[14.974833746873205,41.09345609563843],[15.008600832215524,41.116810185728625],[14.995702864029777,41.13310235030174],[14.992801502738759,41.14993027545866],[14.956904488198212,41.14740307344583],[14.962004085550786,41.175298234383895],[15.004065933736255,41.207772224733795],[14.98460415330025,41.239000361635675],[14.981304267535558,41.25980028481743],[14.986101733117522,41.271196577551315],[15.051172175961591,41.25918411320228],[15.066397318605475,41.27089349087775],[15.082246187887913,41.25358000174533],[15.100400108595073,41.260996448733565],[15.122880353412132,41.25666562278762],[15.138286452058493,41.26517557413222],[15.150302200388573,41.282796547087365],[15.183100288603393,41.286496437109236],[15.200994150891228,41.286196699736145],[15.200261538452462,41.280484385523096],[15.216397377493697,41.27519676910164],[15.221709345779587,41.265617470769456],[15.247067693817247,41.27136540093785],[15.279795138018544,41.24070233885338],[15.24652373474757,41.23567546150621],[15.248830895480495,41.21825094538535],[15.262395840614955,41.19760319488718],[15.223606082828251,41.18196924030035],[15.2094452120936,41.166815594872034],[15.211351178445394,41.148186082148335],[15.235698149352372,41.13989677553283],[15.267368858824508,41.1065746163649],[15.291447363326176,41.09361889848744],[15.314299915523828,41.10389571333074],[15.366628949859525,41.085101009625504],[15.396571756444702,41.10688646104817],[15.446504659665893,41.078014815995886],[15.478297441308213,41.078696281126376],[15.48992621494966,41.06989861991539],[15.5428983143997,41.05589634398023],[15.5629952592029,41.03119894781854],[15.559361573933392,41.018006766107604],[15.57209635806628,40.99890008869543],[15.56659728455565,40.968801537458454],[15.542603194142282,40.94674237815706],[15.526697139014185,40.9076030980447],[15.469553027180538,40.89014048552509],[15.472295368327497,40.87330143204734],[15.460599462063444,40.867103857610594],[15.429790117924508,40.8796125015535],[15.384001328069097,40.87630385142569],[15.373161272237066,40.88561955840804],[15.355604929582329,40.882797372025486],[15.356994411379809,40.870753372086774],[15.378395563817154,40.867598117175426],[15.374298614467861,40.83490406320301],[15.295829399058112,40.83785656830315],[15.280596923974937,40.79950279250648],[15.251586153100236,40.78725857037346],[15.240260282739087,40.77163837885411],[15.246994802161307,40.71760367826179],[15.203357930580328,40.715510359664854],[15.169001032223342,40.70660413616376],[15.145839754481832,40.73284421009692],[15.139707321191077,40.756166513309445],[15.13266587354226,40.76096041545176],[15.02874419360647,40.781503022924866],[15.009102027224452,40.77320530547444],[14.987908656039268,40.78789395184824],[14.945500233673728,40.788003864891834],[14.918503204957242,40.80120232383947],[14.915019093517438,40.80919344915257],[14.87539924749243,40.796902699513375],[14.84531784170045,40.79958135347054],[14.836498956536982,40.79370345539768],[14.812552802945602,40.80441729266958],[14.792999361695472,40.7984038185749],[14.778612984983257,40.80637844037314],[14.747600984443986,40.8033041255194],[14.730205422657992,40.82139943069569],[14.740325458214592,40.829114617596],[14.731593320502496,40.84094014032532],[14.686837088115539,40.84137440493586],[14.67451017730972,40.828965113836084],[14.675895424752639,40.82150396450707],[14.666719056065888,40.82252676372015],[14.632296769137128,40.84099134998506],[14.60550191455808,40.84760360257434],[14.577729467463309,40.88000424940807],[14.559406593927529,40.88799973075527]],[[14.682179864398542,41.021358480180425],[14.68579665832878,41.008100762059115],[14.679759410397915,40.982937805180974],[14.69221353619111,40.976077086050786],[14.714930946805621,41.00714630349667],[14.697923026560074,41.03152106545921],[14.682179864398542,41.021358480180425]],[[14.664123700201738,40.914346526771226],[14.645631776966127,40.909650281256134],[14.651305119937936,40.90411418964388],[14.668207629509599,40.905373312487356],[14.664123700201738,40.914346526771226]]]]}},{"type":"Feature","properties":{"id":"benevento","n":"Benevento","rs":"campania","rn":"Campania","macro":"sud","mn":"Sud","pop":259648,"nc":78,"nrd":78,"rd":73.98,"co":201.64,"kru":385.51,"kin":102.37,"drd":0.78,"km2":2073.2,"dens":125.2},"geometry":{"type":"MultiPolygon","coordinates":[[[[14.35200413574278,41.15209951302652],[14.379297735133003,41.16149620725761],[14.424057149775757,41.13621647597008],[14.439300752957505,41.15539662685967],[14.462068761301088,41.15647216728518],[14.458704471261713,41.16359945628443],[14.466814397188655,41.17167219288706],[14.459402753153974,41.17470458233644],[14.462373673511554,41.190484719594394],[14.44680332401159,41.19750271098518],[14.433732049180525,41.22179194882017],[14.41810351723558,41.22230225194552],[14.41730455820651,41.244298536473345],[14.438559760407868,41.28194678610879],[14.453701596735115,41.29379686897522],[14.489516246872983,41.302671251803964],[14.468974380311522,41.34456538381904],[14.43950264476448,41.34420340768316],[14.456202175303439,41.37179709708102],[14.477901462843047,41.37979578437943],[14.494354472260467,41.37487021610986],[14.501101749946843,41.38279647688298],[14.522300144789535,41.38529625906894],[14.551266722692084,41.379594252706376],[14.566400863967937,41.39209642077825],[14.586297703544343,41.380498018454006],[14.588234531818484,41.37047321992448],[14.60404271441269,41.364392650406856],[14.643401536196304,41.394097307260154],[14.661303918886293,41.39439192826615],[14.671402102485086,41.40669701381336],[14.685436451966376,41.411378817322124],[14.717132346082368,41.40092998417927],[14.763074069471067,41.41661779558338],[14.770838594811144,41.440461510480255],[14.784900990382617,41.45199718087751],[14.855839894451607,41.42481638793189],[14.868157454571516,41.42812022329727],[14.88450164538673,41.44469713888919],[14.94633008152568,41.45598358796613],[15.00759957349811,41.48639584627975],[15.023796722800869,41.47689717259009],[15.032386812703736,41.45409946786807],[15.043895626858697,41.455895124582206],[15.047029579610495,41.4436450460213],[15.076358923208327,41.43280778885056],[15.098397659240264,41.433996089992675],[15.10339552768827,41.4215021311299],[15.091423590199264,41.417412860780104],[15.086890428181029,41.4052310060877],[15.098394729483985,41.3906024648037],[15.081562098700324,41.38767558489962],[15.059944725923149,41.37269426241485],[15.060977813146204,41.358368212923196],[15.07282210199838,41.33235040843367],[15.130495447272502,41.317196904389235],[15.127481712243945,41.30324867804056],[15.149095520423943,41.28039832395613],[15.1380474731719,41.26494567039322],[15.122898779942243,41.256604075190616],[15.10011226814924,41.26091996225177],[15.081700645963908,41.25290422460519],[15.065308692247559,41.268574045087526],[15.051000127000405,41.25820439060216],[15.01996576024423,41.262981948168246],[15.008754825689989,41.27084096517672],[14.98602289342542,41.27071338330568],[14.981401088587157,41.25996544769094],[14.98478161587049,41.23854660019742],[15.004895353164926,41.20820013941544],[14.963067552088182,41.17580925813884],[14.957697539576438,41.14953329442005],[14.995295138438523,41.15049639779747],[14.995548170091835,41.13389542769693],[15.010895259585489,41.11810105612621],[14.974997671203832,41.09350397062678],[14.952020952071566,41.08812432285715],[14.945096401662564,41.08030480693779],[14.923321318091293,41.08174575683654],[14.918297401954804,41.074103005623044],[14.869835516585177,41.05798005361273],[14.86349732135659,41.048502994880295],[14.848409174575377,41.04710428006654],[14.833098476236488,41.03580351917976],[14.807303463494339,41.040602474908056],[14.80397093576559,41.059143117599135],[14.795825403742473,41.05948460318803],[14.790899832654027,41.04820359248402],[14.777198273849518,41.052692325513114],[14.770028698034471,41.02206245177717],[14.775794666768437,41.01490059796271],[14.760468604926434,41.00941167743429],[14.736404135985639,41.01720176235124],[14.726136567622218,41.047514732729525],[14.709348337367583,41.060911631123126],[14.701398757506853,41.055403659762284],[14.667397178582679,41.05763104403136],[14.640101389217916,41.0426042831642],[14.599137285511716,41.0568858832383],[14.588296849514977,41.03420231872422],[14.568936494243825,41.020867143572374],[14.571893144452938,41.00961038740452],[14.54446736945795,41.01806303648046],[14.531100201211267,41.01340531075171],[14.515003564713146,41.03740037300493],[14.517320558744519,41.04883734034567],[14.508187308936241,41.05500390530832],[14.493197418400673,41.04750398895008],[14.481086207083296,41.04958789777849],[14.473898789012583,41.042603887902054],[14.455972353920739,41.04269959803378],[14.454159994015386,41.04834121103429],[14.413005826532666,41.057200204987055],[14.43755806170284,41.071074424291766],[14.432403927310721,41.079500893786914],[14.433985459106548,41.10646272901992],[14.393805532742064,41.11590253037191],[14.39647022823618,41.12223807137902],[14.388400430594862,41.1339482752092],[14.366601896041937,41.136903663725384],[14.35200413574278,41.15209951302652]]],[[[14.678905729686306,41.019399265919944],[14.695601174646978,41.03389404907517],[14.715695592220051,41.00709940583427],[14.693597355523803,40.975204292631226],[14.679703619103998,40.98170220992943],[14.685710221727586,41.008834809940566],[14.678905729686306,41.019399265919944]]]]}},{"type":"Feature","properties":{"id":"caserta","n":"Caserta","rs":"campania","rn":"Campania","macro":"sud","mn":"Sud","pop":907442,"nc":104,"nrd":104,"rd":59.8,"co":219.09,"kru":470.93,"kin":191.94,"drd":3.78,"km2":2648.7,"dens":342.6},"geometry":{"type":"MultiPolygon","coordinates":[[[[13.762204717782911,41.22260105708396],[13.773802119595079,41.242596556729325],[13.81677636845687,41.24384429645104],[13.833506353023232,41.252297859975464],[13.838798723593792,41.262801035292235],[13.828403091599043,41.28109731643266],[13.85107199313464,41.289611998855776],[13.881923235955098,41.29106931697546],[13.889846004100775,41.297917341809345],[13.894124707238246,41.31102988628819],[13.873733623711406,41.338233453071176],[13.870904424889687,41.357100262031835],[13.873704019252,41.37479844115299],[13.883921943882235,41.38584038274133],[13.861203828351583,41.416598646264674],[13.875201459584517,41.42639594889691],[13.904776446703002,41.42646475433594],[13.96080129851502,41.46349658799426],[13.977899126540612,41.46239687401581],[14.005697637769599,41.4527971159109],[14.0091962053866,41.445599591978045],[14.00204992992849,41.429208497899616],[14.01775731330897,41.423345870763754],[14.04193450724609,41.393546158513324],[14.084799456096059,41.39999560366249],[14.110126053025196,41.38695485241371],[14.10380395935389,41.401802123937856],[14.105495992078442,41.422417027504416],[14.078304284872907,41.44710020002505],[14.085958175475875,41.45897263920422],[14.082405372470447,41.46539885553397],[14.117607367233456,41.49576207393251],[14.11860366479487,41.50509731770772],[14.125299082026812,41.507396221132616],[14.151363778290248,41.48302214567572],[14.16260052330094,41.48012734823766],[14.173700799270287,41.50079551855354],[14.241697823563126,41.4966964421332],[14.250710948970129,41.48458638368208],[14.279098379122953,41.48639650176963],[14.292193365728327,41.476400096180605],[14.28917916711459,41.46977653137641],[14.326858497887509,41.45360273390877],[14.40061491828479,41.43750234887425],[14.412499188433348,41.44129599161524],[14.428662427024427,41.42888245900317],[14.453899050068062,41.42789661241891],[14.47739829273035,41.41899624898486],[14.488389402966595,41.39148304978619],[14.504892483551943,41.38270340590959],[14.494998681062814,41.37430399918512],[14.479171139721586,41.37925246233981],[14.473598577478533,41.37340376186922],[14.464260032741485,41.37520312493529],[14.447806719777628,41.36149530053528],[14.440495510569239,41.34558926237279],[14.467998941627773,41.3455964528908],[14.489197133047139,41.30060313007206],[14.45347499239655,41.29360618434514],[14.42026748412575,41.25442648319224],[14.418487732828684,41.223062343946985],[14.435696030607279,41.221297821553854],[14.446934447313216,41.19740330041361],[14.46179752142592,41.19189659752112],[14.45899600734933,41.178275737776524],[14.46709618643652,41.170501373669964],[14.459886781858502,41.163743148488194],[14.46369508820439,41.15690092814649],[14.438563979030887,41.15488783122474],[14.42310104348736,41.135304439069614],[14.378048968550932,41.16109142027766],[14.352483175314088,41.15159671805284],[14.3669630667888,41.13728032266736],[14.388298068222536,41.134297134392206],[14.39740140093436,41.11545273945941],[14.434196883369003,41.10779650266934],[14.43274334423097,41.079880738756174],[14.43979411595291,41.07100140624241],[14.421495676056493,41.063475215268994],[14.416455843569853,41.05502177103709],[14.472947271982166,41.04260529293343],[14.47810471407874,41.051294761954985],[14.491465729173054,41.04808627410873],[14.507199882907086,41.055695939512205],[14.518195910084255,41.048698441588606],[14.515342228180524,41.03686581546329],[14.531097015122075,41.01339869326334],[14.53329655192587,40.99600160251117],[14.520799508423845,40.98720393608866],[14.491712467549863,40.99412561096725],[14.477097902416014,40.981503996947325],[14.42613474923305,40.98100395459194],[14.40490626351333,40.986101664194024],[14.413686356856829,40.99604274096639],[14.409761059167048,41.00208494417822],[14.298072981721091,41.004488915851],[14.289599127289936,40.98769440269945],[14.292996207346736,40.969701738675134],[14.284398505074607,40.960303701415114],[14.262697820460868,40.96111534986178],[14.26399437565884,40.95190140045493],[14.25230037721632,40.94610394930973],[14.234858226086738,40.957176528240105],[14.214299755542706,40.94930424454811],[14.176536419152859,40.95362744866308],[14.166303590573799,40.94510628941154],[14.163582097460628,40.9526327641936],[14.138300939475556,40.944603808797005],[14.129706494745639,40.949800159705845],[14.146204467330532,40.95963430413883],[14.1405893952502,40.977804332183034],[14.113153898654964,40.97894536188352],[14.092762877461917,40.96002286453161],[14.049460490184888,40.959291494550676],[14.03469893060411,40.9488042567227],[14.01910831095682,40.94851763251642],[14.032601689363108,40.8990040323849],[13.996684158004767,40.95642513413389],[13.922602677747294,41.02650211150255],[13.89058703206314,41.096090912297065],[13.839868552819826,41.1568371218593],[13.813792479445649,41.18458448043556],[13.762204717782911,41.22260105708396]]]]}},{"type":"Feature","properties":{"id":"napoli","n":"Napoli","rs":"campania","rn":"Campania","macro":"sud","mn":"Sud","pop":2958410,"nc":92,"nrd":92,"rd":53.6,"co":252.73,"kru":501.35,"kin":234.52,"drd":2.62,"km2":1180.8,"dens":2505.4},"geometry":{"type":"MultiPolygon","coordinates":[[[[14.018003960333838,40.94789805704251],[14.035149564136978,40.94899430314395],[14.047303003672953,40.95919667709563],[14.093208339818165,40.96018485084297],[14.112301794878748,40.97899634296092],[14.140227498980437,40.97909999965196],[14.147395309338402,40.95910209633745],[14.132756858903445,40.951573140980166],[14.138334055614768,40.94473806737263],[14.166798275147679,40.953296285071204],[14.170562644243631,40.94813169598361],[14.172202572015921,40.95389620338436],[14.214611439021846,40.949403321807424],[14.232502854542147,40.95839497715999],[14.252927500260677,40.94667008552351],[14.26167461904181,40.95126737930772],[14.258705199257514,40.958699039764575],[14.263435193596834,40.96156084613142],[14.283853821761832,40.960465844491814],[14.292546533250285,40.969228231453314],[14.289204148881623,40.986400913480395],[14.29770104466629,41.00469580326803],[14.41049837703806,41.00229611704788],[14.414795171091004,40.99690016779666],[14.40747220491467,40.98647302680261],[14.419242502088338,40.98151430205339],[14.475517908123956,40.981642854406445],[14.492000048078484,40.994196485062865],[14.521857930071933,40.98796232624078],[14.532938370540139,40.99632509838837],[14.531103514559002,41.01339902962291],[14.544199856070058,41.01809698164531],[14.56589832701147,41.01509644323845],[14.58109651513661,40.9945982621208],[14.577293105933823,40.96496780818093],[14.585935721839151,40.934335901280534],[14.61679703097341,40.92659700196081],[14.622233393470143,40.91239548603335],[14.664498042505203,40.91519615593035],[14.669595341645909,40.905001771103066],[14.651101415492208,40.904003385567556],[14.632196007427282,40.91234254274779],[14.57669899769647,40.909665075750155],[14.562836202247173,40.886466508549155],[14.577198200157337,40.88059649905932],[14.605491657260767,40.847604004535064],[14.572013686451799,40.84689468140531],[14.565594924997153,40.836903735500755],[14.590196346416658,40.818198800719635],[14.588097110121954,40.80560234986837],[14.575692410299325,40.80021692674414],[14.575997124130415,40.78690405608601],[14.55333086557718,40.792139696677395],[14.544897824585837,40.77810355459446],[14.50734699489981,40.77166845492679],[14.514395859375336,40.746301866076074],[14.508273745034908,40.738723364392285],[14.521681325634368,40.734944968921674],[14.5426994259023,40.74019516291906],[14.55073804376176,40.72838233377134],[14.560798303592488,40.731695499215036],[14.571705495878247,40.71137030938282],[14.579795236665419,40.7095969804657],[14.578303448074413,40.70105149186635],[14.590596288569643,40.693998069829156],[14.572397981499805,40.67000289234713],[14.555796744180105,40.6675259723836],[14.580495730803625,40.63679816045957],[14.577696834860932,40.627402642598724],[14.517875875199824,40.6219859922708],[14.510903012167608,40.62910160239444],[14.509026480705145,40.64569754682519],[14.483008746327467,40.64732510819922],[14.465288233275547,40.63304716138207],[14.468593487566304,40.62020139607366],[14.419864235261448,40.610372264267696],[14.40679782456575,40.59930424861293],[14.324502328974235,40.569004915064866],[14.320504154798682,40.587798260368885],[14.340993005334761,40.61895909742323],[14.338605028488299,40.62619719575065],[14.351801157185902,40.63439555943591],[14.365461380381586,40.627873451040294],[14.399408958241768,40.63790281809565],[14.407544940484136,40.65019104945744],[14.403505466629982,40.65629930116821],[14.429218584700362,40.665474775243695],[14.447902518689602,40.68739504286906],[14.480773411747723,40.69954439313032],[14.466128956011994,40.7360973584477],[14.447051155193929,40.75446513348596],[14.413575649681034,40.75229437316422],[14.395602049522568,40.75940315056811],[14.316150462776486,40.82521736726204],[14.27398940644499,40.84462678898776],[14.225529580048509,40.83037830170571],[14.205838750320138,40.80842200051222],[14.206695947813207,40.8002021465129],[14.187300210991307,40.79220395612303],[14.166645716672324,40.81049225762335],[14.15914164459493,40.808023298640016],[14.163367698533309,40.812409095887666],[14.158955086027701,40.81693651109095],[14.120702459328372,40.82050376643354],[14.106954299506542,40.83157048226316],[14.089855405068572,40.83068448644696],[14.072614865393778,40.82018402396967],[14.08189696263688,40.811897769622206],[14.090393122576383,40.783405557726866],[14.041704126103976,40.79110295099842],[14.0475,40.824636617007215],[14.044833102643818,40.86465724727867],[14.018003960333838,40.94789805704251]]],[[[14.197902968996406,40.53680375839374],[14.200601067241115,40.561097024425806],[14.240939358475956,40.55574679486294],[14.26039967236036,40.56139541045797],[14.266295150996973,40.556599325508074],[14.25239985183198,40.54170436456876],[14.243615537592596,40.5465184698802],[14.197902968996406,40.53680375839374]]],[[[14.002104468184026,40.747400417886944],[14.01000336819267,40.76859704782408],[14.017197952612479,40.7697962974625],[14.021996047208068,40.758300726519984],[14.012797578517288,40.74860354573233],[14.002104468184026,40.747400417886944]]],[[[13.851305605936865,40.71049980869174],[13.861009968015741,40.71816998636521],[13.858603393663525,40.73799798753789],[13.867902093752184,40.75064630689245],[13.86190615392616,40.75749902701264],[13.8711993776856,40.76169554023742],[13.954997504383734,40.74039755461012],[13.965295337097361,40.71270247682404],[13.92349925129099,40.697403709844025],[13.905065591548135,40.7017231633614],[13.87370022591721,40.69690382048243],[13.851305605936865,40.71049980869174]]]]}},{"type":"Feature","properties":{"id":"salerno","n":"Salerno","rs":"campania","rn":"Campania","macro":"sud","mn":"Sud","pop":1054766,"nc":158,"nrd":158,"rd":68.5,"co":258.52,"kru":434.96,"kin":138.25,"drd":2.14,"km2":4941.0,"dens":213.5},"geometry":{"type":"MultiPolygon","coordinates":[[[[14.462304517083263,40.62600098082673],[14.482101870859713,40.647496436325376],[14.501900437552655,40.64819621039334],[14.509397703087414,40.64569727769536],[14.510888452373607,40.62941304911061],[14.518440315213757,40.62189791026307],[14.57783651342972,40.628074252598694],[14.579532407824033,40.6367075027481],[14.555104191172703,40.66789938047157],[14.572348855682463,40.67031845386582],[14.58991634465882,40.69397489231473],[14.577004393174807,40.7015016888175],[14.578416226899408,40.70836906599408],[14.571502997933752,40.71050322143514],[14.560892527866978,40.73029456051195],[14.55030198848424,40.727004601982685],[14.543295502317882,40.73893506311467],[14.520501504423297,40.73480406525483],[14.506104532868576,40.742598418760295],[14.51373577149461,40.74799147930458],[14.50710332808271,40.77289753556779],[14.544240322150888,40.77832834364147],[14.552601805834314,40.792695819086106],[14.574580212838736,40.78791753113761],[14.574204728443364,40.80019800235424],[14.58799233519352,40.80623151082326],[14.589271283472169,40.819083467024114],[14.564604066257843,40.83510067983863],[14.570972683219118,40.84671367308082],[14.61597096224981,40.84567966325768],[14.67169755996633,40.82206234793046],[14.686201498132323,40.8413967092821],[14.73119910400283,40.841995468686854],[14.741695030256848,40.82840096769431],[14.73239126320872,40.81963906466716],[14.747635706187939,40.80344963428442],[14.781396449538825,40.80679595958744],[14.792369703360032,40.798606378014206],[14.812899086282446,40.8045962902003],[14.835740480863878,40.793746514798784],[14.844601029888674,40.79959694560154],[14.875136437917467,40.79688481045606],[14.917297204374808,40.80979602164752],[14.919434707289891,40.800806635840395],[14.944931955712295,40.78834240783807],[14.98839857582946,40.78839591297315],[15.010329734247192,40.77474866000894],[15.028599937790812,40.78159638522432],[15.132399010103528,40.761195843900694],[15.139597056569658,40.756797817472695],[15.146121564406867,40.73244872894162],[15.16984296290548,40.70684803803567],[15.244323174024649,40.718412017563104],[15.238703563210484,40.767599376238536],[15.251556699333795,40.78744007497088],[15.280323248189353,40.799951275172965],[15.295602282622824,40.83819658270162],[15.334998860964193,40.83489588089981],[15.36619308778911,40.812556587726604],[15.38049609619772,40.81099788623901],[15.368951205051923,40.79974474278741],[15.386195953318468,40.79709527244869],[15.381357542662492,40.77884088694736],[15.39119447777533,40.767201086465725],[15.379265538897487,40.75118672545646],[15.38254231660951,40.723773949664135],[15.410897472988163,40.711797253504855],[15.430135508210851,40.69216235112312],[15.503695968781791,40.66289871170211],[15.492097786800624,40.64750343970183],[15.467764142394385,40.638797649157475],[15.451756971543894,40.60958028351391],[15.475088265445228,40.59275653046531],[15.510098321313531,40.58569653098203],[15.51913230610892,40.57100984095211],[15.539293960046571,40.568100424368474],[15.52912848629085,40.557989599816615],[15.537048755789138,40.53516458381589],[15.544695039695243,40.53009903314887],[15.538635721561965,40.51987745028528],[15.55049397210947,40.509200553869974],[15.53721605449098,40.50088598303016],[15.53971037388266,40.487854215749195],[15.577896376696488,40.46949779544703],[15.592226168056808,40.44188933411654],[15.647997321204395,40.41399662287528],[15.661692401126531,40.393988314886194],[15.67170018986937,40.397895960515164],[15.710096405629292,40.3772981095186],[15.704310956368477,40.36262079770506],[15.708829788364836,40.33675219726563],[15.730794648806436,40.322097782324335],[15.728103054928964,40.3145233135249],[15.741736113102784,40.30235019771295],[15.792297965397838,40.28969717523144],[15.805694885968531,40.274500318388085],[15.799651014551007,40.26018150848135],[15.805394986172944,40.251400956713816],[15.789386741538038,40.242812076125915],[15.790047126421074,40.230130960363276],[15.797194574383685,40.22479928443871],[15.791098324639254,40.21790341886712],[15.77377268628434,40.2170805288833],[15.751198885780543,40.20180358286648],[15.734155442682187,40.201435872314676],[15.72979702337724,40.18630289025101],[15.71363809467823,40.1791058482462],[15.71559576487434,40.168501800987926],[15.701760862086088,40.159932232330334],[15.708895917204089,40.136302006384206],[15.705795143206908,40.11779950584541],[15.682297517905067,40.08870259105269],[15.662545446033382,40.07818354063212],[15.6757960373911,40.064098577028794],[15.676033335999588,40.054774459895945],[15.645300518556759,40.043004022164034],[15.626903296503402,40.05620169216108],[15.631048731442583,40.06762100801862],[15.625129467232407,40.07337314274415],[15.61749929751649,40.06870414631155],[15.575199619207249,40.07798004586965],[15.521761579560462,40.0715565577428],[15.50369950445107,40.06402184823617],[15.484398152570616,40.03840366462615],[15.459893303038067,40.03348048903803],[15.418499404695538,39.990603819762555],[15.380646596371934,40.00075054662418],[15.356835154475581,39.999127165016986],[15.342041435879363,40.00534972425337],[15.314564821584282,40.031739246451906],[15.270901101371232,40.022903920467776],[15.26790315847114,40.031496303836484],[15.28508965081619,40.03604086130139],[15.270991092819209,40.074511424134776],[15.20907212926897,40.12105516292805],[15.178902119306935,40.12730379563943],[15.13300354491367,40.17079968671015],[15.117265031991785,40.177187549646895],[15.085330612542128,40.17358359234933],[15.06590025597207,40.16440356545308],[15.043627928061177,40.16962727046334],[14.99111930681541,40.218657934531095],[14.968701865440702,40.22200289664533],[14.949087352315944,40.233596906240855],[14.935198904840668,40.22850445533007],[14.909002848427804,40.243301973067034],[14.906504029991652,40.253898251373435],[14.943081614996418,40.27569455659704],[14.945864175082503,40.30855129070413],[14.939304241983647,40.319300495647],[14.945602639475583,40.33689674830228],[14.993885127633282,40.354181991419004],[14.999288787542968,40.361427336559885],[14.998991071219347,40.389597526199665],[14.980194458802233,40.42945488513438],[14.93930313364224,40.486302188455255],[14.893463331103346,40.566506193779254],[14.858402987340506,40.60779246519109],[14.808686610575098,40.65193124045947],[14.771875861605588,40.67331820390438],[14.748266544016035,40.67686481036608],[14.741798424578404,40.66940356666899],[14.719122890584593,40.66654115721464],[14.691598038648445,40.63430388618052],[14.62490779518185,40.647855333035956],[14.57699805999508,40.61820346431918],[14.52959933912766,40.60720387087729],[14.49546267787785,40.626856101540156],[14.468600633458532,40.6202043341491],[14.462304517083263,40.62600098082673]]]]}},{"type":"Feature","properties":{"id":"bologna","n":"Bologna","rs":"emilia-romagna","rn":"Emilia-Romagna","macro":"nord","mn":"Nord","pop":1020865,"nc":55,"nrd":55,"rd":74.23,"co":210.41,"kru":597.59,"kin":149.07,"drd":5.54,"km2":3705.3,"dens":275.5},"geometry":{"type":"MultiPolygon","coordinates":[[[[10.805604132054597,44.141100305177645],[10.823050491227812,44.182365743786214],[10.854488169917959,44.20694679726751],[10.850204239477742,44.22739789326903],[10.861299961622711,44.23219563954422],[10.890097099221364,44.224196882793876],[10.89414454145626,44.210916037279155],[10.906505131141344,44.205529017287546],[10.935501521284534,44.223295822273116],[10.956543555574793,44.226335539205934],[10.966816931639205,44.243525964045524],[10.96915439741352,44.27559628351261],[10.948904092901952,44.28640192470822],[10.949703003116026,44.29279797278472],[10.966600908937888,44.30219674600131],[11.002197597226663,44.305995891103024],[11.005127153006354,44.29839840483673],[11.011889978318392,44.29961111018155],[11.039574456791179,44.330740484099756],[11.036050284130688,44.34538616394708],[11.022627831999232,44.35793421527454],[11.022303523219014,44.37349863134282],[11.048541404759128,44.40590881952639],[11.047894036560056,44.41615895876224],[11.037343056681301,44.42731568844339],[10.996602029669946,44.429503715681484],[10.990205184028913,44.44059776593574],[11.0098094975748,44.4453547487874],[11.05011563109217,44.470127572305415],[11.065108623067308,44.50017482901848],[11.056104421360503,44.513102043464414],[11.056102405711082,44.53399444676244],[11.069165921291063,44.52291345259343],[11.077502279374992,44.5312963118938],[11.107807056512982,44.52515080110471],[11.113274359305892,44.5351619111711],[11.104505619048847,44.53950253734787],[11.107802218074506,44.545098424351586],[11.130067487572058,44.56653634751182],[11.129204508077887,44.572499018624605],[11.151491583430492,44.58708036133781],[11.140171010010475,44.606273734410564],[11.118204655349174,44.61780037085773],[11.124905325517666,44.631970437275655],[11.078105377687294,44.647002031653535],[11.117045425629978,44.71041932526731],[11.129802908855334,44.782897361953445],[11.20790063742711,44.80429717730984],[11.293392302552927,44.802797163658774],[11.249035705243328,44.76043719803437],[11.273094587575304,44.7503978663471],[11.254340868202092,44.71782364568116],[11.273187286546706,44.70673012943355],[11.289197634353233,44.71410776319021],[11.359002325226095,44.77359664076892],[11.3882207777577,44.778708737747316],[11.399657065449217,44.76850058794893],[11.452699233627087,44.760496442878406],[11.58199891275152,44.707689757093085],[11.592699236562819,44.71169557661019],[11.674213897459099,44.63228713682938],[11.689635042323209,44.62905764101882],[11.695301966828879,44.63519644473586],[11.722448152339956,44.63683851751731],[11.726602915425367,44.652495808594395],[11.776600139246241,44.64389591513877],[11.80649395873329,44.623501219448315],[11.786064666145213,44.606702285573675],[11.785597821998428,44.585102958832984],[11.750851631214768,44.578039169895725],[11.772250456414799,44.56429314947778],[11.789696646804225,44.56579760886632],[11.778597059462223,44.503505093754505],[11.763208566667679,44.50978830118825],[11.753039961563609,44.498762591752225],[11.79669361464126,44.48569839886301],[11.781223234680056,44.469491491213304],[11.798794576689644,44.46069804398246],[11.78395479665272,44.43571656629347],[11.826708893197294,44.41808821853249],[11.840394257285325,44.4235939349719],[11.836796935596002,44.41410191037836],[11.8064983508115,44.37790404540317],[11.799828365758948,44.37709591572558],[11.774546602830878,44.33614905561145],[11.758662949837573,44.33184285842466],[11.7328982955205,44.30600343493929],[11.71430077859324,44.298609944645094],[11.708497777183023,44.29000284555906],[11.69127306822029,44.28949038576049],[11.696369624237036,44.309267863722276],[11.674252251743225,44.315301185128014],[11.667927832211515,44.31053247258377],[11.671396160421521,44.28810133971368],[11.664097085980249,44.27810307965715],[11.639707475573015,44.27312164737626],[11.625997927848735,44.24720322415265],[11.580175895726898,44.232723401115635],[11.568199550816418,44.2195039446264],[11.5549485266009,44.22208684913134],[11.549675909165725,44.204859541320076],[11.556597352752565,44.1845051214856],[11.536740956401239,44.18918776079998],[11.523998543375793,44.156303671468855],[11.447603290415412,44.19950214046182],[11.450880722318594,44.22039589244189],[11.421796678853232,44.23778213774259],[11.398312307717806,44.22257966818471],[11.38049893856217,44.20000335396615],[11.342063119042109,44.20530064561629],[11.325323713046316,44.195166968868236],[11.322638427726918,44.18225097022699],[11.280799497293753,44.15530435850516],[11.235513825380341,44.158417691856094],[11.21399978098362,44.15010438585677],[11.196665470251109,44.15108864559265],[11.19680435968643,44.14309651730917],[11.218180255309628,44.12949300843101],[11.260197401219775,44.11589650138818],[11.263695384279975,44.104303461845134],[11.247998286668711,44.09760340795817],[11.202465475236925,44.10068988593901],[11.158619135793742,44.11232244771277],[11.127777039496127,44.10943020151972],[11.089398411442598,44.08990415227839],[11.049501761593426,44.090303873239755],[11.00210393203359,44.11090161388405],[11.00470293113682,44.12139737662983],[11.01487577610524,44.12680507432756],[11.01405489877838,44.136242112263126],[11.006597589122354,44.13841991277246],[10.970370094456879,44.11529238548642],[10.966941735641912,44.10324290092907],[10.917798421246347,44.06270341760478],[10.901879337103129,44.06409305800348],[10.902145459869898,44.08646967765366],[10.878455277541075,44.09860821498283],[10.848702180262306,44.09810408343439],[10.830536715619608,44.11651151614681],[10.819200590464828,44.11240420969763],[10.805604132054597,44.141100305177645]]]]}},{"type":"Feature","properties":{"id":"ferrara","n":"Ferrara","rs":"emilia-romagna","rn":"Emilia-Romagna","macro":"nord","mn":"Nord","pop":339999,"nc":21,"nrd":21,"rd":79.19,"co":266.54,"kru":651.8,"kin":150.5,"drd":0.04,"km2":2632.5,"dens":129.2},"geometry":{"type":"MultiPolygon","coordinates":[[[[11.234705156177421,44.90600068442566],[11.259596569522214,44.932082032940386],[11.246109832715838,44.95139233061301],[11.272423700583229,44.94010369080912],[11.284402100820238,44.95659644330826],[11.301600995492349,44.962395711347504],[11.329299305488414,44.96069578106244],[11.355976212556698,44.95052263948532],[11.378200029435604,44.95799605467242],[11.408820400898653,44.95022286579726],[11.426397143635015,44.952196281924294],[11.424649071247767,44.93371681106169],[11.433853699317405,44.929508624228795],[11.465898653844459,44.93600529958668],[11.534099074276854,44.936196535722324],[11.586340471638326,44.911443439615276],[11.592694669245986,44.89194488845137],[11.619723848726236,44.888136570557066],[11.672900902519828,44.91519699071172],[11.73330568923214,44.926863740103286],[11.743369596741353,44.933656603330554],[11.7400038298559,44.949799330379264],[11.747001726927449,44.9580967105351],[11.783467606468959,44.964054760666976],[11.804600842100976,44.97699611653628],[11.927367747208914,44.97498489760041],[11.962778772874767,44.98678938278645],[12.015558225958774,44.97651831328261],[12.047498808459881,44.97699605868441],[12.063452958648211,44.96968863580162],[12.091599155906396,44.97019705044437],[12.11609699960045,44.957697739088076],[12.12774299854531,44.93743224509453],[12.142697296951312,44.92808210925217],[12.157101922416055,44.930473205077504],[12.16909995077477,44.942096460742],[12.1877244813486,44.92646193438236],[12.224980301789888,44.923224738417034],[12.25610075227261,44.942496898336806],[12.280798418304846,44.941797082100834],[12.294695641695645,44.92530079805099],[12.28227183947955,44.91068716838135],[12.284689572499563,44.87794171000175],[12.293696407700512,44.86093274183532],[12.33629869393906,44.85229692529718],[12.353378960137821,44.81696283833457],[12.39809479468035,44.792798393339154],[12.376186687944175,44.78351083599302],[12.344909956362454,44.786902183995984],[12.375312524333136,44.789483887567435],[12.351324495967079,44.815259582156585],[12.339801067096605,44.817504161680525],[12.33212837393239,44.82922481682886],[12.308422922268651,44.84233413976746],[12.286980037292448,44.841890018646225],[12.266037921793654,44.82323447300442],[12.260331908233141,44.815649864922115],[12.268495191992791,44.8082632115159],[12.28589228645744,44.816797076949484],[12.24852820042569,44.76311250964985],[12.240213066177358,44.69948767461793],[12.25108468585273,44.66049398556102],[12.268694866962438,44.629200832977325],[12.236654262971722,44.62020148985711],[12.153698425786988,44.54850355006095],[12.11410050939832,44.547202915959666],[12.079163218817945,44.56117128728056],[12.059500019714868,44.54850361778561],[12.028104193888788,44.560502265996625],[12.03007266966802,44.57054932003059],[12.02330773554139,44.57906022664064],[12.00500361678604,44.58360253235589],[12.006205361932723,44.596838177507244],[11.999796768445467,44.59993171748802],[11.871626628619593,44.5774901207556],[11.860297060921658,44.559602779037206],[11.844470052038789,44.555816741996686],[11.83137572147381,44.56147799054629],[11.78920365436357,44.554304144311956],[11.788226376663088,44.56611178684642],[11.773499641607032,44.5637043961407],[11.745708178808652,44.57999663773385],[11.785942920637998,44.585829281601676],[11.785303680218199,44.60569938635766],[11.804394234040602,44.624385538742104],[11.790805854315249,44.63602909758129],[11.729030453875362,44.65196884140794],[11.723997120516662,44.63680320992663],[11.69615424363717,44.63518783166589],[11.690698505141283,44.62870383228673],[11.673901625646398,44.632303018758265],[11.593709597112246,44.710623566602784],[11.583000015119506,44.70720384493213],[11.452822994835719,44.760376221820046],[11.39927289414219,44.7685816711261],[11.388233873313682,44.77855527427809],[11.374564121304388,44.78007597615338],[11.359037433549169,44.773545920123404],[11.275498620573133,44.7056042754239],[11.253104763131695,44.71640144686614],[11.271523439361827,44.74913277180136],[11.246106749002621,44.75840160063812],[11.301484370848872,44.81040999220177],[11.31160281991827,44.827496817518416],[11.323300621085478,44.832596000545195],[11.347072502135687,44.830372472274206],[11.368214071645948,44.84266274215984],[11.341238142147656,44.87260250177518],[11.269497469345902,44.896541758897754],[11.245300403262863,44.89820395459234],[11.234705156177421,44.90600068442566]]]]}},{"type":"Feature","properties":{"id":"forli-cesena","n":"Forli'-Cesena","rs":"emilia-romagna","rn":"Emilia-Romagna","macro":"nord","mn":"Nord","pop":393628,"nc":30,"nrd":30,"rd":83.47,"co":184.44,"kru":598.23,"kin":99.87,"drd":5.09,"km2":2381.4,"dens":165.3},"geometry":{"type":"MultiPolygon","coordinates":[[[[11.64610426625886,43.99059934930644],[11.662105132665952,44.005173694424755],[11.656404561635759,44.01699890261371],[11.682244635541988,44.02211922110615],[11.709357239213098,44.066542750020844],[11.7484511906348,44.104476909190154],[11.752272404397347,44.11973000744315],[11.745110967471822,44.1254409972332],[11.7158048221284,44.12260186291678],[11.721491320701558,44.13521822455366],[11.720104226621018,44.15869911768939],[11.752801611102422,44.193497174516864],[11.771797550780335,44.198195889055036],[11.775889111397895,44.18297785163509],[11.781708383722014,44.1809721175988],[11.8061008350294,44.19949684086389],[11.82204335812887,44.19503147773277],[11.829300137043031,44.19899607323511],[11.888598322328361,44.17164431929338],[11.91400251596349,44.20839694679952],[11.927943257900022,44.21600367869504],[11.925603379716582,44.239996994588466],[11.947758725209631,44.236112964047685],[11.976944887739945,44.25677178044451],[12.00160305029673,44.29609733290274],[12.035600134345948,44.33079618770476],[12.049496345359337,44.32399863201207],[12.054664701912854,44.305696538896264],[12.086999318108377,44.30049596948573],[12.10799599555519,44.28859853063632],[12.10566898865559,44.27096879948752],[12.17549585399369,44.24541061903943],[12.188901190411727,44.25419677670509],[12.2086975621174,44.25559646505129],[12.209896826766919,44.238001637232585],[12.202704440862304,44.2303550802611],[12.20892373982894,44.22097852700434],[12.226220553951517,44.21482693186717],[12.23813869348567,44.21803495395613],[12.247201949890663,44.23069629509849],[12.280299001468716,44.23319588425174],[12.348296009069273,44.19196044039825],[12.383499246894766,44.22439497696878],[12.450593007817181,44.162201649376364],[12.430990643764678,44.148262411778354],[12.442695348713551,44.14039867457437],[12.439756804764427,44.12783128188837],[12.45329652042442,44.11229953772122],[12.452097597108747,44.0872039856371],[12.42534046768793,44.08827485311452],[12.399897718588965,44.06640326872131],[12.370662123607607,44.06582581183597],[12.360722399054929,44.05599794287312],[12.364568953175871,44.046651879295105],[12.39529278331677,44.03019950637486],[12.369497371694868,43.98980300340292],[12.353264556509602,43.9857957350767],[12.346597435064586,43.97400276856082],[12.32608153560173,43.96510136133053],[12.312497280859164,43.94020294326186],[12.294698708799066,43.92820391987307],[12.269167276356983,43.92811058704889],[12.250800024734081,43.91080372376717],[12.236146298338666,43.916641385968276],[12.212400846975854,43.90950388573086],[12.17034505351511,43.924909834994146],[12.160025744422873,43.92156882635108],[12.158281659321908,43.90896248697693],[12.167995286958359,43.897498228418534],[12.152440931966483,43.86865782452408],[12.142360774007278,43.86160944352819],[12.139705770386376,43.84809560426381],[12.149396579736038,43.83330190919691],[12.130522963409298,43.82427148343238],[12.112797590191681,43.796403143778186],[12.10487008233151,43.793966427761205],[12.09673706228676,43.76570202871477],[12.107494061230739,43.75380142462555],[12.076999270193701,43.74070400101754],[12.064602815620196,43.742903182601],[12.052984582942061,43.756933877496955],[12.005882408416838,43.76624222885423],[11.986600439365223,43.76190376786232],[11.953402569015186,43.77610349012692],[11.947040326824286,43.790681982760255],[11.91880134329979,43.79370363710695],[11.909425057793724,43.81188836426875],[11.896327748296788,43.807809657405876],[11.866281432939106,43.81680188008237],[11.84180080589307,43.80800388502429],[11.784391131562064,43.84758122472138],[11.732401767785149,43.86320295660238],[11.710203145574397,43.877402825614105],[11.71634865058018,43.921579962051325],[11.684202976072298,43.935102994138944],[11.689485280824597,43.9579540450572],[11.654901591743524,43.97470373237807],[11.64610426625886,43.99059934930644]]]]}},{"type":"Feature","properties":{"id":"modena","n":"Modena","rs":"emilia-romagna","rn":"Emilia-Romagna","macro":"nord","mn":"Nord","pop":709149,"nc":47,"nrd":47,"rd":84.16,"co":193.69,"kru":629.23,"kin":100.43,"drd":10.3,"km2":2694.6,"dens":263.2},"geometry":{"type":"MultiPolygon","coordinates":[[[[10.470108319665652,44.226001477525756],[10.484462489526253,44.23572875037041],[10.486803655559982,44.26349688680284],[10.51534773121557,44.281378667260384],[10.510703509738835,44.30049958554045],[10.525291678760961,44.328036125957226],[10.527703067640832,44.35049743809536],[10.551300793996509,44.35979579439469],[10.589182541488722,44.361445343821906],[10.61265941874998,44.37375340182154],[10.623416502381271,44.38932886991686],[10.621503389606836,44.40579921279236],[10.630463477637562,44.4201415642201],[10.653719256455988,44.43415719951949],[10.657602663269941,44.45839820618911],[10.740251217882166,44.50965437879026],[10.764989985779003,44.54040663845496],[10.785481706850641,44.60022110453792],[10.783174124870078,44.63083630737249],[10.792621353762714,44.63813127094241],[10.796303107874593,44.65249678039478],[10.813938676727485,44.65788964446535],[10.819477512250021,44.689520711700446],[10.806704298496808,44.69660189938381],[10.821095130631031,44.73348934753898],[10.815503489007327,44.754599667241926],[10.841286182441717,44.79316518485843],[10.815004757306738,44.80730135762165],[10.850001954987482,44.86649628440229],[10.878701818929345,44.868399550458264],[10.87720337719329,44.901798685948684],[10.887900448975305,44.91429549764611],[10.913971062628319,44.92310956612304],[10.941665890709208,44.922135284443925],[10.950603753835273,44.93339702078379],[10.96731617719227,44.93503905067335],[10.994000915419768,44.95389642822521],[11.058882435173393,44.94919188405187],[11.073001240295705,44.962695894947736],[11.118098676067932,44.95449644814999],[11.15238159514554,44.93367786472642],[11.240565238223356,44.94593162200627],[11.246099885260097,44.9513945705098],[11.260395964680248,44.933099820301166],[11.237210163001388,44.904152898923506],[11.341098485453607,44.872695804968586],[11.356336858251236,44.861443663811116],[11.368596158373357,44.842699629126216],[11.366397982352279,44.83730418117007],[11.31249308523715,44.827889293564915],[11.293398613583605,44.80280376151414],[11.208034745683682,44.8042946964],[11.129886110050103,44.78223866415821],[11.11709660755248,44.71040120129568],[11.079673875610967,44.648234239679724],[11.127794439510737,44.63129813668774],[11.119438692624435,44.6167304622009],[11.142694766122833,44.60569801958712],[11.140999231312069,44.599992129913296],[11.152370206041326,44.589130480763096],[11.130735884788415,44.573779708122764],[11.131595836640805,44.56740117154209],[11.107743299998406,44.54498237466896],[11.1135959777877,44.53500015603851],[11.10809797061165,44.52460381571667],[11.079052661869515,44.53128481722524],[11.072927875775854,44.522311539875865],[11.056305383880431,44.531034375914274],[11.05693501613035,44.51397860044275],[11.0653962834,44.500000382093056],[11.051156899163757,44.48104739848309],[11.050596704454211,44.470701212145755],[10.991847264719864,44.43909864658641],[10.997254455939041,44.429766591287],[11.037997866211162,44.42719623787805],[11.048097041577147,44.41609863477522],[11.0490959962277,44.40580200730758],[11.022332441949587,44.37255966079691],[11.02542338834534,44.35132653663829],[11.035697339991174,44.34609712175008],[11.040196179550817,44.33100120669358],[11.01219789225741,44.29970353338405],[11.004602275152369,44.297104276927584],[11.000201653626716,44.30536075342887],[10.967037300346574,44.30220298571585],[10.950169887216825,44.29282212683156],[10.950500088749617,44.285380474425025],[10.973791791871106,44.27699805355427],[10.966182430133715,44.26909629971666],[10.967096256349372,44.24310145321089],[10.95719756301917,44.22620311233854],[10.93552450438647,44.22323270645185],[10.907299156268191,44.20540392307662],[10.893702893976696,44.211301790291174],[10.888872072467956,44.224388389928976],[10.8616095172821,44.23189988383623],[10.851546147944523,44.22772304631429],[10.85509599683163,44.20740105843619],[10.832418628737868,44.19453773022238],[10.808811589524137,44.154377725663565],[10.805788613154062,44.1408035437275],[10.814695648591382,44.11610482932409],[10.773302925678268,44.134704439956074],[10.75369605429366,44.154203753527774],[10.661599959072442,44.15380340618514],[10.641628169526628,44.15891244196268],[10.624043595657167,44.1405303430848],[10.623996561631099,44.12030301945376],[10.593200977112694,44.115403594998135],[10.57738860931459,44.131983289464856],[10.52490219622288,44.15710268660697],[10.521611054008336,44.17608845806304],[10.485204447824191,44.20450003432991],[10.491198943559702,44.21777573480121],[10.470108319665652,44.226001477525756]]]]}},{"type":"Feature","properties":{"id":"parma","n":"Parma","rs":"emilia-romagna","rn":"Emilia-Romagna","macro":"nord","mn":"Nord","pop":456015,"nc":44,"nrd":44,"rd":79.54,"co":193.06,"kru":612.07,"kin":122.76,"drd":-0.0,"km2":3455.9,"dens":132.0},"geometry":{"type":"MultiPolygon","coordinates":[[[[9.43840391353008,44.418502446964524],[9.445002234946589,44.43749720524491],[9.458305642171357,44.443144380836465],[9.468904106963517,44.481796655935845],[9.496348016883518,44.48395836377777],[9.495490303135863,44.503030909843034],[9.50456097497405,44.52930251578537],[9.488204505745424,44.54550145888351],[9.493402555529268,44.555897030628806],[9.513256281106495,44.562575014607596],[9.53156410570024,44.58473458333829],[9.550892248042977,44.588656064737485],[9.552903859435885,44.598298407846784],[9.576640859288474,44.61038166049844],[9.585002292317819,44.62279749907571],[9.629530380431932,44.64011362346806],[9.624905039429473,44.65629949705755],[9.675100427416327,44.68759513567966],[9.687121555636065,44.6751445152389],[9.701543725563104,44.67156863481463],[9.763675821409896,44.68123856812281],[9.76210426627039,44.70539901629106],[9.815117557952002,44.73847341232266],[9.819620192675272,44.750335874324044],[9.814105142140335,44.75719960742306],[9.81974276922125,44.761555821855],[9.835871163225457,44.75823887667617],[9.849800495465617,44.76659642573298],[9.864842154458234,44.76228178231877],[9.87855752805115,44.76785199371947],[9.87250456124406,44.782799880566216],[9.882202028025642,44.803696730586275],[9.904890384625206,44.81011441939427],[9.936901549612754,44.83679619113209],[9.965148654593666,44.8368279837292],[9.984990648312651,44.8457712184341],[9.983504127328882,44.857598723723854],[10.010307225845896,44.8758709909139],[10.012228572824302,44.887251661020585],[10.008862337132165,44.8974762801797],[9.993902912092606,44.90780233664079],[9.998093490998876,44.92874929774716],[9.987404664420412,44.936001404140235],[9.994204241458334,44.955198963830526],[10.004302948060337,44.96829645495836],[10.03087936347574,44.98364264801184],[10.04540357000395,45.02929757458197],[10.056901277581053,45.03729719414227],[10.083497056405916,45.043995868302936],[10.092055702296554,45.024480167472284],[10.105875591207447,45.02215573503626],[10.157800813850896,45.044095938510736],[10.170697884036496,45.04199709277401],[10.181559297285162,45.03030461596687],[10.211099966777637,45.03399642900347],[10.253998171536468,45.01869658348457],[10.27418428887436,44.99821408300371],[10.304698079523089,44.99899633929231],[10.310583430639722,44.98679927096049],[10.358469305836708,44.96562098150654],[10.393200956991873,44.983596778623415],[10.409898782383197,44.98289725686276],[10.437333345435354,44.942416130303315],[10.504393319103466,44.92249875578072],[10.48649910398361,44.9002038643188],[10.46355539859172,44.897002259136435],[10.460928613101517,44.887408106158325],[10.474394657606982,44.875900028546326],[10.464297398083037,44.853002435866365],[10.453285248873131,44.84645180797875],[10.455196106429879,44.833001284109045],[10.44175312051013,44.82350551340647],[10.436896683500624,44.80000343848019],[10.423350818537813,44.795680479623634],[10.425790747905202,44.740535206629914],[10.445896502861027,44.72659844136451],[10.445696792367926,44.71560115392722],[10.414118234722544,44.66427317103506],[10.416895530272756,44.640300167434404],[10.402632995873079,44.615303096386],[10.402096910476386,44.564401182339495],[10.34168493989749,44.52423033623039],[10.33213995747303,44.48535178403137],[10.285498787956277,44.46000262012219],[10.254706671500326,44.45169012208633],[10.231331006460938,44.43008762598715],[10.223196350599391,44.40960241643495],[10.205297647046356,44.392203801097935],[10.157847728752108,44.379650728101176],[10.141997480765395,44.3539033178389],[10.095001673694878,44.34830336141145],[10.053780875920117,44.372693947095854],[10.009930825180549,44.38914212902538],[9.989304159522952,44.40430073755027],[10.006519955779492,44.43075673019688],[10.001058480204582,44.44288022542501],[9.9807011923439,44.445003736114955],[9.971403585740033,44.45220179895004],[9.969381671957233,44.4638350364495],[9.930892679934189,44.47170715467105],[9.820242883235728,44.466415997859976],[9.816796334106824,44.45200288834365],[9.756583429525403,44.40619680133556],[9.753146751240374,44.399788573334234],[9.760487131479858,44.39010258366135],[9.746098320402504,44.38944586357047],[9.744396388735527,44.38150285891301],[9.732176549646704,44.37941306945187],[9.716466586318257,44.38289985948885],[9.686630500008148,44.365992871795704],[9.675001807890089,44.364803539725955],[9.655602437907383,44.41095631346549],[9.63600141146578,44.41380325952209],[9.603884033375616,44.43591398099811],[9.583500896637855,44.42720466196911],[9.558950002685696,44.437792921888104],[9.540371509411548,44.425517057290826],[9.493914918452724,44.423853786754016],[9.47899915395291,44.409305940630084],[9.470099895512448,44.424248599490184],[9.43840391353008,44.418502446964524]]]]}},{"type":"Feature","properties":{"id":"piacenza","n":"Piacenza","rs":"emilia-romagna","rn":"Emilia-Romagna","macro":"nord","mn":"Nord","pop":286743,"nc":46,"nrd":46,"rd":72.77,"co":186.77,"kru":746.47,"kin":196.47,"drd":0.96,"km2":2592.4,"dens":110.6},"geometry":{"type":"MultiPolygon","coordinates":[[[[9.198003359688558,44.64989839747763],[9.20630592614103,44.66059068502812],[9.20030198120244,44.686496042841945],[9.239327876783811,44.68731370725405],[9.23230333545777,44.70180060998703],[9.235102091921725,44.716392694445716],[9.253996533334172,44.69599813436885],[9.25917730307719,44.68121654837396],[9.28299913071494,44.68599616621879],[9.297694846222727,44.68100471285314],[9.319272922844037,44.690843332590994],[9.308504373673463,44.70559989449001],[9.331019983444902,44.73404117374869],[9.286003738048308,44.75940193581123],[9.286903359566104,44.77249709831385],[9.316036956012937,44.78372189329889],[9.32160265848482,44.800096388082686],[9.344432318424582,44.80667788956908],[9.361642147212374,44.82133846515499],[9.349403687663912,44.83790206962595],[9.34146547573549,44.86916215383753],[9.320958755222955,44.87948431364832],[9.307200154930175,44.8761039621614],[9.290104140193993,44.88220204492645],[9.291271198282839,44.89075702133569],[9.277309189497492,44.8957038135111],[9.291270280630272,44.91988350764337],[9.285004417841913,44.93179937535735],[9.313647493719463,44.936587335181585],[9.32126657121562,44.94368599156733],[9.324603020636092,44.955997923161455],[9.336776931495324,44.9653337262834],[9.335203848961394,44.97379932199856],[9.347402938074962,44.996997580442006],[9.365618845856135,45.00323686479708],[9.374266477607952,45.01763958060466],[9.369504224257764,45.02370144063593],[9.375754143227532,45.0414761563119],[9.37080470619048,45.048099476048755],[9.412703395692363,45.083696601423824],[9.434509297682867,45.08199964443178],[9.43900341489272,45.09349661082675],[9.493700487241728,45.10339541221696],[9.50499842616885,45.102096433794365],[9.532429293824922,45.07867813551444],[9.55084520828581,45.09154641792755],[9.537365091671578,45.126137684651965],[9.552936227745585,45.130729661513676],[9.568672354181677,45.107615272400324],[9.589844875389819,45.100478361669914],[9.60916178391334,45.108626941504426],[9.618575709433875,45.13299305418038],[9.636529394716094,45.126333007391224],[9.640795721724528,45.11660059950159],[9.63187039757362,45.088040440709364],[9.64261586914439,45.08077691010823],[9.676924217562362,45.07761959890628],[9.690601861759902,45.0672603614871],[9.722184574433955,45.059554480015045],[9.748177399843552,45.07666706869144],[9.752877949587713,45.0869448420933],[9.745403303271498,45.11189669806757],[9.757499193859953,45.11249663002129],[9.77958321365196,45.08926673505602],[9.815097169191969,45.07639797822006],[9.816860009413608,45.05554786793586],[9.824073316631644,45.05263578439407],[9.834059065709292,45.06323604580919],[9.835402011293525,45.09409671277034],[9.863397913602165,45.09249632522715],[9.883603914133829,45.075173918481326],[9.89678407772603,45.08072316082618],[9.90035565624931,45.095454876403124],[9.87940241320802,45.111902419119616],[9.875803406232842,45.12249842368715],[9.91549967759967,45.13899573429569],[9.926296655880012,45.1318981384455],[9.926498101096872,45.124471208867355],[9.914790161629735,45.1090453137201],[9.916442373624028,45.100668102865505],[9.936264244290209,45.104765598766924],[9.983599187822374,45.13379609506034],[10.029150263714266,45.09506009801193],[10.02219332715707,45.07570935076586],[10.044297559235318,45.06239688704244],[10.052413136699654,45.042028389312215],[10.082428720120252,45.0465321160794],[10.045870290563885,45.02954742178973],[10.030939747463295,44.983721409734734],[10.004347498320612,44.96824288328396],[9.994684031989136,44.95572129285571],[9.988324249361215,44.93735001782613],[9.99899577205383,44.92919860705996],[9.99368832653065,44.909212257260414],[10.012291206330215,44.8878201805358],[10.010996784517568,44.87610217171044],[9.984311692216535,44.858129632025296],[9.986595962925652,44.84560253642156],[9.965099439360792,44.83610417006021],[9.9369561919791,44.83666188302575],[9.904897604803358,44.81010359188125],[9.882165491594348,44.803207361751056],[9.873393179437736,44.78277661256474],[9.880595859934342,44.76870212361274],[9.86499978732228,44.76210378000537],[9.849424348073004,44.76622089412821],[9.836498990954649,44.75820375187211],[9.817900516971186,44.76013373239881],[9.815297167517318,44.73830269229274],[9.763408246112643,44.706264254926026],[9.765096408539952,44.68140303805871],[9.701999617254895,44.67140368897704],[9.674084763736015,44.68603235888745],[9.627355032487532,44.657934239833644],[9.631695418701158,44.64060242102013],[9.585589488981196,44.62297455454157],[9.576198028012813,44.609903657598196],[9.5537833080554,44.599060905803356],[9.550061065727805,44.58804490127044],[9.531536536091696,44.58465563483515],[9.513098045197282,44.56230286579885],[9.493401102612356,44.55590398296319],[9.476488303707054,44.56514931011755],[9.440701219604264,44.56670392942427],[9.423102366263432,44.574603526040136],[9.420146105964594,44.592781815581716],[9.408072385066122,44.59935926894766],[9.398799022466086,44.587604177313615],[9.3886894861286,44.58903605412195],[9.38109866894748,44.576804686269924],[9.365352494524329,44.584581821138734],[9.340101359634097,44.57870384556698],[9.297625643186375,44.60665121228402],[9.288063293803885,44.60674850644658],[9.281419952903052,44.59649569639264],[9.245507378934516,44.60120189354511],[9.255470943459214,44.61095380028988],[9.245591890400958,44.61949424724812],[9.200503804151614,44.615402013222976],[9.198003359688558,44.64989839747763]]]]}},{"type":"Feature","properties":{"id":"ravenna","n":"Ravenna","rs":"emilia-romagna","rn":"Emilia-Romagna","macro":"nord","mn":"Nord","pop":387501,"nc":18,"nrd":18,"rd":80.51,"co":238.58,"kru":745.92,"kin":144.7,"drd":10.51,"km2":1866.2,"dens":207.6},"geometry":{"type":"MultiPolygon","coordinates":[[[[11.525005992327717,44.157704171880816],[11.535603552052201,44.19039622602852],[11.556973376313978,44.18768270309253],[11.549203883340336,44.205000026848424],[11.555601301687117,44.22319621193781],[11.568755060634237,44.21988049370353],[11.578803097840566,44.23219756094538],[11.626020516802233,44.247442277863435],[11.640001899810235,44.27379653177991],[11.663064406444308,44.27789430291088],[11.670601227009724,44.28744939075717],[11.667603666247953,44.31179816678709],[11.675134964938556,44.315765771020295],[11.697595581231313,44.309397698829336],[11.693898630642654,44.2891449170207],[11.707774873385626,44.2897688072574],[11.73324415853079,44.30631618335166],[11.75880172796806,44.332196744668735],[11.774876856688925,44.336496691251504],[11.798803802653284,44.37849631409168],[11.807275015768372,44.37881001942803],[11.83675070195832,44.41413073286446],[11.836126075496555,44.42075169437343],[11.827299903842361,44.41780381402578],[11.781305519956186,44.436201820255654],[11.796752382674942,44.45821418520443],[11.780503962823682,44.46730167418404],[11.793650070666668,44.48568928455821],[11.749806910220912,44.49750203479716],[11.76310075212101,44.51039576231324],[11.778523191622483,44.50622353050634],[11.789202614610776,44.554297123868],[11.831999470381781,44.561596079817654],[11.845419198407564,44.55604358200935],[11.859667234805922,44.559800650089734],[11.870802012333593,44.577396245683666],[11.999799799317053,44.59999575958363],[12.006595968156631,44.5981972331597],[12.006290710897227,44.58363319589912],[12.023844218468062,44.578940427897194],[12.029919291992526,44.56036172672469],[12.058669365209903,44.54898589516483],[12.069202982955742,44.55999683888642],[12.079300084881922,44.56119690275558],[12.11423645829867,44.547200356417854],[12.152776613668138,44.548391602474084],[12.237101435504972,44.62059678681732],[12.268699086806135,44.62919512123289],[12.275197424471354,44.619598842579656],[12.282795054598585,44.57887368648109],[12.27973090522183,44.52146305996597],[12.29169505789814,44.4883015624127],[12.28611901324878,44.483965793181646],[12.292045759567241,44.45450080500638],[12.316596160903602,44.40299880650385],[12.357142133638753,44.27075763594961],[12.383495026331254,44.22440100444776],[12.349398656228836,44.19070477643408],[12.280263783265095,44.23305072179098],[12.247603986912724,44.23059001902465],[12.239696429382404,44.21760317136005],[12.2262994496708,44.21420434280775],[12.207303431811342,44.22050381406269],[12.200805344883195,44.23010031039303],[12.20990734498054,44.23863299730316],[12.20822274726322,44.25490797982623],[12.189212997230836,44.25416869307798],[12.17659924306696,44.24510398143918],[12.10326721887729,44.27197192528991],[12.106400649936997,44.289644446596874],[12.087433353106784,44.30028586627928],[12.054501812253926,44.30570278790888],[12.048684469100904,44.32477277279826],[12.035458929606593,44.33060309679121],[12.001578254446434,44.29591415846258],[11.977097912722087,44.25680227784546],[11.947499191679157,44.23590373985337],[11.926457366830826,44.239432042480594],[11.92763358415211,44.215368847511826],[11.91379841781173,44.20793696492216],[11.88859858725773,44.17070428153871],[11.830035007229467,44.198461605343034],[11.822199955670223,44.194504356007656],[11.805746334881068,44.19921627410724],[11.782398858203202,44.180703824416184],[11.776003042135615,44.182003208682886],[11.770917899116352,44.197289857726524],[11.753623950779817,44.19370381940343],[11.72056720251417,44.15939521790777],[11.721496090493838,44.134900908183376],[11.71579737902556,44.12260322422134],[11.6790508916582,44.1220998291143],[11.65389938846197,44.10250316944443],[11.609601024509029,44.11902577414681],[11.584603077720093,44.11220493411719],[11.588602284593298,44.124296391027606],[11.616257791074144,44.14323089570599],[11.61382413872753,44.158882383513735],[11.573001341683662,44.16090334924401],[11.566663687854605,44.1665743037502],[11.553630415323319,44.16502996532578],[11.544899246324032,44.15260435493588],[11.525005992327717,44.157704171880816]]]]}},{"type":"Feature","properties":{"id":"reggio-nell-emilia","n":"Reggio nell'Emilia","rs":"emilia-romagna","rn":"Emilia-Romagna","macro":"nord","mn":"Nord","pop":531113,"nc":42,"nrd":42,"rd":84.03,"co":225.64,"kru":780.65,"kin":122.93,"drd":2.06,"km2":2289.6,"dens":232.0},"geometry":{"type":"MultiPolygon","coordinates":[[[[10.142004239362418,44.35390178733332],[10.157473925851699,44.37944139847695],[10.205528972988194,44.39244716749184],[10.22314122274142,44.40963891910951],[10.231054660214486,44.42976400998801],[10.254701663743925,44.451697536638235],[10.285610645952632,44.460076790349135],[10.331455977636981,44.48480252749636],[10.341502871320031,44.52439736585245],[10.401742557768184,44.56394486322235],[10.402603403274417,44.616497894921],[10.416848996118954,44.6401385220178],[10.413904040702082,44.66399925240113],[10.44570032277623,44.71633813911409],[10.445050540348387,44.72731745604032],[10.425203826205907,44.73940210415256],[10.423202948318325,44.79529968653277],[10.4366213578718,44.80134761833154],[10.44090435550187,44.8238979859972],[10.45480870979572,44.833129048476],[10.452703820547,44.846898133876955],[10.466886115184327,44.858818759164734],[10.472670758321028,44.876202575186],[10.460003945985376,44.887901027694454],[10.463802696419764,44.89779718014334],[10.487226480504312,44.90090928754798],[10.504400047676649,44.9224957162377],[10.519812575489055,44.912761266831595],[10.566324082624455,44.90852219744003],[10.627896461955373,44.925192349647126],[10.686600161423334,44.9865940390432],[10.695895487003927,44.97440016684533],[10.689446713078814,44.96657420741914],[10.69330114602346,44.962389477967555],[10.7029860582403,44.96575092150004],[10.714452205664616,44.98703726993481],[10.72459921698592,44.99129593717584],[10.741564677143678,44.98036475856993],[10.748096016323656,44.96270003509514],[10.745210536835529,44.94889576277865],[10.847365435413046,44.92684527871649],[10.865396047739981,44.929695711401514],[10.877721604792791,44.917475548148225],[10.897987408788127,44.92189413987119],[10.877317429619016,44.90159943986258],[10.878297480550355,44.86770314078637],[10.849735246294523,44.865459759408026],[10.81643508116943,44.80954932479377],[10.84199574051442,44.795497948653605],[10.815688838599527,44.75472467059842],[10.821495760443302,44.73479904541936],[10.807409568385973,44.69831853631056],[10.820695353288796,44.69039840239306],[10.81389647282923,44.677367008941005],[10.81539479891433,44.6565025646102],[10.796790438523537,44.6522122509847],[10.792696794346483,44.63790214061685],[10.782881486132982,44.63011596586579],[10.785413528651908,44.59986972459061],[10.764997502695078,44.54040165547044],[10.740542246087607,44.50985932823071],[10.657927533763008,44.45867351884349],[10.653496945372448,44.43330304557683],[10.630204540443321,44.419727264709316],[10.621638329690999,44.40562255820708],[10.623696061212845,44.389900525924276],[10.612697479557674,44.373703316709346],[10.588779700088027,44.36132400605061],[10.551303187352298,44.359783117374036],[10.528048060379524,44.35040302823744],[10.525397007676167,44.32800099796277],[10.51080426506282,44.300778983158104],[10.515995834085972,44.28220046949948],[10.487331920926705,44.26265055726967],[10.484497010214913,44.23520195342468],[10.470100440408478,44.22600423654441],[10.463792550596631,44.2309734281049],[10.430301094853617,44.227403116163586],[10.414103140259222,44.235803066908325],[10.407092401832442,44.249289280861696],[10.371936821248333,44.269240035169794],[10.342800852165121,44.269703951120455],[10.307158986749398,44.2842959050198],[10.296193670006868,44.28533334179649],[10.25390073029954,44.2686037719209],[10.228583267791938,44.29723893553547],[10.189601494310333,44.31430433071429],[10.167902410418526,44.32990335342296],[10.160293728002435,44.34435008054767],[10.142004239362418,44.35390178733332]]]]}},{"type":"Feature","properties":{"id":"rimini","n":"Rimini","rs":"emilia-romagna","rn":"Emilia-Romagna","macro":"nord","mn":"Nord","pop":340665,"nc":27,"nrd":27,"rd":68.55,"co":302.98,"kru":731.14,"kin":225.58,"drd":0.92,"km2":927.3,"dens":367.4},"geometry":{"type":"MultiPolygon","coordinates":[[[[12.096204015511704,43.76530079258298],[12.105002884550542,43.795096929536655],[12.112985707132397,43.79711585440912],[12.13090169180479,43.824697257653604],[12.14947977289804,43.83360400873798],[12.138304856114996,43.84760021699379],[12.141804058136751,43.86169812548901],[12.152731344873384,43.869068090376686],[12.166907204624039,43.89528989983357],[12.158003567848043,43.9095006090731],[12.15950350091941,43.921797138711284],[12.170299221531632,43.92539622854759],[12.212558983455173,43.909506207239005],[12.236599455477435,43.91669635859486],[12.25166130324991,43.91115964354855],[12.256103451299557,43.92089759482395],[12.270200183610987,43.92869567647831],[12.29440178923762,43.92863331655965],[12.312009947919144,43.94006323325178],[12.326002250858902,43.96519727699654],[12.346363081103847,43.974039188483985],[12.352902014457207,43.98609688598165],[12.369755120716874,43.99020339790128],[12.384855970922214,44.00892733008668],[12.391808420048784,44.03025817326364],[12.359004577279995,44.05419967350994],[12.370401443571911,44.06609604018072],[12.39944745362403,44.06624925648174],[12.42530111694946,44.08839654581831],[12.452939650927183,44.08935388716104],[12.452844712879601,44.11293949718796],[12.439403426017693,44.127501660584926],[12.440931195844458,44.14092692983419],[12.428905935752075,44.14750087996302],[12.441775046626598,44.15991939407204],[12.450599217541233,44.16219645246197],[12.544783138990097,44.08497815545248],[12.56096362036286,44.076353721139235],[12.575398931862141,44.07849559891024],[12.632104201136205,44.02508106057706],[12.688065528279713,43.987287157596484],[12.713833915289568,43.974283982004444],[12.75069811708666,43.96849614032096],[12.755695836539536,43.96200004243547],[12.728291197667595,43.923710724671004],[12.734795562168557,43.89610048976906],[12.723895618010644,43.88100413699931],[12.733595273089591,43.870000043362495],[12.723698374312201,43.86120366611623],[12.682650233133481,43.85208546045897],[12.681296342613905,43.828101793196446],[12.6734988008405,43.82390416620487],[12.644994551969207,43.82691778963918],[12.623301668741226,43.82110330419693],[12.611203010042795,43.83080204446208],[12.616620785366365,43.845047710029995],[12.60700126644282,43.84500416413248],[12.601104482493987,43.85060091464798],[12.602194467376338,43.862778051488526],[12.58930502444216,43.86530271521263],[12.587659925286086,43.884585608813424],[12.571892502677432,43.88450442937134],[12.562497085761438,43.86990267995847],[12.541800862762363,43.86400373994968],[12.516266289286138,43.87982765547286],[12.499300691556634,43.873603815326184],[12.489702388812702,43.88250214110026],[12.494403311214985,43.92079804077816],[12.515065418082514,43.941713643880895],[12.506803117027617,43.95830115389903],[12.506603821983555,43.97099886517997],[12.515520073073962,43.984843082458525],[12.511146611511736,43.99077170513956],[12.470646676470004,43.97792592233944],[12.436898730048018,43.956603915370245],[12.405115999987993,43.952534973237256],[12.41469631982485,43.928700720835074],[12.408633723375374,43.92029093699003],[12.410698912786613,43.90225078447332],[12.443698442933519,43.90499647411778],[12.463096381818174,43.88960062068145],[12.445699004703975,43.87080369390111],[12.403836507820158,43.87443405248436],[12.391120355208265,43.84557987785703],[12.398595539469753,43.8263008044121],[12.387998480357396,43.816803105824654],[12.366860905320678,43.813244306525874],[12.349699902307835,43.79960349934581],[12.31590853833246,43.80543464817534],[12.285853653619185,43.794946503393575],[12.283797796087844,43.76490361307916],[12.256909908021743,43.760745157033675],[12.25309425725896,43.752602299466936],[12.24400128200524,43.75100354983732],[12.228240029487559,43.759474668584495],[12.210671601997612,43.7572331678078],[12.19469938525651,43.731905702165854],[12.163610746644007,43.76163859725551],[12.123600082086156,43.74920321488754],[12.107502083178995,43.7538035051295],[12.096204015511704,43.76530079258298]],[[12.170442485945502,43.80269395836169],[12.18708024854599,43.774063870945454],[12.198439620912088,43.77126845094008],[12.214401510112749,43.78359599310399],[12.236141392423471,43.78719077809392],[12.237852473184372,43.800486823216524],[12.225647433213814,43.8093324500554],[12.217998747023898,43.80280430279241],[12.176121309336926,43.80979607893599],[12.170442485945502,43.80269395836169]]]]}},{"type":"Feature","properties":{"id":"gorizia","n":"Gorizia","rs":"friuli-venezia-giulia","rn":"Friuli-Venezia Giulia","macro":"nord","mn":"Nord","pop":138636,"nc":25,"nrd":25,"rd":73.49,"co":185.66,"kru":572.78,"kin":157.25,"drd":4.79,"km2":476.1,"dens":291.2},"geometry":{"type":"MultiPolygon","coordinates":[[[[13.237604466233064,45.75529753408396],[13.301399526231478,45.74869788711876],[13.327104067846484,45.73692138935003],[13.37199070547985,45.737496781603255],[13.369948986718665,45.73097146255202],[13.390063867194558,45.72363160903108],[13.406270488296103,45.725840417789804],[13.403604792521257,45.73869784646579],[13.448478585054236,45.74720027028175],[13.444486827793115,45.754386222670234],[13.419704677627474,45.75750214240063],[13.43918004196896,45.78653351911271],[13.426303779913743,45.813300798821324],[13.428240732353014,45.83764566434956],[13.414903879822175,45.84320141952778],[13.411803418389598,45.85620065354546],[13.420566853294416,45.870632452287815],[13.416462936622137,45.88300057938523],[13.386610427792965,45.912898926844846],[13.407895870115544,45.91880445328171],[13.420072660092803,45.92999254091313],[13.420203960846885,45.94149861888309],[13.441837107957655,45.95981835303816],[13.436605393344143,45.971999782587616],[13.463367456025608,45.986416961128604],[13.460303722924273,46.00539798992793],[13.470935685707023,46.012140861083125],[13.478448854824281,46.03685583408489],[13.496837339874665,46.05136199303873],[13.509995765889386,46.04619705625313],[13.50749615298124,46.03350140746306],[13.494297968068151,46.01460325365043],[13.477543219536543,46.005928778996896],[13.501356928775055,45.98070210509681],[13.530883034654162,45.96637851703308],[13.568393265632913,45.96876548714863],[13.590499998898581,45.98979537012879],[13.60918399614272,45.9844],[13.633399567401788,45.9894959996974],[13.642894718898617,45.98299968031204],[13.633461491581798,45.950875217414584],[13.63759610819055,45.93740083489195],[13.60919737838406,45.89920290739733],[13.591264427846074,45.8887789419512],[13.592996353118465,45.8752014354736],[13.573185103511547,45.84835440714989],[13.596796641384028,45.81869918781467],[13.596296257933457,45.808002346920254],[13.579154709338363,45.792571172056725],[13.57909763724549,45.774803813880354],[13.561901875803633,45.778403382996444],[13.547952465946706,45.79260563649147],[13.536669636052213,45.7910308938815],[13.537295740959973,45.78040121056905],[13.521437154828222,45.76404216471063],[13.525695313679657,45.74800161229631],[13.520023787266368,45.74155081924208],[13.553196733250621,45.72939756126309],[13.550398450589007,45.723103951466655],[13.531708696450263,45.72366811772286],[13.487499084697411,45.70470415436756],[13.468794071065732,45.70348605823351],[13.454198817200675,45.68990258124642],[13.424299202670438,45.67730345324107],[13.389400338131095,45.67530370087038],[13.367197238385582,45.68292275948697],[13.351099709256662,45.679003260387475],[13.291443952153598,45.70406875581511],[13.254202497837978,45.71070372122778],[13.245673794859563,45.719677620289396],[13.237604466233064,45.75529753408396]]]]}},{"type":"Feature","properties":{"id":"pordenone","n":"Pordenone","rs":"friuli-venezia-giulia","rn":"Friuli-Venezia Giulia","macro":"nord","mn":"Nord","pop":310967,"nc":50,"nrd":50,"rd":85.37,"co":127.8,"kru":520.41,"kin":76.21,"drd":5.18,"km2":2273.9,"dens":136.8},"geometry":{"type":"MultiPolygon","coordinates":[[[[12.321203322287834,46.26440020881957],[12.329202048920218,46.282097775008374],[12.350904158204557,46.29435069965838],[12.354703735397903,46.31969782848104],[12.379100360528769,46.331795668143435],[12.411527768503978,46.331062675575566],[12.420702776757995,46.34267660053534],[12.41730493892275,46.3547951878035],[12.429155499664978,46.35199747837964],[12.462041549447155,46.36901393701477],[12.455106429008563,46.39159429007189],[12.469213267137718,46.390008630476444],[12.495201332494972,46.41199597785543],[12.519596591483495,46.39809727754332],[12.5259975437602,46.37308159397049],[12.541043307103928,46.36064114075591],[12.55700113479142,46.36899643251179],[12.585799588197649,46.36769616384135],[12.60439423398363,46.35639966567023],[12.598201142736997,46.3489354458233],[12.609125737205726,46.34381844009063],[12.626299280007029,46.34769620057625],[12.645936183771239,46.336990016571306],[12.67829966138846,46.347595859260316],[12.692996921119818,46.343197207912745],[12.707021860181651,46.326055116940765],[12.776936679453838,46.345619553991206],[12.777705822069315,46.35569731854081],[12.809200944100931,46.35989621315264],[12.840094856599265,46.34340386732804],[12.879295490763697,46.34219726727648],[12.876705653340183,46.3335327675506],[12.883236975543632,46.33026812330233],[12.90595164061681,46.33471792855805],[12.915201288355428,46.34679572214547],[12.936301367518636,46.33396025419199],[12.96129714890793,46.336996371706604],[12.973496736900621,46.3281971936056],[12.975695867938374,46.31750153056079],[12.954714908218465,46.301105554209606],[12.956448673560836,46.29238064943466],[12.990591379550922,46.273200292649314],[12.974549574200362,46.26467283438891],[12.973197350323897,46.233403099553456],[12.943227263667081,46.21298669653103],[12.965195000818936,46.194900058578874],[12.957105003103218,46.18619302888931],[12.916971774046585,46.073980937668885],[12.903945759207135,45.96304494179886],[12.921306916537855,45.90462675662825],[12.97469674399381,45.873497392805135],[12.984296217822424,45.833903351255216],[12.967202927363653,45.83600289157355],[12.959963560881544,45.84627291253894],[12.951403163915403,45.841772882456155],[12.951996322149995,45.82220263385856],[12.929501728947505,45.81740428851182],[12.920234200218015,45.829222698595544],[12.89000039958457,45.82040364529574],[12.869605110682214,45.83380078103997],[12.874955984649649,45.84944937183806],[12.861200472814408,45.8506912938027],[12.838451472195105,45.84747654620332],[12.809499837466952,45.82040409800613],[12.798603725279174,45.832399801820635],[12.802476706786956,45.84477034100036],[12.779043710767045,45.85404934969846],[12.743699932669983,45.827104619501604],[12.728645243485348,45.83599257028589],[12.668999715988013,45.79090345922422],[12.650351013226544,45.80354988174234],[12.652053968275947,45.81031645475679],[12.631341626105046,45.82868424939161],[12.616001312559723,45.82950348763116],[12.606385345708192,45.8373170528867],[12.59567309639359,45.831378178979016],[12.597395734714565,45.822201350332804],[12.587700914362708,45.81530465478635],[12.581251406902705,45.82417549127041],[12.55923596713573,45.82594349402101],[12.549904648825187,45.8394973011057],[12.558384598008384,45.84699126025749],[12.550257364762562,45.85960780028978],[12.5312072106371,45.863102345251015],[12.536606575227205,45.86940853415953],[12.532308161754134,45.88153185492481],[12.507007367159375,45.89779813099592],[12.516756212669916,45.90218356067842],[12.505989072404404,45.92128939337171],[12.474643470961437,45.92852972647717],[12.453752704572542,45.947106930573575],[12.426102356356628,45.94700274019937],[12.422303575678573,45.956200202959025],[12.427951457639162,45.99506587272332],[12.414762209048746,46.02735104160392],[12.400307249006966,46.04199758202595],[12.409902560338313,46.059196702660415],[12.437501266070965,46.08479591416028],[12.484312901476525,46.10447238610245],[12.498472803482146,46.136316512870884],[12.495128007867429,46.153094922976855],[12.447303764804275,46.17960166903819],[12.443758465287257,46.20771066493681],[12.407200684843144,46.207103220862635],[12.400305044215022,46.211300960157445],[12.407700215868681,46.22188960707578],[12.401563259931933,46.228861039388356],[12.376399812421845,46.22300362675337],[12.36000127376176,46.22890373221547],[12.337601631554461,46.239404047304085],[12.321203322287834,46.26440020881957]]]]}},{"type":"Feature","properties":{"id":"trieste","n":"Trieste","rs":"friuli-venezia-giulia","rn":"Friuli-Venezia Giulia","macro":"nord","mn":"Nord","pop":228049,"nc":6,"nrd":6,"rd":50.21,"co":207.92,"kru":513.85,"kin":254.06,"drd":3.27,"km2":211.0,"dens":1080.8},"geometry":{"type":"MultiPolygon","coordinates":[[[[13.578803561974429,45.79189952527805],[13.59629999964814,45.807995886708994],[13.627304737765698,45.797451857124],[13.669398057424068,45.799696153716994],[13.735471752296649,45.75976828190758],[13.789198844162481,45.7459976212068],[13.833647131593764,45.70725607255207],[13.83242428123326,45.689906928384225],[13.858017322423336,45.66581186748593],[13.918097352354858,45.63120220765662],[13.869419873508196,45.609211457324285],[13.865597070881664,45.596702610751066],[13.851027557897677,45.584786976700705],[13.810492814637644,45.58100862933002],[13.786928605090916,45.582920398545454],[13.74724377099768,45.59786539834471],[13.722902617201102,45.59470406611866],[13.719604499046035,45.60569748106855],[13.731700478060743,45.608897253943375],[13.785861111968927,45.59989342776699],[13.797219294437948,45.60917908993152],[13.774151611579184,45.612716243021566],[13.778109155740617,45.616716521474686],[13.772616103435084,45.635253598488866],[13.756901044493445,45.62790384540479],[13.749403590572982,45.6356016110984],[13.748803574367232,45.64399725770889],[13.767534354944962,45.652953642525496],[13.752798228897676,45.68096902747681],[13.73283935805375,45.696439234425675],[13.712003461775543,45.70240316667735],[13.710340195798548,45.71152621252784],[13.631937958122712,45.7680752427049],[13.590702326842587,45.775604999626026],[13.58090337122279,45.781702348889276],[13.578803561974429,45.79189952527805]]]]}},{"type":"Feature","properties":{"id":"udine","n":"Udine","rs":"friuli-venezia-giulia","rn":"Friuli-Venezia Giulia","macro":"nord","mn":"Nord","pop":516443,"nc":134,"nrd":134,"rd":75.85,"co":139.78,"kru":545.88,"kin":138.37,"drd":4.74,"km2":4968.8,"dens":103.9},"geometry":{"type":"MultiPolygon","coordinates":[[[[12.493903188136686,46.425999247297355],[12.505802176334681,46.440997113120495],[12.526873928629405,46.45264566945153],[12.531000541935972,46.46499488451803],[12.542029952795556,46.459197017564065],[12.569900182729555,46.475496461215045],[12.605899713377582,46.464984551786614],[12.620800556428756,46.47529674348159],[12.660507216216468,46.467956563692404],[12.656577301964132,46.4813535893951],[12.630103846912226,46.500701686166764],[12.61910399742336,46.53999947707066],[12.628702325024477,46.56059866691635],[12.637067369551502,46.57263368477575],[12.656799161968442,46.57315254539684],[12.68466131556524,46.59753394254504],[12.706478642968998,46.60226354168412],[12.704803773796364,46.618399010401724],[12.711402367367857,46.62559621809104],[12.756500523185315,46.64719681045968],[12.795098415592795,46.64249717332233],[12.818648855802174,46.62846709228318],[12.830962891268825,46.63056855436559],[12.83729532008868,46.627398455963736],[12.83436589114318,46.61047019583643],[12.85158963912332,46.60508707922425],[12.928599653748833,46.6102967526368],[12.948379218723842,46.60290047911355],[13.021399192593348,46.602196150963984],[13.045899176665479,46.595448484791916],[13.083583768390428,46.601784521058285],[13.125102701414468,46.59121429928266],[13.168397280899393,46.5887963702695],[13.179264032555006,46.57813079475895],[13.218098969642705,46.57029621381161],[13.236692354788133,46.553264611616946],[13.269493384129287,46.56129495309488],[13.319929464075521,46.55303178498175],[13.344501024318648,46.569896674096235],[13.36382582304997,46.57013902843852],[13.372801234645632,46.57929629480942],[13.408796149866289,46.57099735284068],[13.409475628986492,46.561514696416246],[13.427177805311272,46.557735097100164],[13.473392725351404,46.55735806817865],[13.503998181921522,46.56609660276633],[13.519642667318362,46.547185758193955],[13.544000264099685,46.55349659819692],[13.563498307734331,46.551296568261044],[13.572198640321373,46.53862129911419],[13.592000912718056,46.54619644573097],[13.627020507223744,46.541510644331865],[13.67701488909775,46.5232688566525],[13.713797725221573,46.5230956196926],[13.717295731213047,46.51319945530659],[13.703054811871946,46.500187029679864],[13.709694578632595,46.48149957682129],[13.696204710212953,46.46923889106978],[13.698674626748447,46.45643605940609],[13.68435881626769,46.4374406708234],[13.64703363114734,46.445762431706065],[13.592105406051093,46.43626545571832],[13.578983547636136,46.42638367846286],[13.566798289163373,46.39910348420007],[13.468171003438542,46.3607252249058],[13.439597177131978,46.36027749503611],[13.447396558072725,46.336399983987356],[13.439098306784885,46.32230338436224],[13.425115911331286,46.32204999124779],[13.402797933677666,46.30000360708323],[13.3783925283336,46.29654097880841],[13.391896610497726,46.27929865512132],[13.398818895005356,46.25328518121405],[13.42249530048892,46.234398269862034],[13.410580953685496,46.21517361406754],[13.422479246148916,46.206774208482],[13.446066313407684,46.21307424476329],[13.444904755461879,46.22389754161602],[13.48429974197662,46.22459798180205],[13.50348538862738,46.215733996808744],[13.529596545116492,46.218096527604246],[13.531599518552865,46.21232034606825],[13.5458608825685,46.21206993453407],[13.561997301873278,46.20409758519799],[13.565557488846444,46.18828686315208],[13.572379827594478,46.1845806454174],[13.585600002834735,46.19019599168794],[13.614492826792084,46.184514715701454],[13.632600319003817,46.19069604947961],[13.663296888600945,46.18009783262106],[13.664095983531862,46.17090158387206],[13.63965633261605,46.13464475742097],[13.573998250723303,46.090702574407615],[13.543963274697717,46.08244164161695],[13.529834549830854,46.06767579240319],[13.497329778934205,46.05896242505145],[13.496896246672701,46.05140194505348],[13.478451743710467,46.0367703027973],[13.4710969552926,46.01170196558224],[13.46068455055237,46.00502270512947],[13.464795839774844,45.9861023545103],[13.439346274494065,45.97386455880653],[13.44259580998375,45.95970151907026],[13.42088635001954,45.94222107175538],[13.420647493938313,45.930451304862146],[13.393931932639202,45.91301729004217],[13.399832431334312,45.896138325602934],[13.410098077058173,45.89219732619069],[13.423193465176661,45.87129982914765],[13.412020015794873,45.85624206376109],[13.416085865302158,45.84226340499248],[13.428996111270672,45.839097113272324],[13.426360831918636,45.813312855804924],[13.440295153582255,45.785700394356766],[13.420892221486463,45.758046049484896],[13.461096030810658,45.74970268122936],[13.407059324372042,45.73953354572866],[13.405997870783654,45.72500307683998],[13.389900323491174,45.72360433977945],[13.364082160434162,45.737443780329464],[13.3271010123704,45.73690532319592],[13.30139810150061,45.748691533198134],[13.275601349624331,45.747303729111835],[13.240571267622425,45.756114702412596],[13.237975704072843,45.742686563799445],[13.2456953972131,45.71960213571032],[13.151836131558213,45.70024216249015],[13.152042267670588,45.69345051514622],[13.109528450334311,45.66298870310995],[13.100897994248438,45.643505080082534],[13.083231021716482,45.657513481259386],[13.064702071281486,45.65580454566586],[13.066303232431205,45.67231298100653],[13.044406213923766,45.68430013361338],[13.050395110456751,45.69205901877957],[13.036804630380653,45.69940105970312],[13.040293072769227,45.70704166475306],[13.028249572769806,45.73538389129621],[13.015796845124445,45.72500402711451],[13.007703759299714,45.72610308972452],[13.0156,45.73925613297546],[13.001404146031105,45.750000693086356],[13.006974931351829,45.764540512827885],[12.984602081893536,45.781401901256736],[12.974204472055414,45.80759992520959],[12.981513854173013,45.81786525547079],[12.970908763316675,45.82870198851723],[12.983835814433366,45.836808100970494],[12.974939463815826,45.872713450194496],[12.921502017719808,45.904301704687505],[12.90391446588869,45.96312312413439],[12.916904454782532,46.07399881686287],[12.964038453258286,46.19446187274696],[12.937709529150068,46.21190041673034],[12.973461515281299,46.233805773167546],[12.97390368940897,46.2635997783343],[12.985580837557254,46.27278211233709],[12.956661868049608,46.29184844329199],[12.953603979005019,46.30039882782651],[12.974846859161891,46.31701392478462],[12.973171965472197,46.32791787734407],[12.959192071373398,46.33680228034975],[12.935801361371375,46.33390371414642],[12.916448137064203,46.34619931272838],[12.90639805615557,46.334802664152036],[12.883400564412765,46.330204810223705],[12.875604425263955,46.33250219150878],[12.876302613517337,46.34242775761765],[12.840200701483647,46.3432034953825],[12.810161553168218,46.35960533610258],[12.781728303203733,46.3562109789972],[12.77799757188828,46.345902860251385],[12.70660121863663,46.32570422722288],[12.69230413996662,46.34316692776616],[12.678605454535685,46.34749144959343],[12.645500232826544,46.336903490792416],[12.626096818242015,46.347414268401714],[12.610000188789781,46.34350388472737],[12.594906602622594,46.34900104003292],[12.601833708572395,46.357384716591454],[12.586197968685793,46.36730896222703],[12.557549927959846,46.36866661849384],[12.541600702174453,46.36020429802902],[12.529262718717273,46.368259030515325],[12.519435964549176,46.39757757853724],[12.504601978855652,46.404202545563116],[12.493903188136686,46.425999247297355]]]]}},{"type":"Feature","properties":{"id":"frosinone","n":"Frosinone","rs":"lazio","rn":"Lazio","macro":"centro","mn":"Centro","pop":462363,"nc":91,"nrd":91,"rd":63.54,"co":167.2,"kru":377.77,"kin":136.4,"drd":1.74,"km2":3244.4,"dens":142.5},"geometry":{"type":"MultiPolygon","coordinates":[[[[12.992403616318583,41.76870371967072],[13.012201763885898,41.81291809628227],[13.00980285742305,41.8254968944536],[13.027507431134987,41.823242590030006],[13.0352026718465,41.83169652060724],[13.049521665294304,41.83249564807191],[13.057598440240227,41.827848021994726],[13.065489788160455,41.83200321352924],[13.071602321004237,41.854197123057],[13.101398900085835,41.860395821543],[13.136602767085776,41.84372247732995],[13.184746966587062,41.846583669841934],[13.194202356317197,41.86879744780272],[13.243545873727191,41.896394529230754],[13.243902554272204,41.91409710656586],[13.26675924627322,41.91643160744983],[13.298302131115527,41.954196208017635],[13.310328459136825,41.95171478117008],[13.338120487124307,41.92571851345885],[13.364397807667995,41.92469685700088],[13.383895623065829,41.904199463568155],[13.360700348590338,41.87007326236841],[13.367495996860493,41.86189914570904],[13.367365128437315,41.83275117428608],[13.379948506263641,41.81761428346403],[13.391145682356887,41.81963366892797],[13.396302646441297,41.83409726536808],[13.41962133361469,41.83362430343611],[13.451498483668926,41.822797114634255],[13.470284472004867,41.806466779028746],[13.504398347372982,41.80159660861983],[13.522157611947204,41.772595240518406],[13.572458767992424,41.75447896021149],[13.586101819524663,41.76639679913982],[13.63163972377965,41.78287366637805],[13.641712089198359,41.79160275173329],[13.637205641959461,41.80250022423766],[13.647701193567631,41.81099673150338],[13.662898869701937,41.81129655665923],[13.705767084843417,41.78802863877499],[13.72949680446635,41.798996164104985],[13.730788163210233,41.78835579204685],[13.748595997971517,41.77359847096674],[13.74989149681854,41.76077588887621],[13.76608954983293,41.748830384677106],[13.790159044850794,41.74337308128093],[13.810100450504082,41.753795878559714],[13.827492698792787,41.73924809831419],[13.856871535117493,41.73115705433176],[13.897697723736188,41.73209770630011],[13.90455893729805,41.71888921512233],[13.919697501341082,41.7171978610547],[13.93191326537868,41.69413427145392],[13.967297175167719,41.67409648931194],[13.988295855742628,41.65379851133011],[13.996694917373462,41.624326226476924],[14.010996625896137,41.60759886011914],[14.010196381555073,41.59260154574832],[13.998491817297243,41.577634045320195],[14.004332963024094,41.56676928966504],[14.023597059312893,41.561097216472],[14.025896458315247,41.55490008110543],[14.020597570823192,41.54240295042631],[14.007769223862114,41.53650686196967],[14.022095381479234,41.526998677531665],[14.014198058757994,41.516003520272704],[13.995387969544185,41.513027470444214],[13.976412867896409,41.498025312519154],[13.99279483055815,41.48209936355058],[13.977897800566888,41.46240373589402],[13.960518017601489,41.463042026547626],[13.910798023094992,41.42870339667528],[13.875696297894583,41.426423358230494],[13.86233133417469,41.41724293763701],[13.886294192172256,41.38440072191198],[13.873665225540817,41.37447129822389],[13.873697348922597,41.33830325671343],[13.842400623590546,41.33100355868295],[13.822197797355349,41.338450166321465],[13.819794557371926,41.32150259606434],[13.798060857682595,41.3195778508881],[13.79429722721914,41.31300301280973],[13.763001895022752,41.30130468934584],[13.737729055062866,41.326904551382846],[13.715102198337512,41.33560265742612],[13.711872808860392,41.355138573871066],[13.702572024202317,41.35910743917576],[13.68229940319821,41.339503465757126],[13.668377934249413,41.342906559977116],[13.657295167397741,41.33742371458212],[13.651299220949847,41.31800347694406],[13.617771522890472,41.319785417663105],[13.592088041270584,41.352881297142495],[13.560505806951912,41.36810193058217],[13.577762796363158,41.38308315948996],[13.547935950017928,41.419524694282785],[13.511503745516109,41.423603194674435],[13.510351736860354,41.43271374539637],[13.455702805247585,41.44930298838298],[13.446070987480127,41.464337379096655],[13.428239609220036,41.455225988899386],[13.438396598117418,41.42520005482455],[13.427297048174442,41.397303225277845],[13.38744707524069,41.40464962791328],[13.365398881890542,41.39690391087393],[13.336687751936655,41.40647168820003],[13.306501892852905,41.402603186021985],[13.293755649584995,41.419005873090335],[13.254705368640522,41.432602240172436],[13.26560261311817,41.45199754572246],[13.298283976789603,41.47083290701367],[13.273079273637768,41.52060521228121],[13.252559139171757,41.536720952339735],[13.215540081718489,41.542456027484015],[13.20020360316473,41.5568016133549],[13.196603875143069,41.586806431808505],[13.159101850648932,41.586403257625356],[13.15030358090515,41.59660119538745],[13.15872723722225,41.615932371836095],[13.150212133810305,41.65800166238148],[13.123501806394103,41.664303507631],[13.099102635803106,41.67880390272816],[13.091204006523835,41.68740374754925],[13.094240139876609,41.706083517885766],[13.084130941547,41.7196731947836],[13.055203309395925,41.72970212281887],[13.050939299854335,41.74210561727001],[13.02640150634044,41.747502326574065],[13.00793859904436,41.76890645408937],[12.992403616318583,41.76870371967072]]]]}},{"type":"Feature","properties":{"id":"latina","n":"Latina","rs":"lazio","rn":"Lazio","macro":"centro","mn":"Centro","pop":566671,"nc":33,"nrd":33,"rd":64.54,"co":219.31,"kru":479.36,"kin":171.16,"drd":2.96,"km2":2266.1,"dens":250.1},"geometry":{"type":"MultiPolygon","coordinates":[[[[12.53051121371818,41.59880065471647],[12.551070413308846,41.60624385215637],[12.555503536740892,41.62069742245329],[12.633900061322995,41.671996000306905],[12.65289727315843,41.662095757689585],[12.652570028678053,41.60835251053286],[12.660617042979533,41.59930429885434],[12.697496750022623,41.609995370923976],[12.70289902494042,41.595785379656874],[12.718228720297361,41.59366354202478],[12.73447018160804,41.60408164481021],[12.740896062794176,41.6023267679717],[12.734005073438253,41.58160631050377],[12.756820154533095,41.57459531636794],[12.792601177101366,41.622896544759506],[12.809668800582264,41.62198493894437],[12.808803738403142,41.63759731772803],[12.823793941472404,41.6416287079603],[12.81880469272508,41.65060008064218],[12.823102453961807,41.65549672329217],[12.83019882380298,41.65879555079653],[12.836651866617398,41.65387966311168],[12.83980372917278,41.664797121628865],[12.850245628004844,41.66732047937441],[12.85218979695482,41.69829387478715],[12.836505592791298,41.7039000483905],[12.85084129706347,41.71485515747904],[12.864995095055118,41.710696443395044],[12.869088071914371,41.703019608271134],[12.895929393378816,41.71138838118892],[12.914964643420975,41.707992155737315],[12.93909817142232,41.71339644672739],[12.9521941152602,41.69499966196136],[12.943147624849594,41.687119394848764],[12.943874959173078,41.673558214560266],[12.985996909982665,41.64549690998267],[13.000028419028215,41.62490488603178],[13.019434978740492,41.6104337244917],[13.025095133907913,41.59970136363244],[13.010058351603831,41.5823249636013],[13.0140043847497,41.57617298898123],[13.033778088547445,41.57265500585076],[13.051099104707202,41.58099549617853],[13.103643287222784,41.54730469564642],[13.112900370939117,41.55369612111041],[13.123347952334251,41.55142175188659],[13.124562106933976,41.557337478322225],[13.166662273919634,41.57390488260937],[13.17500183377769,41.583596491476705],[13.197397384340883,41.58709679414462],[13.20043209858697,41.556903924583395],[13.215359426955974,41.54262495141779],[13.252698958416852,41.5366969623971],[13.273196674510302,41.520497730733474],[13.298895732691134,41.47070092067192],[13.265986131614948,41.45223324200073],[13.256324067308519,41.43360479188135],[13.2942328992495,41.41873770423123],[13.306877688598068,41.40266941731311],[13.336593782143714,41.40648585824817],[13.364569890494097,41.397104321346355],[13.387899399032811,41.40469639469965],[13.425798559474792,41.39748091017458],[13.438276798269309,41.42520198551217],[13.428303076791712,41.45619793365764],[13.445399595680781,41.464995876627135],[13.45662901710487,41.44897852634734],[13.512496051589212,41.43209738858974],[13.513880156620944,41.42362751807693],[13.548097815213124,41.41949744448114],[13.579094986501026,41.38020263269046],[13.562902081676185,41.3681129030958],[13.59199778403568,41.35299734595537],[13.618458965121746,41.31965974313823],[13.651900293691504,41.31851632019821],[13.657102948948598,41.33739677790207],[13.668200472133604,41.34309581010861],[13.683174229961535,41.34010241680344],[13.701701377931695,41.359295840352615],[13.711996491074581,41.355198305387425],[13.715101876446077,41.33582338590379],[13.737798040634754,41.326997363889355],[13.76376485597899,41.3023971631744],[13.793462981621685,41.31281054318074],[13.797102173019997,41.32009613119246],[13.816778879648549,41.32120384274379],[13.823100242805157,41.33879581048359],[13.843000338455424,41.33108450350587],[13.873698363688124,41.338296026000506],[13.894695730222795,41.31049939485187],[13.882298696579747,41.29090389595611],[13.851288827710075,41.28964813795168],[13.828916675648097,41.28104509917753],[13.839895432733696,41.26339876495762],[13.833597415746699,41.25220270051395],[13.816799348217184,41.24370397984784],[13.77454448307418,41.24251277401825],[13.762198910389563,41.222604708352776],[13.706537383190366,41.25388472637166],[13.680500107912374,41.24430329845472],[13.653663033195903,41.257146592573754],[13.621330795707538,41.26077503787275],[13.579409341365201,41.24448440144439],[13.568956711426889,41.23199451904481],[13.572751371615999,41.21532457424929],[13.589690099832277,41.20740086805882],[13.547600171742035,41.20750377726504],[13.519233716991625,41.22471620424662],[13.48470263682905,41.23804020066483],[13.470100000000002,41.23740387426145],[13.37459368502767,41.28126644768777],[13.291407197921124,41.29749629226772],[13.267541227069339,41.29500919835985],[13.251399143949376,41.28330412350233],[13.20601661073208,41.2830131544979],[13.160575284763162,41.271355850537276],[13.105775815271071,41.241442461465205],[13.094497165481616,41.22440335054474],[13.068221026268082,41.221717742997036],[13.040102122057316,41.23100195312931],[13.025743194136545,41.27120876340546],[13.004742512778424,41.30533540694131],[12.950081764271815,41.36237556124351],[12.85477981075282,41.41143543159331],[12.773203139607075,41.4163042341806],[12.76676454536537,41.4357506987614],[12.754667128564343,41.44519775513255],[12.738803387110687,41.4472027977218],[12.73790378014587,41.45709740327994],[12.745041804175003,41.45989189946957],[12.747790270306762,41.473267876562936],[12.7268027470223,41.483703131971595],[12.720450561919371,41.50483205588938],[12.680902928953234,41.50870298026455],[12.67486963149006,41.52268673913767],[12.652198628045662,41.53596048860039],[12.620301533820099,41.53830314077223],[12.614954296396476,41.54428856393725],[12.587703121422209,41.542802869074876],[12.571275286322976,41.576564199598984],[12.53051121371818,41.59880065471647]]],[[[13.416909429241668,40.789103795017546],[13.42705669019538,40.79750538553731],[13.430999713181183,40.803793349822776],[13.434995661312096,40.79580097156093],[13.416909429241668,40.789103795017546]]],[[[13.048204543214036,40.97069838643995],[13.055700103329968,40.97429653474211],[13.064796656932845,40.96680276951153],[13.050702394772893,40.96540372573519],[13.048204543214036,40.97069838643995]]],[[[12.94240448519229,40.90080120917408],[12.949002880844674,40.91739717540072],[12.982100585416013,40.93589680270184],[12.993695665554457,40.934796854860274],[12.967434515064614,40.92087372280235],[12.959955410849092,40.89850616913252],[12.96719526692194,40.89359841550985],[12.96039792882365,40.88220264565998],[12.953501209113155,40.88010401581528],[12.947804843242507,40.886999542342664],[12.952360873048393,40.89394701324655],[12.94240448519229,40.90080120917408]]],[[[12.860195682082988,40.92970179871018],[12.851920835138054,40.92547004152793],[12.856600075850952,40.94118935245189],[12.860195682082988,40.92970179871018]]]]}},{"type":"Feature","properties":{"id":"rieti","n":"Rieti","rs":"lazio","rn":"Lazio","macro":"centro","mn":"Centro","pop":149923,"nc":73,"nrd":73,"rd":60.73,"co":210.07,"kru":412.95,"kin":168.76,"drd":1.62,"km2":2751.2,"dens":54.5},"geometry":{"type":"MultiPolygon","coordinates":[[[[12.436403813817694,42.387199801008066],[12.44470018821436,42.39879656250011],[12.459599812485504,42.39789658796131],[12.474654425356093,42.38786167482425],[12.48810187230049,42.398696541358014],[12.511098930125677,42.403496525667244],[12.518194242480195,42.397200343446265],[12.513510365806965,42.378216085236474],[12.526524836179048,42.36432208419649],[12.548901036604136,42.382296531936305],[12.569837050325418,42.38304051549429],[12.613930560263201,42.41378856064838],[12.611992289274763,42.436236000980536],[12.619459929295326,42.4517792777006],[12.61400654971398,42.46410008050655],[12.635898972836051,42.46889643073187],[12.650913026888004,42.4435827507542],[12.660600826837031,42.441419484837695],[12.690349997791426,42.449247825126704],[12.71052729298527,42.46347576432843],[12.725041870142041,42.460785144983205],[12.73828166686944,42.47289152713074],[12.711104805485814,42.50079820634009],[12.77130357367149,42.512984522786326],[12.773203351641689,42.5312973223853],[12.818208411362402,42.533504974495585],[12.847801758135574,42.552797217359846],[12.891474021179333,42.564269260244565],[12.89334246142339,42.57928343586298],[12.880603351230985,42.60939782493954],[12.896299738002188,42.61639609218129],[12.930319927089808,42.603903611245315],[12.937402417989198,42.61529694548089],[12.953300590271324,42.61899454250629],[13.010684478285086,42.616948692890766],[13.023400996397637,42.63879648587351],[13.036562033185954,42.62780738220804],[13.05900640809744,42.62296111821866],[13.109236100962475,42.64209678365437],[13.116271375737782,42.65601658731934],[13.130398969805212,42.65929615343763],[13.145849827696267,42.647333958944955],[13.174532110370647,42.66678201236829],[13.179580442798333,42.68184477256558],[13.173304895171494,42.68730125252923],[13.190168733003844,42.712190967854504],[13.189203060099167,42.733496637149685],[13.253289431350533,42.72179985359451],[13.264502600512659,42.740196521303965],[13.287797276825955,42.739196619411516],[13.35769517841291,42.69409846777999],[13.34934273030011,42.66990916758949],[13.369185958514773,42.649821097303985],[13.409796239651067,42.63909987604078],[13.390306931858424,42.60793864318867],[13.393993693773416,42.591200392338074],[13.381797427614604,42.58100332028275],[13.342800226493308,42.57490410438677],[13.326957967307662,42.57980251029472],[13.291302011163506,42.570603917952845],[13.278490818581448,42.583347557304975],[13.2612333948706,42.5829716908141],[13.245899008324285,42.572703626206525],[13.226545559226768,42.582667630790894],[13.193111034533016,42.586557995642394],[13.192196013158695,42.578002066180446],[13.174833964207172,42.56723761872685],[13.176195971581269,42.55260116982877],[13.156352134761967,42.536781614249556],[13.16073494269745,42.521901149247235],[13.177796141900638,42.51259740194712],[13.171864207896093,42.486946683954265],[13.178494656991948,42.47930044220087],[13.119307986283776,42.44572747542706],[13.15537442896977,42.414080429156684],[13.189197183501745,42.40019722565767],[13.194169981634342,42.38926604040445],[13.15606072537146,42.35516789575701],[13.191347886316024,42.33252347431382],[13.226496546204876,42.31929634672535],[13.234610334606524,42.27790760372263],[13.271296629174092,42.25419669815874],[13.282104823230505,42.2373007532606],[13.335498395358862,42.22239673183165],[13.340994802826367,42.217299901975004],[13.33317481844618,42.20761194230109],[13.341274358532853,42.19863034233104],[13.379892979763332,42.180502965047054],[13.352295943222511,42.17459868594521],[13.354592849565352,42.167401424220216],[13.326499133806491,42.16321575325471],[13.328694610886522,42.15490120294351],[13.316541075692845,42.15284544929977],[13.305197538451598,42.13820329802558],[13.237375940394239,42.12918867555524],[13.223592987636218,42.14305533331122],[13.192655566421596,42.158081785572975],[13.169701693885287,42.15070423816301],[13.122803794088433,42.17684328434618],[13.089382561507339,42.17750998419462],[13.093796128966183,42.15940083330989],[13.086233932479542,42.14436741847909],[13.059865513507168,42.123043839865694],[13.032939441117644,42.120333957670056],[13.030425063061056,42.11530700849069],[12.978529359366199,42.13017308982199],[12.948700089748007,42.0894051710426],[12.92028562362681,42.115104225260616],[12.910419563424655,42.114137303128764],[12.898798027095761,42.10150319431058],[12.866802774048502,42.103603367864295],[12.847763900673948,42.14357028816529],[12.781303024404862,42.16670276982956],[12.780304302691905,42.17159702605837],[12.794001078446762,42.17898282036769],[12.789938586351468,42.18517797802656],[12.767761845458995,42.18817552508645],[12.742898215057979,42.16640366923619],[12.724344143407578,42.16588984231113],[12.716397370697987,42.15480313463737],[12.70416670892952,42.151716812819636],[12.672145137310624,42.15900742143669],[12.647004284688842,42.15210290150076],[12.645260001248056,42.16435352905854],[12.608407110541886,42.18280102782084],[12.615989246942354,42.18912290379778],[12.613203025657553,42.201997654130295],[12.637328092021267,42.20929560729967],[12.64141883713164,42.23312598843619],[12.633218896345452,42.24714934983855],[12.608003300334707,42.25900187889376],[12.604125650287221,42.27314532776457],[12.581700405277646,42.26400377057973],[12.573967200326164,42.2722031414848],[12.559203748224474,42.26930446677296],[12.557398939632764,42.28881354935363],[12.550516359368993,42.29302956436053],[12.48910202228874,42.29620380233162],[12.474505213165681,42.315497934567965],[12.485048314929932,42.32256361181906],[12.467702232596888,42.32870241149766],[12.462103345008275,42.337900743857304],[12.47209246050009,42.35441136787855],[12.454603567402733,42.357402431650314],[12.454858913826003,42.37784067257677],[12.436403813817694,42.387199801008066]],[[12.575990189055853,42.28348462530155],[12.579879018406178,42.27586380913297],[12.583021157479665,42.28255162961946],[12.575990189055853,42.28348462530155]]]]}},{"type":"Feature","properties":{"id":"roma","n":"Roma","rs":"lazio","rn":"Lazio","macro":"centro","mn":"Centro","pop":4223885,"nc":121,"nrd":121,"rd":55.66,"co":260.82,"kru":539.57,"kin":248.24,"drd":1.66,"km2":5381.6,"dens":784.9},"geometry":{"type":"MultiPolygon","coordinates":[[[[11.733706403317544,42.15799846338134],[11.777599676031603,42.16239608494873],[11.823658010793878,42.14732485968591],[11.830726117674008,42.156850255648756],[11.828003815973602,42.166899121251966],[11.866803490895636,42.199227077194394],[11.882802577364684,42.229996983651155],[11.911298458365732,42.241095796636245],[11.93832994066561,42.219349756989075],[11.974098892113473,42.213095694545125],[12.004471944258315,42.15767274084725],[12.05065956361573,42.1531636089917],[12.05780269180111,42.16409672692486],[12.11772388430999,42.16150462581541],[12.13650462021426,42.1486851308193],[12.16880290287986,42.17529691173127],[12.21569942699371,42.186696384769775],[12.23699810715393,42.17652690073748],[12.271398456293488,42.18189593652898],[12.275246924855272,42.17229424756614],[12.285500114433615,42.174196043528724],[12.30669506067878,42.159699200107546],[12.308430047376223,42.14951955724062],[12.329348386624968,42.146359774446026],[12.368665088652369,42.17179112411332],[12.375011013116856,42.18577195151585],[12.371803739954897,42.21149717441875],[12.38659965719465,42.216228912334856],[12.397802497947614,42.23179724117881],[12.409371135372542,42.23180062098187],[12.406604045336751,42.24760024349866],[12.41219956500025,42.25739279623666],[12.419995895626368,42.219090882558994],[12.412023200742938,42.183252755848414],[12.425956699277084,42.18135476639172],[12.43520301392339,42.200297637255176],[12.46199626154238,42.205777606781],[12.469402490559025,42.23139726137359],[12.479626868545488,42.23525611144151],[12.477104818777727,42.248299911279716],[12.488902420427465,42.26999636185701],[12.504288621114776,42.27330910021748],[12.519601908390891,42.29469553420246],[12.535500811152827,42.29599654048118],[12.557296513162683,42.289697360902004],[12.56090490340476,42.270396486249744],[12.575026891956645,42.27315801425479],[12.573704319145572,42.28399664527014],[12.58379752286419,42.28389643120254],[12.576615739881484,42.26991240345483],[12.58030528889379,42.265014335349974],[12.605098038442897,42.274295476134924],[12.608859936003316,42.25850986949373],[12.633696564772809,42.247796828666125],[12.641696396490211,42.23329960225139],[12.637196890016732,42.20790270173012],[12.613738677232556,42.2021338978308],[12.616795858549079,42.18890113862677],[12.61180520211837,42.18329221813831],[12.645297514396644,42.164397112201705],[12.649707601170709,42.15194441057424],[12.672299809217611,42.159096172823034],[12.688792308640831,42.15214775922877],[12.715278395484164,42.15453284815332],[12.724301219172759,42.16599695761469],[12.742813787370926,42.16691310727809],[12.768278532352157,42.18839326865553],[12.795295545922277,42.18059967256472],[12.782479575888347,42.16640930110021],[12.849595795763095,42.14329759987825],[12.868561098741823,42.103771109058016],[12.897537683514974,42.10141732644863],[12.911101423373644,42.11459583736334],[12.920798758285718,42.11519598417215],[12.94932186127216,42.09076785196622],[12.978249207120921,42.1303515370695],[12.993198810327154,42.12919684762588],[13.030497183358147,42.11529661282286],[13.032796451447947,42.107200528193225],[13.018712406132751,42.074477811964],[13.026898042511636,42.04997874341746],[13.04639653207817,42.035397523042185],[13.058335814543463,42.01555076705743],[13.097047835816706,42.00951888195081],[13.097302822482503,42.02479669339276],[13.107699485480524,42.025097034127484],[13.198615772346793,41.986706889592234],[13.231497370872683,41.98169668678745],[13.29629443318407,41.94859754617283],[13.267297536225815,41.91590361685177],[13.244104899817492,41.913651284362125],[13.240908524978355,41.90443226323591],[13.245395764871345,41.900198675044564],[13.235098186762018,41.8888024301644],[13.194351656489394,41.86863573634378],[13.190896531758973,41.85050159888518],[13.184099469371278,41.84610365063579],[13.170952878090974,41.849758234968775],[13.136600688523504,41.843705592949185],[13.100240152580632,41.86014251790653],[13.071833110310537,41.85391105391983],[13.06549664070065,41.831402736053796],[13.056268415560247,41.827230897349786],[13.03724645618771,41.83181369201043],[13.026700445079705,41.82270432174628],[13.009681998833779,41.823974084787565],[13.013295154074287,41.813800064563445],[12.993385264434522,41.7701282805901],[13.00849783531747,41.768697221649774],[13.02652120259735,41.747448101787015],[13.051198350228166,41.742296846228975],[13.056337340190831,41.72907528914301],[13.08689431909408,41.71899799766581],[13.09479611259844,41.70559923077458],[13.091674890914748,41.68964230905257],[13.099155785801884,41.67994748368802],[13.123841251842617,41.6643023159951],[13.151096079337025,41.657598101618035],[13.158896035691166,41.63450016244659],[13.15613283968587,41.62016001489874],[13.162091979974639,41.616799447532564],[13.150530594514269,41.59667697768451],[13.15932055614793,41.58649134791859],[13.174993628046346,41.58359765319051],[13.166897932922856,41.573803607722496],[13.12594281852141,41.55815429688954],[13.12549581545524,41.54980495208169],[13.112630481352996,41.5534073840982],[13.103799603661031,41.54500582875699],[13.051095522359661,41.58020500240322],[13.03379939596723,41.572504273044615],[13.008356122269573,41.58095161873313],[13.023852150677707,41.59957865286169],[13.019910578568544,41.60953258797539],[12.985514808145533,41.64522896803204],[12.943203402917314,41.67420147555757],[12.94290377258746,41.6873982631199],[12.950083437167033,41.69502750188592],[12.937847373702896,41.713100908904366],[12.882787600694185,41.70922580770917],[12.880396359593224,41.70190597169194],[12.851350960189851,41.7141323615984],[12.83967750746947,41.70632726265029],[12.843267113896838,41.69899215719727],[12.851097942697828,41.70119526179419],[12.85469619973715,41.69160012241194],[12.851296046354276,41.66640278927703],[12.841147496603126,41.664489797818284],[12.834900607473495,41.652205026908135],[12.82996966806059,41.657928722782316],[12.822900251146411,41.6552478704062],[12.824696698813417,41.64110306313522],[12.809288486639733,41.6363577947632],[12.810696307736562,41.62030381724164],[12.791741190033234,41.6219978052803],[12.755800392830885,41.57270567047937],[12.732604601618739,41.5809028954392],[12.74035411911278,41.59345105925697],[12.738532005682304,41.603019321590786],[12.719198650871506,41.5935035157725],[12.703169720212317,41.59529220519366],[12.694540942800925,41.60888927361843],[12.661700996295673,41.598204188931795],[12.652403960293556,41.60750135466149],[12.653242675713152,41.65917905226778],[12.634779156983804,41.671482217460024],[12.556224321920169,41.6207327159262],[12.554696441410325,41.60990160200045],[12.5383840786261,41.59838084816251],[12.570798173023636,41.57739688356787],[12.58859032944828,41.542821274507595],[12.616797662802485,41.54459618224995],[12.621043886716459,41.538221416521445],[12.652398814142295,41.53609631794831],[12.67459832886698,41.52299748309509],[12.682419923836568,41.508654789407096],[12.721197956346154,41.50509652188519],[12.726757582303208,41.48411504360001],[12.747896968790348,41.473299112611464],[12.739109874145612,41.447844236275415],[12.753999489620401,41.44589571414121],[12.77206491738642,41.42517297183625],[12.773195940209828,41.416301656554175],[12.7653996273457,41.410104042097885],[12.713027359858259,41.441034915427245],[12.669712961524684,41.45636480083845],[12.622301479740551,41.444703745376344],[12.552638098326126,41.53406254648298],[12.436976874693453,41.64088497380311],[12.352058726730865,41.69686467176321],[12.225305174827348,41.74480218512511],[12.229271907829288,41.75320563528377],[12.21980451840973,41.77049914890376],[12.22389584975998,41.782360929287854],[12.20336796413058,41.82976142657531],[12.17753126840582,41.87358998412659],[12.140789356810618,41.91628641306439],[12.049901671079128,41.956503251630785],[12.023869330005578,41.983849258705945],[11.979901355841932,41.99640317591057],[11.963457084222552,42.014389448628336],[11.915652992745732,42.03931906403397],[11.835302543947888,42.029403916591114],[11.807148799601697,42.07956724620931],[11.754902922484055,42.12720334408186],[11.733706403317544,42.15799846338134]]]]}},{"type":"Feature","properties":{"id":"viterbo","n":"Viterbo","rs":"lazio","rn":"Lazio","macro":"centro","mn":"Centro","pop":307140,"nc":59,"nrd":59,"rd":68.47,"co":193.26,"kru":418.5,"kin":136.39,"drd":2.41,"km2":3609.7,"dens":85.1},"geometry":{"type":"MultiPolygon","coordinates":[[[[11.449804629449483,42.39399989578022],[11.481094534518224,42.41877737590269],[11.481103680421379,42.43359828097827],[11.488901069586458,42.43939660904331],[11.5168272631843,42.433655014183614],[11.543500199955474,42.44209630355293],[11.617691217524523,42.436985243853485],[11.615845332232938,42.4880662346097],[11.561303774742244,42.51730079052754],[11.568502866424245,42.53349715287911],[11.583102459200925,42.542842245047304],[11.578504194601386,42.56619791733493],[11.600899214021357,42.56979725675775],[11.61574251971684,42.56052109764522],[11.625001801371864,42.569096331909314],[11.643246488639116,42.56638285506193],[11.657201743882613,42.57709635333807],[11.683646658580834,42.58348366443788],[11.68010469331331,42.59529829134459],[11.711701503879981,42.610995905183735],[11.73577774102395,42.60732864907456],[11.751286246549963,42.62485340599395],[11.751501108134484,42.63889643333429],[11.780486733379147,42.63493483316721],[11.804886264877632,42.64464265329878],[11.808056529946223,42.6601698004134],[11.80028726197632,42.66851139173282],[11.784603507045242,42.67130320501496],[11.781104021970698,42.70529850347743],[11.800607237360708,42.70878934688158],[11.81550680228361,42.74394735128456],[11.806860018235412,42.753538110844566],[11.779502263301541,42.758002956607235],[11.762304487338456,42.77939304256184],[11.746005926129394,42.78580150717806],[11.753302640988844,42.802298652470824],[11.76850341493053,42.819896938863394],[11.7757994184321,42.82069604936003],[11.80820738493046,42.79664565972732],[11.815403493540126,42.8237972824913],[11.850501001778765,42.83869601527371],[11.8948234188037,42.83470651754862],[11.904896735003009,42.82789766940538],[11.930989559740947,42.778790988782184],[11.979397162104338,42.764597165001994],[11.981396218687959,42.752802108676995],[11.968697272198307,42.73460222399298],[11.949241607272258,42.727285084482475],[11.92765805793504,42.70667067948116],[11.94879467806147,42.6960979232685],[11.944001279474811,42.68294018430827],[11.97797873769445,42.67546467589735],[12.032792212673668,42.64554971316257],[12.073700525355932,42.65659638400193],[12.09423323299684,42.65562677107647],[12.106698464955192,42.66469526663035],[12.123442949350633,42.64986083842721],[12.132400628649782,42.661695173991255],[12.146473585306278,42.65905786407237],[12.161000924436403,42.67689638259712],[12.17629821854925,42.67269609459479],[12.1890152459744,42.66268233999089],[12.19736115711815,42.663758199006786],[12.22699635201126,42.64349846660244],[12.227124373097606,42.63536607308691],[12.243395090206937,42.62809930600517],[12.230669032158628,42.61218093384518],[12.247491254139918,42.596705749432196],[12.236378625270094,42.583483342084286],[12.238375108508148,42.57339956596741],[12.261549385754655,42.56004746726271],[12.274997575485314,42.55989632689876],[12.278496347220099,42.541501638850846],[12.267501971182696,42.53243924784921],[12.290292707789579,42.51900201536862],[12.276397782134504,42.51580754607535],[12.276338904181518,42.50822063982922],[12.289799611257399,42.51059631584867],[12.30044729610962,42.50363447918062],[12.307295565427625,42.49729955119879],[12.305710234075043,42.48804548134003],[12.324967310950063,42.49486863179026],[12.344797656959067,42.48489761224475],[12.352084872799923,42.474267683932325],[12.373233303562484,42.48103776705544],[12.39026932248871,42.49820931197609],[12.410329613688553,42.49811966676349],[12.42774396082464,42.487048279904926],[12.412904773262827,42.47753683210139],[12.41330332076995,42.46815646769365],[12.4275976550624,42.46539701405746],[12.430295638661931,42.45870201597639],[12.413637539960554,42.45473551673363],[12.41919604740226,42.434300995507314],[12.414649568033202,42.426659499697614],[12.421885537525947,42.42168300534261],[12.449572286318498,42.42327095771156],[12.46159900458604,42.42939570471029],[12.467196144764102,42.423798658691254],[12.456297624919392,42.40240268074113],[12.442980383234755,42.3978784545811],[12.437204779845084,42.38579634462287],[12.455396314451146,42.37839742968698],[12.455915150168638,42.35707657477622],[12.47479640101624,42.35689570104385],[12.462237594990198,42.33807453806571],[12.46821990097486,42.32845039359001],[12.489193019876994,42.31950139377784],[12.476420390555793,42.3148966776581],[12.481724841085622,42.303866283608365],[12.489758267440969,42.29610193737814],[12.519595155064714,42.29469760974974],[12.50599586147577,42.274101838732584],[12.488266240020382,42.26857495243884],[12.478347428492718,42.24856983355138],[12.483794166010831,42.241301264180066],[12.469108452934234,42.23046941010241],[12.462042079156545,42.2056568961165],[12.436244584757146,42.20054409383262],[12.42659841327567,42.18140373642762],[12.411504353850647,42.18220189928032],[12.419983506612251,42.21936521072873],[12.41698543753867,42.24599552784833],[12.410693456396748,42.25343056586224],[12.408898058835861,42.22980431890821],[12.398681598572349,42.232105649390164],[12.386497470963755,42.21610330297306],[12.372449733467304,42.21028633157587],[12.375095772094157,42.18560058301039],[12.368145549221765,42.17106376891047],[12.329499356933859,42.14630319175566],[12.309800371914738,42.14860419979031],[12.302504821966524,42.15350093793801],[12.304455736007426,42.16142132869334],[12.286641325101595,42.17344506283163],[12.27350406633523,42.17170375959957],[12.271177157867434,42.18131341664039],[12.236400923400568,42.176503405275014],[12.215361304900272,42.18636798348385],[12.169748014444759,42.17562173937892],[12.136000218918774,42.1472051249365],[12.117182676710817,42.16153751688498],[12.059893158192054,42.164122959373955],[12.050799619182044,42.15310295692448],[12.003369723767944,42.15788647942142],[11.97509269244361,42.21176510312905],[11.938701115511146,42.21910333303596],[11.910192038717941,42.24067294323419],[11.882933100893611,42.22919193031905],[11.866479764434827,42.206582870769076],[11.868096040158639,42.20000117930819],[11.82901559613473,42.16795785605693],[11.830995758332795,42.15730025759333],[11.822899457327331,42.14650405965346],[11.777598699870506,42.162384288366596],[11.733705647675134,42.158004968360586],[11.73850584733028,42.17211870269275],[11.720602379441665,42.19040196168933],[11.695403140288139,42.23535862774047],[11.646224296879307,42.28465979449388],[11.556346112757087,42.338466086546035],[11.451103900680158,42.37720230509211],[11.45434023469021,42.388112292645786],[11.449804629449483,42.39399989578022]],[[12.294086367620054,42.49230328578076],[12.301135336133846,42.49080993623202],[12.298206778027394,42.494735919783565],[12.294086367620054,42.49230328578076]],[[11.770023244490638,42.47310084383805],[11.760868247191176,42.43161131401045],[11.771467278459374,42.42995716945518],[11.780002122931124,42.44299659529554],[11.789926386456395,42.44474287488651],[11.80317345452309,42.463262377238664],[11.805838970061485,42.49401553023115],[11.770023244490638,42.47310084383805]]],[[[12.466204407174606,42.39489904494615],[12.481299246181345,42.404196145162146],[12.488095431627507,42.39869910279108],[12.47449999150505,42.38750438341256],[12.466204407174606,42.39489904494615]]]]}},{"type":"Feature","properties":{"id":"genova","n":"Genova","rs":"liguria","rn":"Liguria","macro":"nord","mn":"Nord","pop":818651,"nc":67,"nrd":67,"rd":55.04,"co":273.89,"kru":522.42,"kin":234.62,"drd":4.09,"km2":1841.4,"dens":444.6},"geometry":{"type":"MultiPolygon","coordinates":[[[[8.571703934282853,44.51610070625214],[8.595701348675137,44.53739669983166],[8.608085276726541,44.538778733049455],[8.612196245632298,44.54633587350477],[8.597903961101183,44.556501549622794],[8.600902894565138,44.567797316584404],[8.614929325513845,44.56982603520492],[8.623900146995547,44.586395699738404],[8.63301492619005,44.58063461390486],[8.666800151401748,44.582496236255245],[8.680753112197817,44.57549074395907],[8.69000064053248,44.58199634659883],[8.71399973656484,44.581495108271376],[8.731396755216036,44.5708972756622],[8.740191638812211,44.55239048714275],[8.748597129707141,44.55029661084225],[8.75681113841,44.53127083301428],[8.76749695029225,44.52499826005956],[8.773196154534915,44.50549924018521],[8.76829461168196,44.49096659704951],[8.785854213344985,44.48944372777976],[8.797251640854233,44.50499409363265],[8.79900275946601,44.53019745666923],[8.82684196776552,44.541166113361015],[8.822403948451447,44.54940119576906],[8.826801798664977,44.56179667071909],[8.861381808870084,44.56075099916004],[8.865002005158209,44.5658955830328],[8.890192372042105,44.55122418258079],[8.918012290011909,44.56182673699364],[8.921238018325418,44.56824408588842],[8.911803962317656,44.58000147064029],[8.90728647053065,44.611680022274385],[8.882704259790968,44.638997579963075],[8.908270630123711,44.64696117576911],[8.931100929305368,44.676095935384524],[8.959599293635225,44.67609670005755],[8.973499752202894,44.663415376317836],[9.013098857122692,44.66679674709472],[9.038797435401076,44.64079675646756],[9.04548238252785,44.61857215558054],[9.075899144850522,44.62369621955968],[9.103197416359535,44.609797223171725],[9.10244740047601,44.59415408099703],[9.1105882130164,44.58240113251419],[9.134292997523623,44.57479892058559],[9.152565160899666,44.574319639485275],[9.183600838477245,44.59159681903138],[9.199113260279058,44.592863349632495],[9.202959234109017,44.613545771811516],[9.231446012335962,44.618703263286235],[9.245499103972636,44.619696630507654],[9.25629550761087,44.61020083828632],[9.25037917711181,44.60060954021569],[9.2718358770566,44.5960709153298],[9.284150965125795,44.59826731008386],[9.287302639815715,44.60729636152604],[9.304797736158063,44.60509700091292],[9.34091183898202,44.57872908227263],[9.365727828160216,44.584599306040005],[9.3809441614974,44.577896120794314],[9.389301665427128,44.59029575681609],[9.402447114772945,44.59090784828244],[9.405602243140569,44.6007948870567],[9.421295545163684,44.59259820070353],[9.423694638755569,44.574956602527514],[9.441185008808405,44.56669578687002],[9.476499272536064,44.565196847286515],[9.493395803344352,44.55589946649896],[9.489450900282055,44.545599320814134],[9.504696705354773,44.52989924729739],[9.495401263028748,44.50239649907984],[9.496896046773243,44.482702666856824],[9.470176424066146,44.48095294584385],[9.45829679208427,44.44220263663325],[9.44479436120751,44.43707014230647],[9.438603994018887,44.41969424336225],[9.472496446351546,44.42419672817051],[9.478994283918494,44.40930081188145],[9.467571213981092,44.40162976198254],[9.472711151322036,44.386528161639966],[9.489399044041384,44.383195439766176],[9.496858508444582,44.366682473574784],[9.51819488873202,44.35519892424716],[9.501434494132498,44.3369346048676],[9.500109541299276,44.32679103448979],[9.554497785856205,44.289797794205015],[9.573396761464624,44.27079815566555],[9.573396235702248,44.256001175878076],[9.53340891583186,44.25247487067056],[9.52438244044801,44.23741001016797],[9.526896745435604,44.22770223329004],[9.511299841869697,44.21660405212562],[9.487934379892597,44.23911844458408],[9.469000162587916,44.23430378735443],[9.445200694072405,44.238803407712325],[9.418648352966853,44.25921131460057],[9.403102082938911,44.25520287487204],[9.393409283491161,44.27631779060574],[9.376751065480882,44.290580099237175],[9.234274346018138,44.34810271224208],[9.2137001882547,44.33036454454796],[9.21098108015928,44.30886101458323],[9.218929762273769,44.29861835039694],[9.150402978372936,44.318802303631024],[9.154957337803946,44.34717972482825],[9.140002267401048,44.36108988941364],[9.058412631467023,44.380371093854215],[8.951900780988366,44.39120297170064],[8.931402106968823,44.39640309235229],[8.923382951372048,44.41399152841307],[8.911558465738445,44.41082532499436],[8.916497762914155,44.398503931355634],[8.821904698617276,44.41500253179951],[8.845036415752855,44.416826421412686],[8.83643137861708,44.423662373471835],[8.800280826898577,44.42436038709599],[8.796397425185015,44.4173041102822],[8.741718564174558,44.42659599932456],[8.693134484025192,44.408439923093255],[8.678199027885796,44.39270266568671],[8.649251572074418,44.389827688149616],[8.633199238403792,44.37970454413954],[8.593954220034849,44.40344577996515],[8.585113660682117,44.428694595024204],[8.651119302031418,44.44166605777315],[8.667040323411209,44.451060829647176],[8.67003972745634,44.45737882117234],[8.656994010815534,44.50022310375462],[8.619600704087807,44.50000354918492],[8.60980786834922,44.506720644642144],[8.5942003609997,44.494603103807194],[8.571703934282853,44.51610070625214]]]]}},{"type":"Feature","properties":{"id":"imperia","n":"Imperia","rs":"liguria","rn":"Liguria","macro":"nord","mn":"Nord","pop":209152,"nc":66,"nrd":66,"rd":59.32,"co":332.44,"kru":596.33,"kin":246.84,"drd":3.19,"km2":1157.5,"dens":180.7},"geometry":{"type":"MultiPolygon","coordinates":[[[[7.494803598236993,43.85600035038567],[7.503464129674862,43.87514619451229],[7.5151013498402355,43.883797824629944],[7.562187752032945,43.900571820764654],[7.55970355539508,43.91659891814199],[7.5714258965498145,43.9347798273986],[7.566204790486396,43.94369888057632],[7.654870073432006,43.97634424213846],[7.655303917510594,43.98499837227873],[7.6697506794665555,43.998498745122596],[7.662303591997933,44.027498499035666],[7.70165910026083,44.04502273313041],[7.714300980174102,44.06159613695259],[7.727186751469545,44.060959632942705],[7.742849371936088,44.07911557602866],[7.721602302083606,44.09860138273307],[7.723103391938827,44.120798903449604],[7.762700457709819,44.140896347032694],[7.8155986747552495,44.12325950578237],[7.866167300266759,44.11807740633901],[7.880097094950984,44.113396810502365],[7.885366278503127,44.10494508052926],[7.925998747746823,44.11029649182384],[7.941767677937944,44.1002388236417],[7.971600114116873,44.112995693773435],[8.004466207905303,44.10249323676683],[8.015701128880634,44.11069543576035],[8.021734575552797,44.10773217595764],[8.038396933942265,44.07479924474012],[8.03619745432499,44.05750304937592],[8.006165681837043,44.03503688979888],[7.98816422885281,44.03253595987133],[7.9795935923068475,44.01428592138678],[8.00289599635879,43.99939885270277],[8.016746371263329,43.97971951112555],[8.08353273726256,43.98350438670027],[8.105443884671049,43.973625367203496],[8.123197092024418,43.9548985159275],[8.123835373820128,43.940087930972105],[8.135495331629189,43.938996573699576],[8.128298158615369,43.92680330558818],[8.093750723075743,43.91664721207961],[8.071198510271092,43.89070251245268],[8.029806627091528,43.88418420285473],[8.014998017858007,43.872003245826264],[7.970801049837114,43.86061262063404],[7.965597317637432,43.852003396917695],[7.907799288445157,43.83720326547497],[7.872210071167034,43.8360549190847],[7.846613219281774,43.82860231207735],[7.830399882130889,43.81620373249882],[7.806019635202796,43.823155039085414],[7.784878904373389,43.81956733275451],[7.736499650763227,43.79540414798902],[7.702955592893239,43.79905898297536],[7.673199267552835,43.776003564757254],[7.588082388340255,43.79210166288827],[7.5687539365831125,43.79198050392066],[7.555697873545276,43.779703838728544],[7.529603838166686,43.78430274400314],[7.506945424760298,43.84142990328466],[7.494803598236993,43.85600035038567]]]]}},{"type":"Feature","properties":{"id":"la-spezia","n":"La Spezia","rs":"liguria","rn":"Liguria","macro":"nord","mn":"Nord","pop":214986,"nc":32,"nrd":32,"rd":75.08,"co":294.29,"kru":528.77,"kin":136.59,"drd":-0.9,"km2":881.5,"dens":243.9},"geometry":{"type":"MultiPolygon","coordinates":[[[[9.465705639681724,44.40159917645009],[9.493900928170413,44.42389712478444],[9.541506356834791,44.42578775484132],[9.559200609582865,44.438096177326585],[9.584106595295513,44.42793691823885],[9.605597147701744,44.43569678993665],[9.635880553221694,44.41389056481664],[9.655298262988897,44.4115966989178],[9.674777363159556,44.36561924670398],[9.706368337469147,44.3661615601736],[9.729255056819797,44.32897494565066],[9.753197868849474,44.322696474239144],[9.7654707085767,44.30467757485398],[9.804921072405392,44.28336014726468],[9.814799489055597,44.28629598369553],[9.854397167329909,44.26809845572154],[9.861196540317275,44.25079902404681],[9.85808773654026,44.23350379384526],[9.875294460685353,44.223898337470104],[9.858147418028329,44.194405868232295],[9.863895165370135,44.18308511653646],[9.891202145764288,44.20789678159511],[9.908596982053211,44.20969633164606],[9.914160824765696,44.19993059644083],[9.933888599235706,44.19660123931277],[9.89485761621926,44.16617543895451],[9.966399675920817,44.169396323254524],[9.97569688920152,44.16409578743697],[9.976803395691725,44.1385177597889],[9.995396050457506,44.11719812604741],[9.985877935818273,44.097297261286876],[9.993733631713107,44.0942024144588],[10.002259435590895,44.10764391419455],[10.024599729655993,44.119296628192174],[10.047397579516195,44.11509654615548],[10.070996306616609,44.09310052717972],[10.01879881250267,44.044404310258656],[9.993858001395207,44.05065687350009],[9.977499195470342,44.035503333502746],[9.925302535620796,44.060103299032185],[9.909203766608618,44.07050260567086],[9.907811451504392,44.07986115297937],[9.881202531325577,44.08100397760154],[9.848969877642046,44.10949341010695],[9.835672925198352,44.10946326496964],[9.821460691703672,44.09478026759324],[9.824242303332605,44.082442484853196],[9.847295717407631,44.061201044341466],[9.836603187497962,44.04938932781486],[9.852395088233548,44.050995453236254],[9.847097545575329,44.03340416876025],[9.821004554659645,44.05870758479462],[9.797136857926098,44.065231571036946],[9.755463104862262,44.091125080284534],[9.73840300887967,44.09250340887359],[9.725540941577613,44.112576374503476],[9.675726578916812,44.13929224623064],[9.64385394510262,44.143852430905596],[9.635499140029019,44.1336048892052],[9.609203089396123,44.156601629833695],[9.602872197147656,44.17221552974418],[9.568901642316181,44.18220262502258],[9.568076932930955,44.19117017670778],[9.553088448766953,44.20264635890743],[9.5113068400715,44.21660083722099],[9.526821384744618,44.2279362892827],[9.52370388270804,44.23570096635111],[9.533102239774522,44.25239731316103],[9.5581255676632,44.25759291120602],[9.571501823025418,44.254136600357576],[9.573281188744456,44.269927424122955],[9.554142117825338,44.29002118846613],[9.499403976187894,44.326801781622045],[9.516383515071446,44.355409773096284],[9.49620293067857,44.36690206900108],[9.49046539430592,44.381859711338834],[9.47220356772725,44.38640209010664],[9.465705639681724,44.40159917645009]]]]}},{"type":"Feature","properties":{"id":"savona","n":"Savona","rs":"liguria","rn":"Liguria","macro":"nord","mn":"Nord","pop":267119,"nc":69,"nrd":69,"rd":62.62,"co":293.22,"kru":608.66,"kin":231.15,"drd":-0.69,"km2":1550.2,"dens":172.3},"geometry":{"type":"MultiPolygon","coordinates":[[[[7.977604368921496,44.01939905866976],[7.988002285479559,44.032996900440594],[8.006362891804306,44.03516498641753],[8.028995403378543,44.04986966758011],[8.038871957787196,44.06647430069732],[8.032339799616022,44.09226359315489],[8.02230331267592,44.09650295283376],[8.021310223234575,44.10755382243898],[8.003908279445582,44.11430101641269],[8.01024694786545,44.12220730144267],[7.97890403778304,44.13360311161052],[7.979603007189204,44.138498094439555],[8.009400709327442,44.155596618634625],[8.028798608187392,44.154096460626306],[8.043467193213624,44.142848597618915],[8.066922981690137,44.144690906504565],[8.073747710433695,44.15885242904802],[8.096059963398313,44.17839157694547],[8.09402226623433,44.19813196322386],[8.074701873712709,44.205803169200394],[8.065404127010199,44.216900815407946],[8.079853443894768,44.2408511268438],[8.063106463718997,44.25309995190613],[8.081022952357767,44.26204605192908],[8.089562066179289,44.2738695658324],[8.073799476923732,44.2882740708647],[8.063602695082775,44.28820387118012],[8.059704152242318,44.30069894766981],[8.075999969921934,44.313896439254734],[8.101904722569707,44.302469031206556],[8.108427991893908,44.31618879507195],[8.10700273369314,44.33289662786351],[8.133242013608873,44.33244500605524],[8.144505242833876,44.34561322065273],[8.148335245814621,44.35503971217356],[8.141404629980478,44.36809908339586],[8.149893500128918,44.375192420377],[8.149503829377275,44.38479678596167],[8.187438047889673,44.39584216475689],[8.20734260642833,44.40957825803542],[8.221324175096305,44.43046535858812],[8.207204101032506,44.44810084108012],[8.20880328452179,44.45606040442322],[8.196404060992,44.46350173181368],[8.19730353751854,44.47749713764752],[8.221729469609025,44.484597211003745],[8.216606353597228,44.495274654767435],[8.224102526206106,44.51409708089708],[8.252799460182995,44.528695211272286],[8.27226163474111,44.5068378062938],[8.304598739189439,44.50259576708456],[8.321174129290668,44.48861920225589],[8.349997676979541,44.484797232424114],[8.360074576359917,44.46574127875819],[8.392335760863231,44.47779049408322],[8.39080480970557,44.48779842238865],[8.400462730865284,44.49343441488922],[8.403902768725967,44.508896705835944],[8.418598869570241,44.51319585968538],[8.448144350822126,44.498935990705824],[8.469499659431195,44.52179552536642],[8.479772129326097,44.5106769062448],[8.534874010319855,44.5133903081724],[8.559075206160738,44.50314034615686],[8.576198581408345,44.5091958647759],[8.594213067391472,44.49471235096519],[8.610798933476332,44.50689584084195],[8.619948965584785,44.500314672891434],[8.656897115117383,44.50049817793677],[8.66418216959196,44.4637601422196],[8.670895354156759,44.45699958876899],[8.666997667797446,44.450902417719846],[8.651398906242378,44.44170300572498],[8.607625356251903,44.43641121647308],[8.60549668626263,44.42910313300602],[8.589456609940868,44.42542564960841],[8.594693041129712,44.40270695887029],[8.633193990023857,44.37969913598085],[8.50917585205101,44.32825827203254],[8.486666938717944,44.31162147675291],[8.485496906476488,44.3033024654686],[8.448259601237766,44.285441566464606],[8.442015718529394,44.26671452391344],[8.456395023781003,44.25839927013011],[8.442797306956964,44.237403539253975],[8.421517925350813,44.22803089612151],[8.416239634214545,44.219363138636574],[8.422297801894926,44.192502737897165],[8.29176648423908,44.15219033364036],[8.269182022933297,44.139431484580435],[8.23162308198368,44.09211693512116],[8.226096542624338,44.04410194760876],[8.164817432537857,43.995428569645995],[8.161124253914958,43.971049028859234],[8.17383920989576,43.95515900202272],[8.12370281330996,43.93900344897796],[8.12299151000581,43.95495074677522],[8.105381658589712,43.973642407688686],[8.07909751512559,43.9837936403179],[8.01680098880284,43.97940340384083],[7.977604368921496,44.01939905866976]]]]}},{"type":"Feature","properties":{"id":"bergamo","n":"Bergamo","rs":"lombardia","rn":"Lombardia","macro":"nord","mn":"Nord","pop":1115037,"nc":243,"nrd":243,"rd":81.64,"co":120.68,"kru":476.1,"kin":88.45,"drd":1.95,"km2":2757.8,"dens":404.3},"geometry":{"type":"MultiPolygon","coordinates":[[[[9.44580576713582,45.76049862234517],[9.468708486794608,45.76755192752822],[9.450105485226743,45.785498163096044],[9.469329342868843,45.78181797789515],[9.479469953805214,45.78576006543203],[9.481602809345862,45.79319647463455],[9.495659395124306,45.79459167922144],[9.491771305306319,45.80736980409395],[9.473003951759086,45.825001470238185],[9.474295100228332,45.841249001148036],[9.467504408901608,45.84890093355059],[9.471202826249346,45.85889668646412],[9.521927441839287,45.87062332279686],[9.506012970714242,45.884200106894234],[9.512842617885259,45.888036956030746],[9.506503906673553,45.90069828564147],[9.521744357920008,45.91142310367104],[9.540233333256396,45.943054647603546],[9.53620154998722,45.95720304061817],[9.503702234676757,45.96680386537863],[9.49468439633261,45.99924708188944],[9.486105351423886,46.00310194354989],[9.49140212955321,46.01169616075671],[9.530454728906925,46.0113700472791],[9.550589725816472,46.0144414593309],[9.555802174023304,46.02149650190347],[9.57802717583294,46.02053632848842],[9.59954471598859,46.03145299019142],[9.60410249125589,46.04359676749056],[9.632566386817835,46.04694058610517],[9.643502653922322,46.05989668667938],[9.689181617889583,46.05508605889557],[9.709801397486677,46.06399649642756],[9.737279302945135,46.0584240949017],[9.767599962908415,46.064096223530434],[9.836907252433843,46.044282016730826],[9.872300051672989,46.05109646620551],[9.904546592358678,46.0462243955821],[9.91010185151598,46.05769660825475],[9.940900899861704,46.066597137326134],[9.975271031558192,46.065269215946444],[10.009231287497675,46.07284037437417],[10.01860116133568,46.08599638453733],[10.095925348435166,46.091296699080466],[10.104795947856092,46.08420049706177],[10.092257572771771,46.06171045155272],[10.101990937569768,46.0512936225238],[10.133399028678404,46.06149601827798],[10.198851442656037,46.04708437198498],[10.227995706633791,46.04819685729506],[10.230792498150475,46.035789553271485],[10.24869845787883,46.03569608760724],[10.262095740929139,46.02069823128062],[10.253898803473007,46.012403678337066],[10.19985326515244,46.005040691067066],[10.177409362551352,45.98337750185403],[10.178739795243933,45.97335665257563],[10.12766158011972,45.95966634037015],[10.114496128281587,45.937801931874326],[10.096679226478834,45.92797951479222],[10.096551536363163,45.9071681013586],[10.109030854530989,45.885850547223576],[10.149795620066154,45.86309882530034],[10.145796856334123,45.852002383367314],[10.121805271261406,45.835874767304226],[10.108097951446712,45.81550206888011],[10.071859230046046,45.797521768826186],[10.060003979773251,45.7813159579906],[10.055108818001262,45.76459627139662],[10.066296625178948,45.74069959406649],[10.059253984714214,45.708799050699426],[10.063197033125254,45.682802430068946],[10.044399037387905,45.67490523409635],[9.942392340805677,45.66526348626547],[9.930057108006778,45.646542831005085],[9.918435118385444,45.64899715024592],[9.887399299301764,45.602603763708665],[9.867656291187034,45.60891869291978],[9.850254740608582,45.60193507663632],[9.855096201871145,45.58410318519755],[9.841917000339278,45.57946376775415],[9.838040636443624,45.55107898235123],[9.853396221481423,45.53989769714638],[9.85210433561101,45.52683485802649],[9.862961241541251,45.49810927354056],[9.890396431830482,45.46669910739821],[9.889696179792617,45.42730355290654],[9.86443594047619,45.431129203606446],[9.848061131349464,45.450762200992884],[9.833700875439835,45.448504220401574],[9.82310208498259,45.45636813198089],[9.815937638843799,45.45164195477835],[9.824093082582579,45.44619967664705],[9.811320088088209,45.43605588303472],[9.80779741097299,45.42280450342813],[9.769203688455116,45.43010318265222],[9.764150853292742,45.452928256162735],[9.734623401152627,45.476087135882175],[9.722201978906325,45.47600408275236],[9.71544500508968,45.48267393562876],[9.705207475965185,45.47845777316887],[9.685340823354702,45.44385337597643],[9.661901799466088,45.437203884094814],[9.649977778153135,45.4540929496521],[9.620001108766408,45.455803261323176],[9.605214695993618,45.475050673796545],[9.589688763685247,45.47393746567851],[9.577596348102842,45.46030305113399],[9.54810260872037,45.46100263877271],[9.543344048857836,45.48684955708979],[9.519203583530407,45.50440086743268],[9.538895964464276,45.50267362163906],[9.549079703712733,45.510508906072026],[9.549212348962193,45.52319054931897],[9.537103753757728,45.525703203899326],[9.526010523353596,45.549032475147754],[9.525504222252088,45.56289836656327],[9.53819792042107,45.582880308799524],[9.519922773223414,45.62193836576942],[9.499702449729929,45.63070265312769],[9.494676632251357,45.64816679928361],[9.485805219231727,45.652201842308536],[9.486985169271554,45.66425379939655],[9.451004464013613,45.6844012601808],[9.45740754072927,45.70700931018971],[9.447303626296623,45.73140043539996],[9.455648159917137,45.74868065955374],[9.44580576713582,45.76049862234517]]]]}},{"type":"Feature","properties":{"id":"brescia","n":"Brescia","rs":"lombardia","rn":"Lombardia","macro":"nord","mn":"Nord","pop":1266138,"nc":205,"nrd":205,"rd":77.6,"co":156.56,"kru":553.35,"kin":124.9,"drd":1.07,"km2":4795.0,"dens":264.1},"geometry":{"type":"MultiPolygon","coordinates":[[[[9.83770374135353,45.55050131037763],[9.841602979369933,45.57899905395983],[9.854609561689482,45.586168184043856],[9.85060262660249,45.60309684935237],[9.868199574200178,45.60999515581089],[9.888397255026938,45.60340031376154],[9.917403885576132,45.65059567782908],[9.931148788325537,45.64737855809017],[9.942201813574336,45.66529605688922],[10.044396132402346,45.674921029633175],[10.06295684505289,45.682807471069246],[10.05920335701953,45.70879994096809],[10.066147128020235,45.74054063975531],[10.054903399218812,45.764300279776144],[10.061178612710366,45.7837555802446],[10.07160203751603,45.797397431328534],[10.107982481803738,45.815432988351624],[10.149239259260701,45.861725000674916],[10.109103300003028,45.88570274446056],[10.096103613759308,45.90770023307813],[10.097002789464138,45.9289966823118],[10.113661268973113,45.93718838304616],[10.127840548915099,45.95976667136149],[10.177157989081334,45.97221775213856],[10.176503650716095,45.98279876236884],[10.199701937428477,46.004996555525494],[10.261254399207985,46.017491599954454],[10.249145658369933,46.03516553356844],[10.231301647674373,46.035103730439864],[10.22550462035508,46.04811976948265],[10.198069115995606,46.047190613877135],[10.169504067130914,46.057101000821945],[10.182424227045964,46.082012261646625],[10.164203573848893,46.10680185239428],[10.171583205000855,46.13599102207196],[10.15940447813278,46.15959818263714],[10.175761023606858,46.16822145755336],[10.180302350017735,46.17819716239862],[10.223345622795186,46.18620894318904],[10.229703161606013,46.19959700570434],[10.277726714106189,46.21270991501491],[10.294358487330681,46.223789275135694],[10.299403298443677,46.248497876413225],[10.31380604822278,46.25957887459074],[10.315303315903884,46.27579840928118],[10.327601324014214,46.286996247232395],[10.371236540025647,46.29338035002352],[10.420401736191309,46.334496491490896],[10.457001664144446,46.35209546926119],[10.471099696086103,46.35469675879726],[10.4865277138022,46.34872798175399],[10.499299782918422,46.33473175053811],[10.510998189207674,46.334997791503184],[10.520099418831096,46.3432957871907],[10.56569582741085,46.32639815068075],[10.564873154825577,46.313375029599946],[10.579595775079023,46.29880176130732],[10.561074937897695,46.283198238175174],[10.575597501459315,46.27569687799589],[10.585696217813506,46.24540162524628],[10.568699746530264,46.23354106465826],[10.570495720565352,46.2232011395675],[10.55077442069374,46.206619255094644],[10.542356973927417,46.190497664705454],[10.565194903800945,46.16710080705481],[10.549102530960319,46.14522997064579],[10.54939687183358,46.11740117234097],[10.517098164129626,46.0801021023866],[10.48011183276226,46.05436804868129],[10.48332553446742,46.021870219785406],[10.465083164044234,46.01713293395368],[10.453032118315287,45.988933018393126],[10.454980759025363,45.976028501045725],[10.48659758888664,45.97119681600399],[10.485620197272132,45.944254542952486],[10.509976581705754,45.917170254882734],[10.506197081551997,45.90340279543675],[10.495212897179282,45.89946542064761],[10.49022120581897,45.88708846803075],[10.502396511512906,45.871298645269356],[10.502756920018873,45.83239616067394],[10.508471897860696,45.82458258882048],[10.528899219572402,45.82649683108215],[10.54329665258598,45.81829805406941],[10.528297379773162,45.80768799842509],[10.53519456071269,45.80169850604234],[10.533388688274195,45.788154039858924],[10.56303141275388,45.78411561957487],[10.600576503208783,45.802815192126566],[10.642851747864555,45.80271427869671],[10.654543289948693,45.82070551356539],[10.654603334661166,45.8326965923384],[10.676103662381378,45.83071540949399],[10.696701085009718,45.84079688549096],[10.7117140190008,45.83610632761337],[10.735499750621887,45.84269525745243],[10.755804243003988,45.83264431232221],[10.776899231226736,45.843096206045836],[10.791450341795622,45.833544421636574],[10.825499687443054,45.83779663559424],[10.840195287976073,45.83279779121813],[10.834554420807368,45.818149120901246],[10.808176826394005,45.79668360519347],[10.702063138959549,45.672770319468675],[10.630959828128706,45.60905605568633],[10.644295048948306,45.4444992705038],[10.651496139948563,45.42790096770357],[10.646229654784829,45.41947545619758],[10.655096308433041,45.41060299831615],[10.648029621785774,45.40867645813035],[10.638397363083659,45.38560335253357],[10.597698764448813,45.387133243187236],[10.579900057770184,45.38120370792638],[10.547301180291473,45.38650382375746],[10.511342485132605,45.412311668749915],[10.462895482164825,45.41455287494409],[10.467095530911987,45.40659895744502],[10.452300879210762,45.383622266798675],[10.468095562810134,45.35979907196952],[10.471195377546055,45.33230413878106],[10.465503682302952,45.33167804995957],[10.465895661671125,45.32520333077899],[10.43067319338819,45.319820327733176],[10.424996201350181,45.296603056176956],[10.408623382608997,45.29331620420042],[10.392309645808915,45.274661012719356],[10.391063227599357,45.25545901479694],[10.397194679979181,45.25009977272367],[10.378298859605165,45.24100340573976],[10.36090226312465,45.24454190663857],[10.356245766089742,45.22913803250541],[10.361395604126987,45.21540232189667],[10.332899417523574,45.20540265259052],[10.31770295719364,45.204703398128245],[10.312752045198343,45.21984582290421],[10.284701697741248,45.22750296752661],[10.26266768042047,45.251580305301],[10.251613159066093,45.252659876448384],[10.245897421089069,45.242803562983816],[10.22328062554589,45.239965832318404],[10.219897214323366,45.224604600267135],[10.185601761525632,45.23220272520329],[10.175620213218224,45.240101126301596],[10.103900855172817,45.24650317172979],[10.082283805437468,45.267715847530894],[10.05001813861696,45.2802561611234],[10.029200928064482,45.27680397295794],[10.005501198811595,45.286003891806914],[9.920122674937044,45.33753514208015],[9.894802051403925,45.34120204193058],[9.883405046168615,45.357598811327634],[9.892665605908372,45.40525871342632],[9.89027071217583,45.466667657774714],[9.863202904947913,45.49710291197398],[9.851803934985089,45.526401471561584],[9.852680588340537,45.53963523289895],[9.83770374135353,45.55050131037763]]]]}},{"type":"Feature","properties":{"id":"como","n":"Como","rs":"lombardia","rn":"Lombardia","macro":"nord","mn":"Nord","pop":591452,"nc":146,"nrd":146,"rd":72.87,"co":136.99,"kru":481.83,"kin":133.21,"drd":1.92,"km2":1273.1,"dens":464.6},"geometry":{"type":"MultiPolygon","coordinates":[[[[8.894604646999706,45.684597146027485],[8.930191645400766,45.69618998619249],[8.94119994391752,45.712795477086374],[8.950572928920856,45.711977695946516],[8.950346808230378,45.73096144455593],[8.939504369912202,45.7372015708148],[8.940432090634854,45.745081988387014],[8.921803452610593,45.755002973599005],[8.91550733027828,45.7677053577857],[8.906004085935905,45.76840344584469],[8.900404842917103,45.78469986971687],[8.907418681232722,45.793474717235426],[8.896905755840537,45.81289793780934],[8.906944555816278,45.815899720455285],[8.912503233131241,45.83029716956568],[8.949599750861113,45.84339664436886],[8.962392689996,45.837999593599],[8.94422505561633,45.82544821375596],[8.95433137637392,45.809626237603],[8.967498141093575,45.81899567190894],[8.981258667543472,45.81558515614499],[8.994199566436478,45.82609559154614],[9.012567232554884,45.81918446321258],[9.030454403321748,45.82210530968516],[9.040402612031981,45.846497882460596],[9.049004025746912,45.852562242899545],[9.054002643272236,45.872896682315265],[9.066081357050267,45.87637569330752],[9.085510452727942,45.89623899679201],[9.074543007277002,45.911748137686565],[9.04169210571669,45.926948240929114],[9.019404057405115,45.928602435385464],[9.013816841272867,45.959596674652296],[8.988405510196749,45.97259883471419],[9.026840080436502,45.99483165834374],[9.022294740849892,46.01638437454759],[9.00910344523769,46.027201701753626],[9.016202498524029,46.048897492532056],[9.049400871796736,46.062395185545114],[9.073877254041953,46.06291169926962],[9.08901765642059,46.08473114407828],[9.07160422780365,46.119497779824016],[9.120724587986812,46.13508316958228],[9.135502404945472,46.15379672329689],[9.160401796949472,46.17079668710501],[9.183312894537991,46.17120784732466],[9.19328581417553,46.17987556077853],[9.20030253381992,46.20719766728259],[9.215159626972019,46.21215856637523],[9.221303219055093,46.229897109411134],[9.234823224880804,46.23387741908259],[9.309599452890119,46.2372952885433],[9.347898105896284,46.2298971384885],[9.356525671856524,46.21954221336976],[9.375810601158173,46.21216897981901],[9.399798550277021,46.21150868501791],[9.427299486830057,46.219995756990734],[9.440894945028335,46.214498395740684],[9.424929577189351,46.1899576370427],[9.424096153869833,46.15510087624408],[9.414000408704872,46.136807267951866],[9.408838826800263,46.14990773280801],[9.362618826765654,46.15687723374669],[9.301098896296306,46.12605086693324],[9.29288707052772,46.11639356456215],[9.298692592823945,46.10452592823946],[9.289596297188918,46.05930132883676],[9.263382581010308,46.027380701171104],[9.260924730770013,46.01410520479797],[9.26426694383964,46.00171745481793],[9.272697870302178,45.99899714862322],[9.279766150447234,45.986261024545826],[9.284594829602991,45.967103262217016],[9.262158072946107,45.96353217847065],[9.257410882631534,45.95279871086168],[9.27629653050744,45.94409754583121],[9.26919855403122,45.92491935348761],[9.286253955018964,45.89616425658534],[9.30142864924243,45.893834403986396],[9.312499868073726,45.90539585817721],[9.324094724161917,45.895700186068744],[9.316427833544981,45.88788635160262],[9.331796335025714,45.87289881681479],[9.330212492522335,45.86367261278607],[9.320395688376154,45.84360255123092],[9.300287336558162,45.836616724701294],[9.286081263138408,45.82303049660306],[9.291394262165964,45.81559741681793],[9.287297290281698,45.809203309039624],[9.25027919959804,45.781571411278826],[9.244631276802382,45.766405325540106],[9.255095703254904,45.754300387016826],[9.231397728052325,45.71750311352529],[9.216685786986803,45.715833080267956],[9.196163278754339,45.69935442920821],[9.194495886215615,45.66760243557306],[9.179600441512381,45.66360370252142],[9.139147748459493,45.69438755545291],[9.123599628397296,45.68980306346875],[9.10308400595698,45.695872964061664],[9.08829908327209,45.68560392174828],[9.06722248587149,45.68422624944631],[9.055796518076516,45.6465028600436],[8.98130094187182,45.64550347041185],[8.985057341302653,45.670005799165565],[8.979901720831153,45.679050442687746],[8.965898077651675,45.665202748050675],[8.934993713969316,45.65240447256975],[8.928902195827762,45.653503356404414],[8.921059350117293,45.66964488040426],[8.898602148975744,45.676703157212245],[8.894604646999706,45.684597146027485]]],[[[8.957904929882643,45.964702194138255],[8.96680228124724,45.983996139398336],[8.97379746525441,45.983496485036326],[8.979095937466317,45.97070004381291],[8.975097832492388,45.961603268426686],[8.957904929882643,45.964702194138255]]]]}},{"type":"Feature","properties":{"id":"cremona","n":"Cremona","rs":"lombardia","rn":"Lombardia","macro":"nord","mn":"Nord","pop":353995,"nc":113,"nrd":113,"rd":78.73,"co":147.38,"kru":503.66,"kin":107.48,"drd":0.23,"km2":1776.6,"dens":199.3},"geometry":{"type":"MultiPolygon","coordinates":[[[[9.45450418613131,45.38670064481752],[9.487930999561042,45.43689712360632],[9.481004921102336,45.44420150994964],[9.494904299638538,45.48329767000847],[9.51919896822736,45.504395585546675],[9.545094995345986,45.48739747985434],[9.54166681263933,45.47866137517591],[9.549218519526466,45.460753534150825],[9.575168732832553,45.4599886330172],[9.590799779068563,45.47609397636025],[9.60869545075851,45.47549625992175],[9.610245429001964,45.46434147338111],[9.619324380161107,45.45638712049361],[9.650297687742283,45.45399622004477],[9.662898938491152,45.43763287294976],[9.684894642083979,45.44352108329414],[9.70836949430014,45.48230402865508],[9.736396152080223,45.47549771803739],[9.760298767608713,45.45659626386791],[9.771841163348205,45.430053495051645],[9.80630023964748,45.423621189934956],[9.820760775969937,45.44546032012891],[9.81080891626986,45.45259936833646],[9.823100057546647,45.456496360372164],[9.833705143477857,45.44924704983508],[9.847898551483409,45.4510967349896],[9.858459532362563,45.43387140259458],[9.889696912350958,45.4272966429478],[9.892696647670952,45.405400018046414],[9.884769336181519,45.35652476722082],[9.894732798460423,45.3413169309473],[9.922695670469409,45.33799644540587],[9.923363610722651,45.33195488979692],[9.967398058768188,45.31299732210565],[9.99410694240086,45.29051525021765],[10.029259795453834,45.277055978787374],[10.062497137908707,45.27639717946352],[10.08319718868532,45.26789645968736],[10.090049535825395,45.25466572253114],[10.103930964227647,45.24661484247504],[10.175199698919558,45.24019659429294],[10.186298034665892,45.23202092777914],[10.217024648434338,45.225674710874145],[10.220706234129064,45.241692516541946],[10.244526253884398,45.24265850222911],[10.250602043290563,45.252996360981065],[10.26349800672093,45.25149618536696],[10.284663490490226,45.227718821125066],[10.312847973710596,45.21983403614793],[10.317696442446362,45.20470187374165],[10.311191594405194,45.18813459063543],[10.364696123415863,45.161698035586156],[10.36833348934048,45.14682791840577],[10.380241912258615,45.138460026549],[10.412397732799116,45.136996154901816],[10.418429930542349,45.13073753677232],[10.421404325147911,45.14119487735523],[10.441431794926476,45.1357311680929],[10.459599845978845,45.147496502072094],[10.479898332454745,45.14399737552721],[10.492395372485811,45.13239959073797],[10.458805389213513,45.119248618644555],[10.466595389422622,45.09540148555539],[10.417102891555894,45.09030696964755],[10.412783069135932,45.043844219864326],[10.445610054642552,45.046681725624914],[10.460565838880195,45.057409952388866],[10.492393122255663,45.05621685853714],[10.492105688899171,45.082987205713785],[10.49896797936758,45.07512314308765],[10.532997237715783,45.07459643751161],[10.539495976859037,45.05510207914242],[10.534195948261207,45.04530219805781],[10.519657778549856,45.040147237510766],[10.51119772706857,45.01830470828542],[10.501885237329454,45.021417770666226],[10.463738793258289,45.013643225155846],[10.457881366155565,45.00473413654753],[10.458124446220484,44.981931528985804],[10.511385356057179,44.98345536609501],[10.557832637861827,45.006886986859676],[10.596782738594158,45.00399849731662],[10.531834156375606,44.98096477931583],[10.52289852982295,44.97030399023453],[10.509503616324468,44.97221513191057],[10.495398621044139,44.94770387796466],[10.474114586911288,44.94655279260379],[10.463898244273018,44.93720399147224],[10.437743128891954,44.942048340441836],[10.40974585847706,44.982885592830016],[10.39307382535531,44.98352734533548],[10.358828728267042,44.965520020149704],[10.308903577615915,44.98740210883779],[10.304467276095007,44.99888724112364],[10.274400921168759,44.99790354708177],[10.2541156954309,45.018593965189886],[10.211807600199274,45.03373208833561],[10.181069108642149,45.03038821403002],[10.170253196275182,45.04186237267651],[10.158298100029434,45.04395513262446],[10.106275925861425,45.02212396021037],[10.092801704296145,45.02370340659766],[10.081706165649534,45.04592663921052],[10.05020474915843,45.04130353771312],[10.052465573191734,45.050291462731295],[10.044647819838065,45.06186743578504],[10.02120463351032,45.07709966839282],[10.028541156060154,45.09577068462595],[9.99263488665137,45.12985162264802],[9.977905896481115,45.13357527503133],[9.936398456999289,45.10480270073167],[9.915203006742926,45.100403115026985],[9.914403718973995,45.10939818687026],[9.926474720970129,45.12484092428124],[9.916627736862416,45.138240239281664],[9.891000122985105,45.13090386796713],[9.872503056675642,45.14060164129757],[9.868905906290532,45.156910418896864],[9.832701272025457,45.14970356626368],[9.82614899100669,45.16313180297344],[9.809199391879911,45.15890350745764],[9.788436133274026,45.163739536544654],[9.781255608164338,45.18074369837508],[9.771224599379819,45.186351597370376],[9.75280448051752,45.18140354329328],[9.774938641303406,45.213124371058676],[9.761070832671958,45.222183830803225],[9.748499064797826,45.21610399453698],[9.736672993548794,45.227099275183],[9.726732058764838,45.22463774513065],[9.715704481468531,45.23389784467925],[9.725220722070947,45.242197040923706],[9.707403865402007,45.25120123116221],[9.707335887939248,45.2599702947259],[9.691902909801223,45.25790375392709],[9.687437577370007,45.26455462992389],[9.675300908073416,45.256903238607265],[9.668704243444866,45.26140110328141],[9.669548696570661,45.26896592658386],[9.657609896771648,45.275417987890016],[9.649001609504749,45.27270450640535],[9.628771380965873,45.29259394574584],[9.615804305896686,45.294702884321815],[9.609050751440444,45.31274080582306],[9.601205339533198,45.31630169751459],[9.604302310038427,45.32293879071784],[9.587731296840055,45.35634069677627],[9.56862810900553,45.365831406282005],[9.563296377292124,45.34230291212615],[9.551399998986247,45.339103454686196],[9.509104047956619,45.34910272428949],[9.506103948703107,45.365440024351386],[9.495200952220625,45.36390408062784],[9.48322140053159,45.373530699364316],[9.467421963160845,45.37463483787462],[9.45450418613131,45.38670064481752]]]]}},{"type":"Feature","properties":{"id":"lecco","n":"Lecco","rs":"lombardia","rn":"Lombardia","macro":"nord","mn":"Nord","pop":333804,"nc":84,"nrd":84,"rd":78.7,"co":165.37,"kru":493.01,"kin":106.68,"drd":1.11,"km2":810.3,"dens":412.0},"geometry":{"type":"MultiPolygon","coordinates":[[[[9.244203805464956,45.76729966648346],[9.249803457454288,45.78269648244191],[9.260832307744865,45.78764346625956],[9.258306516607538,45.79249994207917],[9.287643668149432,45.80976706563115],[9.28560314651427,45.82299798533675],[9.300002009217392,45.836796835576045],[9.318912156140915,45.843972513415906],[9.331533473496744,45.87135081469983],[9.31830279963704,45.88230241426395],[9.315804096219221,45.88969868996273],[9.322155137562673,45.89648031496232],[9.313834155805283,45.90421408101824],[9.303228736001788,45.89428170248695],[9.286401877930908,45.89590259393551],[9.268204739600812,45.92550008060172],[9.276367897096945,45.94357780119454],[9.257104009999601,45.95339994954791],[9.26140301415243,45.963197042364015],[9.283146261404383,45.969238585174814],[9.2796499191878,45.98644382517418],[9.272846469951054,45.99849182460299],[9.26460236846082,46.00080285208539],[9.260903447034911,46.0143994617163],[9.262304331582317,46.02639915456181],[9.289465771897838,46.059348170763215],[9.298553291082246,46.10328123825631],[9.292203835911417,46.11579925184083],[9.300502742461596,46.12579693622872],[9.356412948421042,46.149931150745175],[9.361801370987463,46.157496116202815],[9.410896563831955,46.149896886973096],[9.41591146039337,46.09435704081305],[9.44830387545962,46.079013181131955],[9.509795914769366,46.062498105930544],[9.502936611974835,46.0457233754099],[9.5233964952661,46.02879829898622],[9.526895782942884,46.01150346920449],[9.492475653357177,46.01163122857451],[9.48773213209779,46.00401164283037],[9.494496803536501,46.00029708021661],[9.503365193603543,45.96773216566887],[9.522698450036792,45.96469685696717],[9.540296137557766,45.949099201212334],[9.527157873288074,45.919040571245674],[9.506761779460366,45.899775077610826],[9.517192300946684,45.88700131466369],[9.512463586054746,45.88184776118132],[9.523995007851038,45.87040241322261],[9.488141421583979,45.86528093844318],[9.471726779532522,45.85875331254777],[9.468065433710894,45.850382938159065],[9.474696398335954,45.84149906362592],[9.473267437795172,45.82476643291949],[9.491697012155443,45.807697527058515],[9.494997671484183,45.793003574923134],[9.482912302596961,45.792951668447195],[9.468899941564821,45.781603643396686],[9.451782348896442,45.78461884106193],[9.470694507190897,45.767999964051874],[9.448080790818338,45.75995516412574],[9.456395496482136,45.748899586392064],[9.447458396959012,45.73185539236821],[9.457396848806331,45.70789868802332],[9.451717814383105,45.684759786533775],[9.47668884007954,45.66919836177898],[9.446798900297601,45.64970390712373],[9.422603153344454,45.65650255849795],[9.413644686255338,45.67572751194405],[9.372301644215703,45.655105032659414],[9.367410899395953,45.66404463361951],[9.34540648247212,45.671439809132934],[9.314103383077828,45.660704546960304],[9.294703480895308,45.689801238304945],[9.299307778110887,45.7097778637199],[9.289594621957276,45.72692636102692],[9.273779725513739,45.7416355358184],[9.24720552776815,45.74270219441617],[9.254660877630227,45.75494748087253],[9.244203805464956,45.76729966648346]]]]}},{"type":"Feature","properties":{"id":"lodi","n":"Lodi","rs":"lombardia","rn":"Lombardia","macro":"nord","mn":"Nord","pop":230447,"nc":60,"nrd":60,"rd":74.43,"co":134.3,"kru":449.26,"kin":112.72,"drd":-1.28,"km2":790.0,"dens":291.7},"geometry":{"type":"MultiPolygon","coordinates":[[[[9.310504806790258,45.24900190592924],[9.326643835931494,45.27044629926783],[9.337189809629766,45.2723400324563],[9.320907523827946,45.29459947324467],[9.35616825949826,45.293631755004704],[9.352518214031253,45.30313193585095],[9.334705287681917,45.305102853942905],[9.33880294978902,45.312896982114886],[9.354699949484719,45.320796286583466],[9.367496340233272,45.31399801735878],[9.368768613565065,45.30382367053081],[9.38007989460991,45.304329634901684],[9.381357737453147,45.317891901039964],[9.35640678935842,45.34359916672486],[9.36048596445627,45.357733053818734],[9.35310772828219,45.36769539430344],[9.376367443392306,45.3688342099887],[9.373104091422226,45.38649760207379],[9.38880081450913,45.39979650258335],[9.407068493683692,45.39455989715203],[9.423988926668034,45.42345263260395],[9.410907315665135,45.43510011427938],[9.416997234661336,45.439127495706025],[9.417503226418814,45.45149805111165],[9.433683434658004,45.46064823485397],[9.434203716572318,45.468796574102754],[9.450877541777375,45.46927653340948],[9.458395571538933,45.466997671943716],[9.466487949156953,45.450028006046075],[9.483893528504057,45.44869624760475],[9.488596199974214,45.43750067212509],[9.457058635814198,45.39363482995723],[9.454981770547496,45.38646884241748],[9.461843963483826,45.37726840143585],[9.482599393483946,45.37419610313998],[9.495130504531973,45.36427084715738],[9.50559851243077,45.36629574473272],[9.511198121664208,45.348989932289825],[9.550835468453727,45.339278544805126],[9.56276563800961,45.34311180176429],[9.568102073113549,45.366895805191554],[9.587833214583707,45.35627785694419],[9.617748698498762,45.29478299119546],[9.62839842478047,45.29289626484895],[9.649036508190868,45.27369833897234],[9.657199694144367,45.2757961292156],[9.671995450768996,45.26799831174621],[9.669691259016272,45.261509403891],[9.675211543357241,45.25710032914761],[9.686101908435967,45.264596306595],[9.694135858313677,45.25801126935591],[9.717999142952156,45.26329643467582],[9.722191980861817,45.26030159596692],[9.707729618113886,45.252361191091495],[9.725796318384761,45.24289770310703],[9.717490349111095,45.22983844472472],[9.735799608730177,45.22759573836259],[9.747376952468686,45.21636855573382],[9.761798280414283,45.22279557385369],[9.776895377034991,45.213097829089044],[9.75536291422188,45.18202400878299],[9.77389597313806,45.18839481972853],[9.785428638501186,45.165601319023075],[9.80846341912553,45.15895138936334],[9.826598278825937,45.16339623128355],[9.833061909312908,45.14984492951313],[9.87029717784776,45.15909417525133],[9.872840949173899,45.14046481146958],[9.890990919828008,45.13089980260976],[9.876858307534194,45.123398563000734],[9.876034222862302,45.11696042264817],[9.900596379909613,45.095398359331426],[9.901096697571258,45.08860069463297],[9.884399755003852,45.07490435178524],[9.862919964414528,45.09260749870665],[9.835895619931952,45.09414156823113],[9.833996853399912,45.06280133679832],[9.823799940912819,45.052503261666075],[9.816603786536339,45.054402880094635],[9.814262872895013,45.076997947932135],[9.78803089935908,45.08443948608053],[9.76629406384851,45.107453885715834],[9.747821433713213,45.11200561757476],[9.753196234864085,45.08650013873995],[9.74769774193663,45.07570282941465],[9.712600379941476,45.05870311116458],[9.67635833424941,45.077749094505904],[9.634901746748653,45.08390261157411],[9.631404072052955,45.08780077740223],[9.640290495397366,45.11742446156298],[9.629224405969701,45.13195561128027],[9.618110662775518,45.13186701166347],[9.613296359085954,45.11390157824122],[9.601898857119057,45.104102295880985],[9.58750241830992,45.0997044348806],[9.568602211028043,45.10730276247727],[9.542903594784985,45.13740153616097],[9.543926884765163,45.15275259524777],[9.526504593167322,45.16950138937485],[9.527215722184287,45.17920188359011],[9.515416878378684,45.186710980505865],[9.498500589863395,45.18620323755995],[9.470191480724933,45.20079442038219],[9.43010045418378,45.18420419031594],[9.43006607070856,45.19758646598901],[9.421103211964216,45.19480573797933],[9.416838525703168,45.20567595964274],[9.40230292535823,45.20190447143026],[9.398091499362625,45.21727105682909],[9.388504340783799,45.222900037187955],[9.390872561832532,45.23087852864957],[9.378601892665833,45.23190342707632],[9.370163458267408,45.245112641333655],[9.360605965086991,45.246920765532906],[9.357997194875876,45.238704637997294],[9.310504806790258,45.24900190592924]]]]}},{"type":"Feature","properties":{"id":"mantova","n":"Mantova","rs":"lombardia","rn":"Lombardia","macro":"nord","mn":"Nord","pop":407312,"nc":64,"nrd":64,"rd":87.3,"co":176.96,"kru":538.25,"kin":66.02,"drd":1.27,"km2":2343.8,"dens":173.8},"geometry":{"type":"MultiPolygon","coordinates":[[[[10.309703878418249,45.19140014528258],[10.317700962287,45.20469689191424],[10.359484179637684,45.21545295327799],[10.355404212797076,45.230698259095135],[10.36190100990984,45.24619511723646],[10.377541425448971,45.24102313485124],[10.39444875071276,45.24779481163321],[10.391703661603362,45.273899460619006],[10.397503958717012,45.2857979503715],[10.424255882028385,45.29719867487272],[10.431064625608641,45.312747557653395],[10.428305055630434,45.320696626210335],[10.464674359086745,45.32651377945746],[10.463904539347416,45.33359571447505],[10.469936512813742,45.33580181602643],[10.468028517651025,45.359785049591935],[10.459749380816532,45.3781280404189],[10.450405388839812,45.38310106031268],[10.466013488080426,45.40605142808375],[10.451201306222499,45.41859583975329],[10.511498744246675,45.41229628404831],[10.54709393519851,45.38684913287782],[10.580048817941769,45.38138414153674],[10.598000080183164,45.38729599590199],[10.637706764703639,45.385756716801126],[10.665300897532672,45.42779609643838],[10.698602541391047,45.42279543850627],[10.714597468278733,45.41759726238474],[10.719395770688921,45.40599987499626],[10.716756014078038,45.39544751679766],[10.698537700545543,45.378970424665695],[10.713993604323582,45.367198703136836],[10.68683337577839,45.35314033248051],[10.686601051521295,45.34408513470094],[10.714996180864084,45.33409839098014],[10.71207009865962,45.316986172313335],[10.73049685106089,45.31589697890101],[10.730370916812618,45.29047530067072],[10.738601391433395,45.287901579583234],[10.78289997931064,45.315395542407366],[10.839996753833322,45.27289746546965],[10.847119924897079,45.25658427840516],[10.899697619536198,45.246896653539],[10.90498617805134,45.23692699350306],[10.93679391552321,45.23289753233992],[10.931914317348122,45.21710050566805],[10.947648352912404,45.20581903938516],[10.984199144404577,45.19979693964534],[10.998057831780635,45.18515946800167],[10.995066347274575,45.15058631184827],[11.010167107440902,45.148754499690654],[11.028399170715812,45.159195697767124],[11.035416110256609,45.150783538815396],[11.050446275554394,45.149650896843205],[11.042859095253652,45.143826655455385],[11.043795910633467,45.134302245848836],[11.029025805408535,45.12308706299433],[11.072556658855463,45.099030529720494],[11.092115197665825,45.09766140279626],[11.10219967768634,45.11309499682361],[11.127346219969224,45.103523768275835],[11.13880241228426,45.123896668690946],[11.147699354122915,45.125896244666386],[11.188872573316951,45.109982165436605],[11.203398644410385,45.111596032173914],[11.177687747863066,45.096623227471696],[11.177614830703337,45.0892361377707],[11.18730355685232,45.082571137046415],[11.175032146558696,45.07421015586159],[11.17553183346674,45.06202998758686],[11.201459327238023,45.060181662490066],[11.238938349985917,45.04321854768921],[11.267497502730876,45.05509639237902],[11.270296492284736,45.044000623664054],[11.264046424325958,45.03331848027948],[11.275893845599484,45.01758800332954],[11.31313196082969,45.0098222072292],[11.338307882663225,44.98941885425846],[11.414799003023752,44.96739788999267],[11.427354287515133,44.95786247372932],[11.42669803400401,44.95011137999608],[11.378353697281417,44.95796153977199],[11.357099111120167,44.950103920749505],[11.329274808215818,44.960546967902154],[11.30217123641742,44.96194796032728],[11.284199953267976,44.95605122384252],[11.272299471499654,44.93830547855995],[11.246703763620097,44.9507410374575],[11.153498831928836,44.93350378313678],[11.11809468749272,44.95448574758493],[11.073720501114606,44.962403209336955],[11.059598762453575,44.94890406622575],[10.99401472834669,44.95384253309968],[10.941399048279319,44.92190410701209],[10.914329240056388,44.92315778231528],[10.890200502492155,44.9125041072527],[10.862809704891458,44.92902880214799],[10.8472005486794,44.926703341627466],[10.743802964332094,44.94910302709079],[10.747614039259027,44.96284966970984],[10.74129178609272,44.9808347931036],[10.723905961953802,44.990767843981324],[10.714010852324666,44.986457993676126],[10.702559810852529,44.96535548717644],[10.692300858148345,44.96200428034723],[10.688105004425294,44.965600343189834],[10.694829892377259,44.97559006570802],[10.685107252369946,44.983986648756776],[10.663512788210225,44.96815542350063],[10.627799004802899,44.92420467034286],[10.573223081999075,44.90899473164377],[10.519800781376357,44.91270380680658],[10.463904719741182,44.9372017322642],[10.474100907471051,44.94659706316536],[10.49620006614802,44.94853545844403],[10.51030086628744,44.97279595436557],[10.522860531935946,44.97083992916243],[10.531202328226934,44.98079652562622],[10.57540330832555,44.99686415930076],[10.576152754791126,45.00162813029096],[10.557070883140947,45.006739829697686],[10.511292581888902,44.983427654330455],[10.45570443249821,44.98230260211901],[10.46440171898707,45.01469607731808],[10.51157564522366,45.02022806373767],[10.519902759490387,45.04079682168326],[10.53243896225011,45.04497537417258],[10.539044678811392,45.05567667256517],[10.5327122777462,45.07330146157657],[10.496498337768948,45.075150421413],[10.493796686031578,45.05630317019257],[10.468675777494383,45.058635873342176],[10.438887583571429,45.04482420072369],[10.412104010273342,45.044401492028264],[10.41740251629904,45.09189608465455],[10.463943721402444,45.09403161405581],[10.459102631735139,45.11979721932349],[10.487696675371533,45.12679343177359],[10.490803073419526,45.13380368886997],[10.476895647508558,45.14553130519437],[10.45944762304117,45.14721814107066],[10.4435974612528,45.13580328606325],[10.424180435752241,45.13948662488578],[10.419498439624968,45.13040379777161],[10.411125937217395,45.1369022484668],[10.380601216051202,45.1382032351391],[10.368402978605818,45.14650238608494],[10.363207683622647,45.162381712281835],[10.309703878418249,45.19140014528258]]]]}},{"type":"Feature","properties":{"id":"milano","n":"Milano","rs":"lombardia","rn":"Lombardia","macro":"nord","mn":"Nord","pop":3247623,"nc":133,"nrd":133,"rd":69.31,"co":178.02,"kru":467.33,"kin":144.41,"drd":0.73,"km2":1581.7,"dens":2053.2},"geometry":{"type":"MultiPolygon","coordinates":[[[[8.706403662284751,45.555500250463616],[8.718801360228966,45.568096192608536],[8.730643613780767,45.56109129023117],[8.746062109316897,45.564191227537464],[8.742707829547394,45.57169826791044],[8.766044109076862,45.57781256682706],[8.769502709027666,45.58759615576765],[8.781974313632146,45.58747022042099],[8.78610270452092,45.60249646843884],[8.806497794175971,45.601696447768],[8.819756836468397,45.581999662703964],[8.834597285856278,45.57789762764954],[8.838002510451188,45.569945012401845],[8.865579808557978,45.57579202846722],[8.872883773341034,45.58154189607366],[8.867804880919389,45.59199848772337],[8.922167315016754,45.61172133865],[8.93323121747358,45.623592244296006],[8.929103948039195,45.635398919183736],[8.939800220466056,45.64269668298289],[8.956594058354952,45.63349766690278],[8.95564978749908,45.62644436971743],[8.965398938617083,45.6301955794073],[8.976759506458686,45.61366074031197],[8.968954844210579,45.607991967408495],[8.973430311941822,45.588448096648065],[8.983599382643144,45.59109554553637],[8.999964301699693,45.57655874307691],[9.025699595548259,45.58849374055145],[9.046152945001223,45.577455539088],[9.062304951028779,45.581033409942],[9.063355254319895,45.59674804032689],[9.053003597172413,45.62319627206376],[9.107798324678258,45.622795913601735],[9.105397550642818,45.607303920476205],[9.096623458081673,45.605875199761044],[9.101276943220263,45.588511714227906],[9.143168663222191,45.583745435392],[9.176896545955897,45.59169724999285],[9.17760304264292,45.585007033369926],[9.193211348918242,45.57667182883871],[9.225097459321935,45.575596766331365],[9.228652163237328,45.56528387960549],[9.246199038567473,45.563696395919834],[9.258028393491744,45.55468717939604],[9.271693647309727,45.556495738959775],[9.269888288016707,45.55081709341841],[9.27715784229863,45.54516194257581],[9.305823666426184,45.536798668373976],[9.324022100019404,45.53982972080728],[9.326401560576452,45.56169659021966],[9.360422261339323,45.55436678446331],[9.379536166536928,45.55775399356588],[9.392739216262575,45.56174196498853],[9.404702215270841,45.57499641561648],[9.441612363730718,45.58544141342058],[9.444702543902642,45.59199623709938],[9.475851340267702,45.59579931276071],[9.484265788504436,45.61332127775611],[9.481305036373035,45.61969842333243],[9.495898677117909,45.63969410334917],[9.500231647865942,45.63065034127507],[9.519897535193069,45.622097860179075],[9.531771159112523,45.59815816649576],[9.538595711389073,45.58229956928491],[9.526163698329233,45.562482699691856],[9.527146263787856,45.541829233119266],[9.537496540562795,45.53449663123839],[9.538496837577178,45.52591393230584],[9.550395577240284,45.52419692148654],[9.549595785260294,45.51000152221164],[9.538862592165863,45.50234462589603],[9.521358752393036,45.50721816435437],[9.500418691921858,45.49115344807762],[9.483897680534982,45.448703679189975],[9.466402424641885,45.44990352895733],[9.450633686241458,45.46927750570171],[9.435842638021555,45.46848568212659],[9.434596147110517,45.46100213611887],[9.418136835409873,45.45161100439538],[9.414473456153988,45.43456427072632],[9.425994112938408,45.422102772650675],[9.404940793976452,45.39116301508558],[9.387955585650976,45.399136687373066],[9.373988730880813,45.38515637017375],[9.37819586953878,45.368902439842806],[9.357623862456826,45.36416379538979],[9.359907409763286,45.34111596901043],[9.39099386354482,45.31390341959071],[9.380828677691177,45.312918366531306],[9.385890188596425,45.30689745811408],[9.379699016458655,45.30300359951435],[9.36900183349931,45.30330356597353],[9.366644304464472,45.31419865243924],[9.355260400544058,45.32036540921094],[9.331700958846483,45.31220336461094],[9.308914904287793,45.32774447442061],[9.284146637850274,45.33135502032245],[9.278498063428259,45.324803361331945],[9.246000364500809,45.32450411559758],[9.232791017980718,45.331233371498534],[9.219200644790238,45.325903786469695],[9.204200315558065,45.33404858487171],[9.192697797691322,45.31220331759611],[9.184662864841387,45.30856030524653],[9.20079668507414,45.29100354646565],[9.158000310049703,45.298003568839825],[9.14032372877347,45.30945988926032],[9.081371981939359,45.302804863644546],[9.054836975542601,45.30584380011298],[9.030100986415473,45.296505097149065],[9.02500646692564,45.30499563727521],[9.033240935823903,45.30420463391851],[9.034249339224969,45.30965198232509],[9.018765305053455,45.32559825470513],[8.989960809793903,45.31946354704126],[8.99835112282717,45.29844892383005],[9.018695502718224,45.280500499897855],[8.982900898260011,45.26500388151684],[8.944603137968812,45.29140153546521],[8.94258445075359,45.31435983133933],[8.923401067813893,45.3169041471954],[8.89708720762185,45.33772687202272],[8.866102812696282,45.34310318980958],[8.865919020896177,45.358753192032204],[8.850502876601853,45.366802810418086],[8.846836014980733,45.39049149520555],[8.82264702608165,45.42959728849995],[8.809904945311146,45.43260482273218],[8.809742248927797,45.44627714438963],[8.789363304486926,45.46207033306673],[8.788476652330347,45.484792686737514],[8.775300373880844,45.484403169293934],[8.759683368079731,45.49713887730675],[8.727902277227452,45.50250351082783],[8.713203980553407,45.519901045795],[8.71792876099608,45.53231725551176],[8.706403662284751,45.555500250463616]],[[9.072162693422511,45.3145149282354],[9.07542374449031,45.308188259989926],[9.077477346124756,45.31351815671689],[9.072162693422511,45.3145149282354]]],[[[9.438513435671119,45.187701941214144],[9.470699528673935,45.20129571133947],[9.498110187897565,45.18638465609347],[9.51579794672277,45.18709623296261],[9.526697551743588,45.180596151532825],[9.531695863607153,45.16530296374864],[9.478302645331635,45.161703535414944],[9.45690104087026,45.18310962562167],[9.438513435671119,45.187701941214144]]]]}},{"type":"Feature","properties":{"id":"monza-e-della-brianza","n":"Monza e della Brianza","rs":"lombardia","rn":"Lombardia","macro":"nord","mn":"Nord","pop":879752,"nc":55,"nrd":55,"rd":79.74,"co":132.93,"kru":432.87,"kin":87.2,"drd":0.38,"km2":407.1,"dens":2161.0},"geometry":{"type":"MultiPolygon","coordinates":[[[[9.051503993244896,45.63339753534816],[9.060155510805291,45.637718188562935],[9.05280488908099,45.65749674964753],[9.060864635524846,45.65923146058752],[9.067102658795068,45.68509658012459],[9.0885820536353,45.685748847315516],[9.103200131241204,45.6968954563663],[9.122917685017272,45.689887104040345],[9.147235194120872,45.691721364575535],[9.178529407882907,45.66419334020948],[9.192436039168227,45.6671897927699],[9.195347519810765,45.69835939976346],[9.204169453849653,45.709336052379975],[9.231237889977248,45.71796520654071],[9.247201362836986,45.74269601435714],[9.274198289535905,45.74219632295475],[9.289852431975266,45.726654096969305],[9.299395910718168,45.71029867169711],[9.294924122632235,45.68987973010994],[9.315378054988896,45.66182141022066],[9.34460048395888,45.6717957265325],[9.37421827378449,45.656288788339076],[9.41449863988198,45.67649547231874],[9.423333635015672,45.65633625172262],[9.44610642059642,45.649989230555775],[9.476700019987147,45.66919643904499],[9.487296866658996,45.664497549697735],[9.495896599575788,45.63970131912553],[9.476682267241621,45.60334138106153],[9.481592892157051,45.59680067522354],[9.445797413673525,45.59170187341395],[9.442497494748961,45.58550283859455],[9.405174936145826,45.5751252812236],[9.394400347304313,45.56814957554799],[9.395095453168986,45.56230222033841],[9.379399517186343,45.557703365002396],[9.361228838719285,45.55430541444527],[9.326770849393302,45.561588628850366],[9.3218213397011,45.55584370455762],[9.324197196640473,45.539003043488705],[9.305000670348207,45.53670441885838],[9.277501178487594,45.544903051807296],[9.266647821597696,45.55550351001295],[9.250312576203964,45.5533049723572],[9.25244389002236,45.559390305061356],[9.227003660456987,45.56590251846058],[9.224069451838862,45.575715586437035],[9.193501178730969,45.57650428607936],[9.174591178548798,45.59210230927456],[9.144797977578184,45.583703308494705],[9.095607820551805,45.587903949330475],[9.10048830489082,45.594876515533485],[9.094605542479583,45.604600718036345],[9.10561190867852,45.608860277608876],[9.107860448181926,45.62169068586036],[9.053003080908296,45.62320344099962],[9.051503993244896,45.63339753534816]]]]}},{"type":"Feature","properties":{"id":"pavia","n":"Pavia","rs":"lombardia","rn":"Lombardia","macro":"nord","mn":"Nord","pop":542082,"nc":185,"nrd":185,"rd":61.22,"co":160.17,"kru":511.36,"kin":203.54,"drd":1.36,"km2":2973.7,"dens":182.3},"geometry":{"type":"MultiPolygon","coordinates":[[[[8.498304864089025,45.29230312777572],[8.513501259658835,45.31329623985245],[8.536898717075625,45.319492712362816],[8.526306253719639,45.34219865167479],[8.553100304711304,45.361492140987295],[8.558091642412935,45.353017387818255],[8.577799805543506,45.34746164758893],[8.613499959188577,45.354496694245775],[8.628897260682185,45.34989739807247],[8.632210584979429,45.33826364735836],[8.655695582772445,45.325698229712806],[8.666197645826847,45.293004784697644],[8.692338488978836,45.293046162992944],[8.71615529206338,45.30312359163838],[8.72480683855266,45.33569530402118],[8.74067555898206,45.33278663297845],[8.743703045140085,45.340197327010806],[8.762041192052566,45.348882400252016],[8.760136531855043,45.35522832444161],[8.736765151286479,45.36176416679244],[8.719205230252928,45.37809551414528],[8.74918615285686,45.37461866109455],[8.763048253203666,45.378400801499176],[8.765402584830497,45.38899523461336],[8.80132453986937,45.379212591674],[8.810376398857873,45.382941177585664],[8.810404478515526,45.38879732033778],[8.842899268302363,45.393796138683726],[8.850349663270036,45.36728718729778],[8.866096719519119,45.35939777583657],[8.866505978999848,45.34356041078583],[8.896993499016272,45.33776347694677],[8.922938195119121,45.31752676988672],[8.943796237796093,45.313697698738814],[8.945232510868143,45.29093867505907],[8.983151509574231,45.26544196735502],[9.01813259399206,45.280408361699784],[9.003207888406228,45.296911545765575],[8.994701946086547,45.2956041730848],[8.991700231343499,45.32279666079111],[9.019899026621497,45.325996081370356],[9.038366551033985,45.302324878840764],[9.069108608365115,45.30586468951183],[9.069904424523672,45.31449691708665],[9.081492959902942,45.315796006517424],[9.075982963135075,45.307672166573326],[9.081328363653395,45.30292620848886],[9.129500411601562,45.311094998219424],[9.1909114414518,45.29168319021165],[9.193497341267005,45.296022370673455],[9.182106367089467,45.3106974319748],[9.193270731702263,45.31318222665524],[9.201802995151779,45.33479559075396],[9.219551804809473,45.32624563164414],[9.229504180847906,45.33339389297091],[9.246023487100539,45.32476519351417],[9.277212458233905,45.32476454799339],[9.282801663114562,45.3315964064786],[9.309099189967277,45.327896281516125],[9.33879423741819,45.31289612022465],[9.338023562887217,45.305004743352036],[9.353197482677178,45.30329663891338],[9.357495471072538,45.29260239628616],[9.32534764094697,45.29622639892449],[9.341492443279785,45.27130182340769],[9.325981686383768,45.26979094363412],[9.312378774010337,45.24848420122738],[9.321983687841502,45.24465893355353],[9.327900639043365,45.249695386169904],[9.35531922728114,45.239616548406424],[9.35892643297937,45.24475766458593],[9.354212194704626,45.24989311834981],[9.370797765879415,45.24499704656442],[9.3787051885355,45.23238887403429],[9.390797271604297,45.23219648236774],[9.389756280463034,45.22166253556762],[9.397597672661966,45.21859650899295],[9.403017028550913,45.20326916693506],[9.417199217292401,45.20599631514084],[9.432195477851746,45.19499964766153],[9.4299211333628,45.185614901306856],[9.45679868403856,45.18319738997276],[9.479389441698157,45.16193136382735],[9.531698271497142,45.165296423607366],[9.54419621586868,45.15319832595572],[9.543085406216226,45.13810937915915],[9.548694223817732,45.13270045210102],[9.53591742224229,45.121568909077496],[9.550996124469036,45.0907013774738],[9.531999599292458,45.078404024222245],[9.504371447191346,45.102157117312146],[9.441173366308753,45.09353794976627],[9.434898902246378,45.08170367273524],[9.4143108567522,45.0835323509886],[9.372899853790289,45.049621898160375],[9.376196152384171,45.04169933057265],[9.370192997550816,45.024552737043265],[9.375595497813132,45.019898883963826],[9.366137451350475,45.003664258632924],[9.347506481671322,44.99691231041348],[9.33562182912443,44.97417249766298],[9.337495781675722,44.9654014775265],[9.314397985143048,44.936803435562496],[9.28641082377087,44.93302437445769],[9.291596466986862,44.920899568288554],[9.281347716545683,44.89823837534507],[9.292696023777928,44.890298302782774],[9.292569781225168,44.88133368526137],[9.307205616583609,44.8762436376903],[9.321598627645438,44.87999625338982],[9.32985782957619,44.87109193792052],[9.341597561290593,44.86979687559163],[9.349394998304716,44.83825566084547],[9.363194727944693,44.8224981885199],[9.344366115943863,44.80663891931447],[9.32193176960855,44.79939764592559],[9.316797204431259,44.784002459725244],[9.286844683918561,44.77083886457176],[9.287312311610854,44.758618993362035],[9.332495028257538,44.73509755490824],[9.308683207291004,44.70591342938561],[9.324628370432439,44.69006737977704],[9.298498561033123,44.68100374486994],[9.282212048950727,44.68588400822467],[9.257602657934997,44.68130309820153],[9.25383730123575,44.69608512091463],[9.236694333102973,44.713001953584545],[9.23246572938449,44.702391841228945],[9.240595488779189,44.68830063320599],[9.237098609888536,44.685103199705544],[9.200371905980424,44.6864870049433],[9.208043964828287,44.70246834616026],[9.202803974251903,44.72209900078042],[9.211188152973806,44.732417909364734],[9.213061796201066,44.75182386785321],[9.171803224675614,44.77160259197387],[9.1732397228351,44.79541366095243],[9.153274450196308,44.811887433882575],[9.109001577221253,44.805404321511304],[9.095652268911584,44.81862609528045],[9.072205702150557,44.81750181274919],[9.071188993974156,44.82926806245658],[9.064104724420464,44.83020374406642],[9.04921727172185,44.850227458768224],[9.069639630291656,44.865052579477855],[9.056553605295264,44.88713770671984],[9.030302124089884,44.88850329123997],[8.999703608925428,44.909401999535746],[8.988791788912085,44.929987733498194],[8.969704665851795,44.9435016470411],[8.97789179889737,44.96665075999874],[8.959981264996923,44.98700794941976],[8.925601093798013,44.98220418860527],[8.91050300352587,44.99540278669703],[8.901204112364654,45.007800974241185],[8.904618900741141,45.0264086784203],[8.895106394330126,45.04040015583623],[8.897449870424849,45.05038868218708],[8.877732023729509,45.057207967253774],[8.843351580497739,45.04795149698628],[8.84209500369372,45.04270455751805],[8.823833235284075,45.04624051038092],[8.797121848734978,45.03539961584169],[8.802295362856826,45.026099488106226],[8.798398185801043,45.021103117752936],[8.778808102815324,45.02255718814801],[8.775198136006896,45.00790409067226],[8.747703693031038,45.00930377584717],[8.750667912799019,45.020480753910164],[8.72230176958495,45.02370334998453],[8.709451987077973,45.03801248099409],[8.692000312245318,45.023404242784025],[8.680743467989567,45.02895809637065],[8.659300587409655,45.0179039978258],[8.651904805986042,45.02340054817351],[8.652774139745368,45.034222571043586],[8.634706204772877,45.04090072644188],[8.646460466982996,45.05526024331628],[8.637005562208563,45.066500581719914],[8.64276074429723,45.074726601765825],[8.635667871765296,45.08787486351709],[8.622103897860258,45.091202212493116],[8.60850409975345,45.108301430538994],[8.609801862125341,45.124113223956634],[8.590102704834434,45.133003093230826],[8.580316917210068,45.152394878131346],[8.552505102834255,45.160102070814986],[8.543003359489967,45.1726012299006],[8.544003384227242,45.1811981051863],[8.579565558029095,45.204950399767924],[8.557334146124687,45.20522735348022],[8.55229550175535,45.19650275423868],[8.530973988709558,45.19341071799063],[8.524507700383516,45.19829808589132],[8.545945803052106,45.20408458918783],[8.52560336356506,45.21930281248477],[8.52450379071655,45.22709794979171],[8.541141368519384,45.234225574027505],[8.529520598637813,45.23819967709634],[8.535340028934453,45.243256038329044],[8.522203534173238,45.24990148262102],[8.522802932931064,45.25459627189221],[8.53667524249981,45.248682657629566],[8.541952090605632,45.25435337320081],[8.533104543829086,45.25880025942699],[8.534553591395987,45.27718364523497],[8.513004290318323,45.275202990248594],[8.512893765758896,45.29002305752751],[8.498304864089025,45.29230312777572]],[[9.23389610866885,45.113401692968765],[9.217501454713826,45.10232916028746],[9.231728461373406,45.092124347346896],[9.243901162192214,45.10649580192782],[9.26324177084244,45.10846338876523],[9.262356807774246,45.12385556927162],[9.236410573059741,45.13540307419532],[9.229978976896655,45.12963032060294],[9.23389610866885,45.113401692968765]],[[9.028733540794796,45.29889074204773],[9.033308083117193,45.303009579286375],[9.028875298017272,45.30326868714728],[9.028733540794796,45.29889074204773]]]]}},{"type":"Feature","properties":{"id":"sondrio","n":"Sondrio","rs":"lombardia","rn":"Lombardia","macro":"nord","mn":"Nord","pop":179051,"nc":77,"nrd":77,"rd":56.51,"co":182.88,"kru":498.78,"kin":215.77,"drd":-0.03,"km2":3199.2,"dens":56.0},"geometry":{"type":"MultiPolygon","coordinates":[[[[9.246503774224644,46.44639826293594],[9.275467729556716,46.45894678639564],[9.274003071559724,46.48349912227737],[9.282001946294939,46.49649675600051],[9.309600826463404,46.50449621800061],[9.36469913950349,46.50769651749224],[9.372296896494813,46.50369724075213],[9.369373324291107,46.493245358812445],[9.375231080932874,46.48566589620871],[9.409664989215928,46.46672973627452],[9.423279629862812,46.476116019346826],[9.424803294966042,46.48959836282168],[9.43440165999042,46.49809624085613],[9.459896772870627,46.5065956187947],[9.463096182323627,46.468001499579756],[9.457578809822326,46.462510033156185],[9.45414677548446,46.41965024541146],[9.466915818173709,46.398017393981746],[9.462542917675918,46.37654516806121],[9.498697856915742,46.36149732283032],[9.51860684779009,46.32720618800644],[9.548011011951273,46.30323986440862],[9.60989842893465,46.29449600521686],[9.619454405397263,46.28733058869838],[9.64812335335638,46.28950378126454],[9.674299683093428,46.302696075059416],[9.703684344994713,46.290916868998934],[9.714338885935062,46.29359883984831],[9.72523155784106,46.31315035160124],[9.7230044091967,46.340498964638165],[9.73560139713859,46.35009680437149],[9.777624358884076,46.33522259124249],[9.850325746426883,46.36467699753442],[9.869975316928691,46.3628022307179],[9.906399215972788,46.380895861360294],[9.923984570086926,46.36686974773135],[9.952698112030816,46.379495936624615],[9.964674078198312,46.36327712772853],[9.996396029061183,46.350997652384855],[9.982056685891019,46.32389268981437],[9.998172820522482,46.30477221975455],[9.992172482692382,46.29623310923347],[9.995951635138754,46.28509567026205],[10.02999897813771,46.27719691410561],[10.055396756716942,46.26289759479245],[10.060495791238484,46.24810053663266],[10.049487258665051,46.227789803408406],[10.070130480877742,46.21762721549347],[10.09450032218637,46.2285949968696],[10.123835627739114,46.22382216071243],[10.14521489213402,46.23028228714533],[10.175941968204832,46.25837076883982],[10.155686904391425,46.290588048240025],[10.116302402349046,46.31470279701837],[10.104303484795022,46.33350066905149],[10.107686608879527,46.351229893545764],[10.127493590816316,46.36078376913508],[10.127802950970942,46.377697798877435],[10.141001213347854,46.38569570331752],[10.159775249551926,46.38669275454296],[10.165418121644477,46.40912688996131],[10.130658252149741,46.43141447127606],[10.079602815295255,46.42110354127805],[10.061944047993123,46.427247958863035],[10.055570180626598,46.44045843674174],[10.043048051508713,46.442156671081406],[10.043867375858756,46.45472759032065],[10.052588857225162,46.46223203903062],[10.043103385091467,46.4794012365376],[10.046803705054206,46.51059807826832],[10.054061308945057,46.52127614726071],[10.052790247685166,46.53130310515257],[10.044804649931914,46.53640121882222],[10.083502335018858,46.565236356762455],[10.08060523174756,46.57519725955211],[10.100559161041993,46.58238986802406],[10.101601986881292,46.61009582646638],[10.13008873162391,46.605764057148576],[10.190599746610802,46.6260956282706],[10.21246791529787,46.61797358305957],[10.239097943308694,46.63519518554504],[10.257795861349527,46.61079860295421],[10.242443783979827,46.591714257368494],[10.24410716837752,46.578811748368494],[10.253129043003312,46.57286002927575],[10.26909931923744,46.57779579399542],[10.283549227265755,46.57124918475793],[10.297402923429981,46.55046772219392],[10.325599441226606,46.55169646456495],[10.337464477933592,46.54357140736987],[10.352302327338034,46.55559650899295],[10.397340249082777,46.54420264767683],[10.419399120962046,46.550996822908],[10.453197200164311,46.530597599409774],[10.45818091498269,46.51072580605718],[10.476674139970783,46.49541130796762],[10.551898282101016,46.491396458800075],[10.576972308661977,46.473486233708385],[10.600498360940108,46.46869688720174],[10.621794683649387,46.44800025001493],[10.616619541334034,46.426945452203555],[10.630494983740466,46.402500321351035],[10.607398130705505,46.379302898458846],[10.566440829433912,46.37758431319296],[10.54664398914997,46.36635028620121],[10.543230513531823,46.35657022008507],[10.520014150199351,46.35517136312201],[10.511797899333065,46.33480320032486],[10.49910120736618,46.334603558847874],[10.48592401303802,46.348893224738134],[10.470813563604695,46.35459574635984],[10.420309485207978,46.334341015806125],[10.370998589544682,46.29320323108547],[10.326663608973286,46.286147351260226],[10.31551349310125,46.27569758222563],[10.314296752110094,46.25980174150493],[10.299348407513698,46.24800012529555],[10.294597099905024,46.2232025488584],[10.282192337078104,46.21350165602322],[10.231127027963492,46.19985109144603],[10.224197589469703,46.18630332012671],[10.180762832368675,46.178085431995264],[10.16006716293299,46.158362821693366],[10.171895843710352,46.13619928687615],[10.164635059087836,46.10750569624703],[10.185093107966644,46.08090156329961],[10.169497659768638,46.05710343327113],[10.123940975420057,46.06084442403901],[10.102600678504922,46.050803435733116],[10.09220333167819,46.06140092715755],[10.104484363145296,46.08438998390551],[10.09539488393934,46.091273243167386],[10.018908636643756,46.086019191191724],[10.01109680750598,46.07270352371291],[9.991412964075925,46.072736402269555],[9.974770536226865,46.06520854984568],[9.941311654646194,46.06661296788446],[9.910718518397369,46.057810031662676],[9.908027522663298,46.046298457929005],[9.872163829817417,46.050806970235875],[9.836700776235306,46.04400378059825],[9.76774802038555,46.06399982036756],[9.737599563533857,46.058203780345515],[9.710612036076457,46.063899553292465],[9.68860053551719,46.05500336664937],[9.645693971248756,46.05999539005429],[9.632198919080599,46.04660373909745],[9.604679126307222,46.04358384832385],[9.60039692784233,46.03190194415775],[9.587298084800988,46.02390390823031],[9.556952451331,46.021604622750374],[9.551198212236569,46.014203404349345],[9.531724701674685,46.01130307340103],[9.526902694455895,46.011503160380244],[9.517514045973588,46.035730236192386],[9.501704912821971,46.046400269135],[9.50786706730045,46.06328148931],[9.448300966099966,46.079003285878876],[9.415003321186607,46.094802145744595],[9.41400327458268,46.13679898697195],[9.424038094804413,46.15511410354279],[9.424803575617949,46.1899988310153],[9.438296778641106,46.21541480169653],[9.426812878068823,46.21991269468094],[9.399799638232873,46.21150216727909],[9.375800658255006,46.2121042831463],[9.34718025842614,46.230075159243384],[9.309427525172179,46.23727205778574],[9.247704495367278,46.23360324226094],[9.251703793515151,46.26549814757807],[9.283406541610193,46.29656797867483],[9.281503832756615,46.30929920481149],[9.299037639753715,46.32562512180636],[9.292403877340474,46.338198624341786],[9.298702350089753,46.34425775507552],[9.295981539525453,46.35454477137556],[9.281502693152916,46.358903317920365],[9.276703451590878,46.36940082716019],[9.283005285973859,46.384753006583864],[9.275704419711046,46.39469906100226],[9.280672657114428,46.412206450232766],[9.249503331062563,46.431202261927695],[9.246503774224644,46.44639826293594]]]]}},{"type":"Feature","properties":{"id":"varese","n":"Varese","rs":"lombardia","rn":"Lombardia","macro":"nord","mn":"Nord","pop":878281,"nc":135,"nrd":135,"rd":79.2,"co":150.26,"kru":471.65,"kin":100.76,"drd":1.69,"km2":1197.4,"dens":733.5},"geometry":{"type":"MultiPolygon","coordinates":[[[[8.555602899517767,45.77490167830133],[8.554855751853822,45.79825701894141],[8.587685232233316,45.818846164582546],[8.595148090004988,45.83356182853915],[8.592230742327251,45.85235469829797],[8.570203230673188,45.89130061525376],[8.571703039393828,45.901298430859185],[8.726440057530464,46.018318392233674],[8.728824113351186,46.027491541816154],[8.70570417784781,46.0814005556029],[8.707903849590267,46.09079791185747],[8.742699197934117,46.1220951661936],[8.756882004967496,46.10391690716256],[8.783098741513728,46.094043773252444],[8.799343461419507,46.09460682241852],[8.806100854879283,46.100995896375316],[8.815231684756055,46.097327474608974],[8.85199689094488,46.07549657110289],[8.854496547594657,46.06170085784526],[8.844198688834128,46.0486040688956],[8.833923405331648,46.049813417782374],[8.819698089707508,46.025303372373294],[8.80560106143944,46.02109944766903],[8.788313523095965,45.99222811885966],[8.831299035601823,45.98799580600026],[8.868168111793103,45.960509533792205],[8.894298385740754,45.95839637370128],[8.898041280694828,45.925760990761944],[8.924596636178391,45.90589872205825],[8.922840971234942,45.89443716261103],[8.932195788303497,45.88469851647621],[8.93413040200037,45.87092247087433],[8.945590158612546,45.86719906000486],[8.915756623049672,45.844021838242696],[8.906997377505984,45.81540293092717],[8.899005248471775,45.810923434629835],[8.90869504803605,45.793199918582026],[8.90149451073971,45.78481986779071],[8.906980159758314,45.769990489965394],[8.914798593318073,45.768496762418664],[8.930999284506388,45.74751763412588],[8.942695262481339,45.74499744685074],[8.940659340335975,45.737150179308955],[8.950896099130249,45.73109777980083],[8.950596097961633,45.71150092193688],[8.947999092802947,45.70660522720155],[8.939657903857162,45.71138809815566],[8.931896562427056,45.696902112569255],[8.896315156163032,45.680207795121085],[8.921896853606592,45.67009668920692],[8.929801191355397,45.65371817565459],[8.965593918480065,45.66515001631625],[8.977801592182091,45.679896101109115],[8.98509580352803,45.67049909574514],[8.982815188283569,45.64632048580284],[9.055798201740926,45.64649587020797],[9.061794609409453,45.6368019616391],[9.052020220207979,45.63237952776692],[9.053014812019383,45.615462329541465],[9.061296365027548,45.607698122515295],[9.062896962134324,45.580303744231145],[9.046000580624558,45.577403195568216],[9.025340312619274,45.586477373336024],[9.002098310042042,45.574206126813046],[8.984378441772717,45.59019875272115],[8.97450140886009,45.58650477896862],[8.96720546017902,45.60829904155988],[8.97499069369185,45.616313959462225],[8.96633064500892,45.62863775767878],[8.95590120886011,45.62510435775286],[8.939670050695742,45.64252536479426],[8.929683945285639,45.63479500810988],[8.936692809295067,45.62350091983407],[8.909764513096516,45.60523301851397],[8.870288005948254,45.593250689105645],[8.873895098909511,45.580801310398115],[8.865820267202169,45.57587311335887],[8.83700227424262,45.5685048451473],[8.8343274415984,45.577661764992925],[8.820701436556107,45.580803951073385],[8.806525277814718,45.60117188954043],[8.788252102106295,45.602419966601104],[8.782297124209917,45.58650397800845],[8.770551886819838,45.58714141013793],[8.766997154919105,45.578102598169515],[8.74801016780646,45.57221406314449],[8.751292583549276,45.56550133446389],[8.739125779862915,45.560207731264285],[8.719556567937467,45.567691676061955],[8.706902617587184,45.55830533996088],[8.70457393582467,45.56995060316991],[8.693804125150496,45.576801635458395],[8.702960429570256,45.58731276486676],[8.703169428269122,45.59928985546124],[8.69180442407244,45.60410206648201],[8.68553793098158,45.61775853545492],[8.662804353259396,45.6226015339868],[8.665388835991617,45.63017506271254],[8.659004340454688,45.637700448042914],[8.661701885943534,45.64269579969497],[8.679167764969009,45.633812642779176],[8.687487426320308,45.63814306125141],[8.669804280618019,45.66140045853403],[8.680445906966696,45.675654110485915],[8.640803249331976,45.67680280542776],[8.654321913138169,45.70808265020373],[8.649166562293539,45.71895529573984],[8.593702521190158,45.730403118477014],[8.555602899517767,45.77490167830133]],[[8.659766377106054,45.82160441335301],[8.686906002651574,45.81225774699978],[8.70591871468343,45.83327434804685],[8.69506731988872,45.8433146366055],[8.660655443261644,45.82814088959176],[8.659766377106054,45.82160441335301]]]]}},{"type":"Feature","properties":{"id":"ancona","n":"Ancona","rs":"marche","rn":"Marche","macro":"centro","mn":"Centro","pop":461645,"nc":47,"nrd":47,"rd":70.98,"co":197.94,"kru":495.38,"kin":143.13,"drd":-0.37,"km2":1963.6,"dens":235.1},"geometry":{"type":"MultiPolygon","coordinates":[[[[12.746904012381965,43.39039843154391],[12.773802897460618,43.40179996514869],[12.779075730096503,43.41288920615003],[12.764803176115233,43.4330002028622],[12.766303280230924,43.44539769863643],[12.7743595608071,43.45070029249992],[12.76740425421743,43.459900903775534],[12.774349474228146,43.471444099146034],[12.797851545655256,43.47895004254374],[12.795803708947902,43.49189918619682],[12.805901864089181,43.50399725706477],[12.830045350344196,43.50945286373],[12.845302988076918,43.52539702533402],[12.876652618806204,43.53616472130829],[12.898380814854777,43.55176734571231],[12.912353273566248,43.56360252406064],[12.923001022887274,43.58779634076723],[12.961217363937713,43.59800292194542],[12.979234218616579,43.6240229811655],[12.986303530710932,43.655296398681834],[13.00405676710605,43.6578632185132],[13.022402532366378,43.67439628330996],[13.038871768948544,43.67633466184573],[13.070229854523733,43.69365669684221],[13.076828952123414,43.71201985244607],[13.0627089145151,43.72329752997676],[13.137165024989356,43.732943073064426],[13.172499978919282,43.7501958674606],[13.300225483629251,43.67223879582477],[13.437165622978256,43.6150506214808],[13.481163523071084,43.60691239181705],[13.514800441728163,43.624396082540756],[13.531497636346279,43.6194965270374],[13.565447269549782,43.589156160072996],[13.57337395406674,43.57077609532572],[13.625497335779713,43.55039730638501],[13.623115605423381,43.503322713000415],[13.64159441446835,43.47400303935579],[13.602826495080977,43.45784904037019],[13.634782876010284,43.4456739044895],[13.655597300779949,43.447296385367125],[13.658296111060901,43.43420077002937],[13.616126914962301,43.41720622000321],[13.588001866647943,43.41960353898444],[13.5822,43.43322449665177],[13.590747001054252,43.43978867854721],[13.588547793919044,43.44429411746087],[13.532900304037502,43.43940343412126],[13.516191172853656,43.44404515327258],[13.480800160336567,43.4364029994971],[13.446819705035445,43.44452284327994],[13.429999008992578,43.433703586960675],[13.41359443241779,43.435133091193556],[13.40143142801738,43.423766428300176],[13.358242337116053,43.406269537523784],[13.351398406270159,43.39500352918712],[13.335900698097129,43.391503906423935],[13.311003065226382,43.40200265804634],[13.285203252365147,43.425902115968626],[13.282901518913144,43.44168487434117],[13.269380517407908,43.46008505044439],[13.244164371145613,43.45889571685281],[13.210724899861894,43.417092177068945],[13.169401093312736,43.41918720278806],[13.150100576705976,43.41360400053841],[13.092918130127499,43.435753503970645],[13.071877177304467,43.41550708793993],[13.086495633137325,43.398099773376096],[13.063221401842565,43.38159401349836],[13.063996196818813,43.37040148590035],[13.049294003926821,43.35893969768897],[13.040493311968227,43.33610085680063],[13.02487828177566,43.32698608651226],[13.015897145761562,43.31080266162365],[12.988746316198277,43.302011804291226],[12.969339223136455,43.28258222898727],[12.910601595721486,43.26970380866478],[12.902280441458055,43.27873163857681],[12.883535237084104,43.26762210079889],[12.894697455114907,43.22710278330815],[12.85060080290883,43.20990400041861],[12.836703362959243,43.21760183550242],[12.828202862723407,43.235201416618104],[12.824837529525308,43.26575836710783],[12.78930463098977,43.28300075642828],[12.799791796640978,43.29204787115111],[12.79865634867969,43.32498285916535],[12.769751842405054,43.359884031527855],[12.759302291980728,43.364302662160924],[12.746904012381965,43.39039843154391]]]]}},{"type":"Feature","properties":{"id":"ascoli-piceno","n":"Ascoli Piceno","rs":"marche","rn":"Marche","macro":"centro","mn":"Centro","pop":200400,"nc":33,"nrd":33,"rd":68.24,"co":223.96,"kru":559.86,"kin":177.63,"drd":-0.12,"km2":1228.8,"dens":163.1},"geometry":{"type":"MultiPolygon","coordinates":[[[[13.189203553530884,42.73350404713595],[13.198744317865062,42.748524469995154],[13.194264607287996,42.75853749530107],[13.216601366678422,42.77149570395106],[13.234297460434686,42.773096034406],[13.238347180479552,42.76381872430538],[13.244555653080374,42.7667854915638],[13.263606262470976,42.80733377743615],[13.231304606548317,42.8750986494351],[13.241802676668284,42.89199768869906],[13.259269785138224,42.899959626137644],[13.2602034293684,42.90809759453789],[13.280583097444598,42.91203278331257],[13.290601297663807,42.92479645266721],[13.32859872643791,42.921596927777856],[13.356098431813749,42.91539626103826],[13.377126894514484,42.89116819454003],[13.383224756959962,42.89523913915488],[13.379904223356359,42.90549818253029],[13.402158513038398,42.91359605748454],[13.409513213132554,42.925277112487194],[13.391903755831192,42.94050044037846],[13.390505922402062,42.95329894964082],[13.400017765996196,42.96116078905664],[13.392505911551705,42.966800746545516],[13.398200902662165,42.97179637700889],[13.422998961825071,42.97749633951314],[13.454255870520175,42.9662316312877],[13.493400136144942,42.988696041562335],[13.524799947745493,42.992796858613104],[13.556121210376695,42.988464076948674],[13.583200674190023,43.0110960919674],[13.596315775458729,43.00871108167143],[13.64313272557415,43.03777220065047],[13.654434301532639,43.0303553963346],[13.657003545755611,43.04209638439673],[13.682152742613772,43.0426565333505],[13.78519735242431,43.079795406562],[13.796750956388708,43.06259418742141],[13.849497473905679,43.066695824822176],[13.881769704028342,42.962682231923075],[13.916793980083016,42.89460327499657],[13.878464728784598,42.89264278919141],[13.816764724661985,42.877719494235755],[13.779836377681962,42.860987153185775],[13.724404453704398,42.85551646433496],[13.709006488162508,42.84967212487087],[13.699397255259179,42.82270324740422],[13.663523410289242,42.80708691432077],[13.635601026830418,42.8033039073037],[13.62252743143629,42.81536262580298],[13.571500312263089,42.80050455163235],[13.535446809156232,42.81650954388243],[13.529097480138589,42.79530211697719],[13.502647337442083,42.77137911784102],[13.504196118230688,42.747101595339956],[13.49339780739535,42.73660274150142],[13.452088950934563,42.7337425778026],[13.440894707595255,42.725583348430554],[13.436899837270442,42.698904673435194],[13.426378228482424,42.70573419229053],[13.388700122516223,42.68730338655692],[13.341280884907482,42.7016627439214],[13.318638338449079,42.72286959786059],[13.296601132960278,42.72970315197774],[13.286334900362629,42.73951931658763],[13.265122882012482,42.739864329735546],[13.254198716658689,42.721404305125475],[13.189203553530884,42.73350404713595]]]]}},{"type":"Feature","properties":{"id":"fermo","n":"Fermo","rs":"marche","rn":"Marche","macro":"centro","mn":"Centro","pop":167100,"nc":40,"nrd":40,"rd":71.22,"co":151.96,"kru":457.73,"kin":134.65,"drd":-0.0,"km2":863.9,"dens":193.4},"geometry":{"type":"MultiPolygon","coordinates":[[[[13.216103752190708,42.951098765490244],[13.242831408616514,42.96726782569125],[13.268794875962083,42.97410967251543],[13.30560148412128,43.00189684650905],[13.31871370311282,43.00308525646913],[13.338839952244475,43.02875413018675],[13.370801265495714,43.04209639938325],[13.378298303274597,43.04239671000607],[13.38234498075704,43.02705635234222],[13.397583955080334,43.00965152839437],[13.411322308339688,43.00876447641112],[13.43060036028609,43.02229591126081],[13.458603379928336,43.02008330001415],[13.466609237128926,43.044015075495274],[13.463903494485667,43.066097663506156],[13.479790872337146,43.079403208597284],[13.451124470066052,43.075111381222925],[13.433803544936866,43.08510211941264],[13.430103435374233,43.11109848513011],[13.440244843014398,43.123427930821116],[13.441902894769964,43.14779770243855],[13.46210155631543,43.163596965437144],[13.489267840001215,43.164682045458214],[13.518002911588656,43.17450812329532],[13.516304517698151,43.18240015599486],[13.526585091585318,43.194635050214124],[13.52117071519542,43.20932689169403],[13.566000151282518,43.21669725774159],[13.591248311075145,43.20964268342733],[13.607805623233906,43.23716229222999],[13.60100397881606,43.267698090342016],[13.607600842055941,43.271496365544316],[13.63252924324285,43.26833109234226],[13.742798341683118,43.29409590624773],[13.777697181940265,43.23419856644547],[13.846796025032344,43.08789937902004],[13.849496181816905,43.06670242567414],[13.796800752567151,43.062103813242594],[13.782084295716189,43.07862541053885],[13.681774842788796,43.04252587649612],[13.658669770102373,43.04188426753546],[13.656496835778341,43.02810579428822],[13.640729828658408,43.03677926804066],[13.595699283347535,43.00820355802966],[13.582394960469115,43.01056672168293],[13.566997478693906,42.99230304575298],[13.555699649332384,42.98830358192598],[13.524661105125842,42.992777000072536],[13.492948937925538,42.988549872547516],[13.47676858976651,42.98367979405574],[13.45479913693012,42.96580404909688],[13.42253456462558,42.97749766549503],[13.397752972802117,42.97124629282195],[13.39969636523007,42.957702541897184],[13.392839525765861,42.953638220387376],[13.392287619356795,42.94010906604451],[13.410795984187946,42.9306973485958],[13.409418708006104,42.92487884088286],[13.402297802768297,42.913403044688486],[13.381620851558782,42.90598316892043],[13.38409548690389,42.89440183685561],[13.37530104390856,42.890304589924334],[13.35588068165592,42.91527082403609],[13.291698565743653,42.92469345289966],[13.281197435950707,42.911703449462365],[13.261793805557968,42.9087055361418],[13.259996288720949,42.8998027434667],[13.241801175949155,42.89200501605524],[13.216103752190708,42.951098765490244]]]]}},{"type":"Feature","properties":{"id":"macerata","n":"Macerata","rs":"marche","rn":"Marche","macro":"centro","mn":"Centro","pop":302309,"nc":55,"nrd":55,"rd":73.95,"co":155.77,"kru":511.51,"kin":134.93,"drd":-0.05,"km2":2776.4,"dens":108.9},"geometry":{"type":"MultiPolygon","coordinates":[[[[12.843002404222064,43.122403634044765],[12.832403404473991,43.1472972068941],[12.851707677353982,43.15390449214729],[12.862470831195767,43.16618930911365],[12.86821904210096,43.19505762523994],[12.863303109285916,43.21399728784824],[12.895236013986421,43.22855914918526],[12.882103637363898,43.26699753705003],[12.903099776518351,43.28089411468306],[12.911967271723443,43.270016695386154],[12.969033431702504,43.28249281628728],[12.988302124906218,43.301897388999265],[13.015494314424956,43.310559329332804],[13.042974733357108,43.343112132554225],[13.048902816711983,43.358698131282665],[13.06318978498469,43.36993513518107],[13.062203813369369,43.38109829617591],[13.085236839315314,43.39638241321775],[13.071103908642076,43.41030187982844],[13.072088528354314,43.4169231399739],[13.08667521116385,43.42491572465014],[13.09180222320629,43.43589651036195],[13.150157951760441,43.41400200423464],[13.169400272598864,43.419196809233945],[13.209529234101959,43.416967628552285],[13.244401723779129,43.459396563541965],[13.280686597532931,43.461195933593864],[13.272809764018609,43.4546567263718],[13.28299670863285,43.44189829840835],[13.285731113157283,43.425722318257684],[13.311717858082273,43.40162470388893],[13.336540583369983,43.39170562426055],[13.351643854160589,43.3951952913576],[13.357103113060152,43.405697792611626],[13.401085431144898,43.423597033998014],[13.413901219661621,43.43559633881636],[13.42993618951798,43.43393096263859],[13.447399786044764,43.44489643035729],[13.481069797288422,43.436445844457396],[13.516424524352335,43.44409039400848],[13.533190746745687,43.43944361884764],[13.595691926420853,43.44649444710926],[13.582335724461759,43.43233804468147],[13.587397855481768,43.420360853437025],[13.625928779934467,43.41829922917807],[13.656039494469207,43.430969979833385],[13.655841240736853,43.445507073229386],[13.634401347180614,43.44550399099236],[13.601804441423896,43.45979853717085],[13.641598507825714,43.47399667793273],[13.667739709279353,43.430110913095014],[13.70980743539879,43.336904419034816],[13.742795119779792,43.294102036134774],[13.631977501964059,43.268216146242516],[13.60707297517867,43.27117986870046],[13.601283283530144,43.26596646795202],[13.607796042773664,43.237001194113105],[13.58989938991965,43.20830419294464],[13.566128611738852,43.21667397125939],[13.524339053123988,43.210531752596445],[13.526596364742161,43.19330197971435],[13.51731654525353,43.183738296141165],[13.518297527357948,43.17380367909756],[13.506401468068741,43.174266163195746],[13.48949893258247,43.16440390163736],[13.46256327401767,43.163615579891534],[13.442487467746396,43.14806791682478],[13.437093852059581,43.1311934994633],[13.440895666686295,43.12449976789239],[13.430170297710632,43.11028699980997],[13.433928550530807,43.085176856550405],[13.450731967357516,43.075186238868994],[13.483793163688421,43.080299154703724],[13.463844965693097,43.06557966894902],[13.466895981082526,43.044300224412375],[13.459596371966944,43.0205025011696],[13.430465534643634,43.022080866503366],[13.4112985734087,43.008403783202546],[13.397700438484948,43.00960254076512],[13.381137539279399,43.02903837891872],[13.379066031293203,43.04120287454557],[13.371131449268502,43.042054201836216],[13.338413114760115,43.02842807377508],[13.319497425264778,43.00280314953919],[13.305446888241697,43.00156544089467],[13.250895652460365,42.96510482114468],[13.223659689618204,42.95825534741409],[13.216476995417844,42.950975964588274],[13.217708354057951,42.94180209814038],[13.241796166352188,42.891999781624286],[13.232473628060726,42.87475591137701],[13.235276430492917,42.86762772017828],[13.230797444974103,42.85390254625197],[13.187600062669107,42.83450390688882],[13.1546018395567,42.83470255817768],[13.112144414307284,42.8890584578957],[13.080642567775259,42.89963059913613],[13.053091391106834,42.91929041484155],[13.024899321843673,42.90250389860903],[12.999900276025945,42.90700921958178],[12.996817179313167,42.90195855031787],[13.002480436715775,42.89553044165609],[12.990297392821864,42.87110194969256],[12.976202808270301,42.869803238600454],[12.968403431621228,42.90070016245912],[12.975553202599874,42.92626815053152],[12.949303107503711,42.93000317633247],[12.946945508567122,42.94125532855972],[12.895804372669323,42.964601528918635],[12.907680576469463,42.98465209651715],[12.88801307622638,43.00957061162246],[12.906246097754224,43.03499372533557],[12.892203581980185,43.0477024527033],[12.896759223622979,43.09054582279359],[12.885103374830774,43.099601574596385],[12.88316046183352,43.11726686635474],[12.87455587253638,43.123584912230065],[12.843002404222064,43.122403634044765]]]]}},{"type":"Feature","properties":{"id":"pesaro-e-urbino","n":"Pesaro e Urbino","rs":"marche","rn":"Marche","macro":"centro","mn":"Centro","pop":349798,"nc":50,"nrd":50,"rd":74.08,"co":237.41,"kru":551.35,"kin":140.88,"drd":0.07,"km2":2510.7,"dens":139.3},"geometry":{"type":"MultiPolygon","coordinates":[[[[12.185403840104778,43.64110068618471],[12.203800411837411,43.65179641073554],[12.232701632456942,43.65569261496819],[12.250336744287518,43.671087943737284],[12.245006816188566,43.681396017473546],[12.27364954347736,43.67622210300623],[12.296904693375229,43.685929905556044],[12.305519582564196,43.698200531818394],[12.301004401318473,43.72000028551526],[12.309598345787222,43.73009548716956],[12.314283070471761,43.70093797836941],[12.320696663593662,43.69469854104299],[12.319067944240786,43.677438057347395],[12.334824259929562,43.67735724683018],[12.330203178158971,43.70699714117779],[12.345099319416459,43.709996300390834],[12.357892088919785,43.70241580941641],[12.369892107084638,43.70765513410906],[12.326544156882587,43.7511993134624],[12.283804800704551,43.76490159551517],[12.288693827215816,43.784460714289125],[12.28280434505801,43.789501499787235],[12.315900132510983,43.80569588186184],[12.350109309904987,43.79992582562504],[12.366102353862779,43.81329657793834],[12.388463336966272,43.817149401646695],[12.398026764724744,43.826247022195425],[12.391003438296252,43.845000352034226],[12.400665262931742,43.87283584865264],[12.407700274513337,43.876696384778434],[12.445635901629867,43.87103789207768],[12.457939472705721,43.88038178572689],[12.462403777426113,43.8936974317768],[12.477600337199203,43.89689723466212],[12.487396323279206,43.89639650608471],[12.487706460982482,43.88527044514902],[12.498593731206924,43.87441879482151],[12.517597528836761,43.88109534714179],[12.54217110670511,43.8643243744471],[12.561595826212546,43.8697558293292],[12.57240075249779,43.88479668250419],[12.589496785645709,43.885695316501916],[12.591029172865307,43.86640191120069],[12.60259699938182,43.86339694341657],[12.606145851797006,43.845832692262164],[12.618994733789826,43.842700778980614],[12.611056527585705,43.83203512907782],[12.623066712889782,43.821590086339384],[12.644581709901715,43.8269029392051],[12.673480687550853,43.823967096679226],[12.680842636335944,43.828801424172475],[12.682302767818044,43.85279633046815],[12.723356214208266,43.86122357760141],[12.732009083744845,43.86884796883067],[12.722904392486116,43.88110021185759],[12.73424012941429,43.89600799617389],[12.728003606914717,43.924098890777316],[12.754538062728699,43.960638064971825],[12.750707511878286,43.9684955946254],[12.797599381341739,43.96519640347847],[12.892583710859496,43.923374576936624],[12.907299869640887,43.92299604419349],[12.986174702818502,43.865386174854784],[13.050653960639089,43.83246635395445],[13.172493954855462,43.75019989521876],[13.137341375033369,43.732985797044165],[13.069028669257328,43.72355477770774],[13.076837954594383,43.713098217003804],[13.09168249898416,43.72424296083663],[13.097593143731023,43.71800247944274],[13.077632819502702,43.71083593161702],[13.06979790935362,43.6931024533317],[13.038798648962063,43.676103633297906],[13.022719979868814,43.674508888103155],[13.004198375641849,43.657903056789195],[12.987422765063462,43.65458008905611],[12.97919763904003,43.6239011008607],[12.961297719212459,43.59790284068584],[12.922225865601707,43.58693428449559],[12.912141873479694,43.56326654892308],[12.898340395013744,43.55173366251145],[12.876798333511152,43.53620322092331],[12.846143806497759,43.52562401288615],[12.829099426118683,43.508804024109864],[12.805967499014153,43.503900677807856],[12.796247604225579,43.49209591615923],[12.799195680608246,43.47930203508184],[12.7744721146926,43.471378185665685],[12.767397316778405,43.459903356489164],[12.735333926188932,43.46330684998317],[12.71538129439875,43.44607879573072],[12.709397529227548,43.4251038587128],[12.663029063530574,43.43685229800069],[12.636951453100155,43.431181514997945],[12.619506558565991,43.4166094338748],[12.620794329123271,43.425545747922136],[12.56437647625024,43.459741786734895],[12.516870649918921,43.508938263217104],[12.481704773477714,43.52710485022327],[12.457401490432236,43.517404003245964],[12.432149431556889,43.538158092792706],[12.40652565472742,43.52478701772586],[12.400224585873056,43.5098],[12.388201774181255,43.50980339546292],[12.385043050354044,43.5225483129168],[12.367220993866848,43.533575084978516],[12.350098383599862,43.5218030320873],[12.333201676373848,43.52350322573879],[12.313003887497194,43.54310089062691],[12.315276482900924,43.54933558359818],[12.344889972571808,43.553956272662376],[12.370128040754151,43.57946157173867],[12.37208695727951,43.58533588733726],[12.361803710040345,43.595101647470734],[12.367823307682835,43.612485181496425],[12.356509684814428,43.6167418952353],[12.314141446445023,43.601951968111536],[12.299499105563935,43.58590334040964],[12.287798701196529,43.59457896104675],[12.263298529560105,43.5891035793599],[12.225375501887841,43.5938906881005],[12.209745846389406,43.62106512678201],[12.185403840104778,43.64110068618471]],[[12.43009256505456,43.60664476004241],[12.413475899058259,43.60042727891316],[12.424487589640282,43.59238623260551],[12.433563414968715,43.594028208027],[12.43009256505456,43.60664476004241]]]]}},{"type":"Feature","properties":{"id":"campobasso","n":"Campobasso","rs":"molise","rn":"Molise","macro":"sud","mn":"Sud","pop":208785,"nc":83,"nrd":83,"rd":63.61,"co":157.32,"kru":396.9,"kin":136.44,"drd":2.2,"km2":2910.0,"dens":71.7},"geometry":{"type":"MultiPolygon","coordinates":[[[[14.377703542324895,41.4529003014293],[14.39180199210801,41.50769613406223],[14.406157917578614,41.50996319334746],[14.42800029796416,41.52469614657246],[14.447178591009507,41.51985701277721],[14.457502561429532,41.54609333580521],[14.467749114909122,41.54135838211187],[14.47010261974004,41.55639824970174],[14.492773870991005,41.57232689372055],[14.4922029090567,41.59039752904799],[14.512413438562149,41.598391703066625],[14.50958458337183,41.60880659045787],[14.498104645491189,41.61651761921478],[14.484002556408182,41.61510432611733],[14.478369883497873,41.63143775692084],[14.448316232109567,41.6443441065866],[14.427201775832554,41.63720393812267],[14.424104059332898,41.643899569269976],[14.432148216431262,41.65499879932737],[14.429204081552472,41.66819813412093],[14.435000225183309,41.671996239275934],[14.4545623331326,41.665067383370214],[14.469601464911488,41.67829614041181],[14.484398873415048,41.680596549802395],[14.494570586624706,41.67268969387892],[14.501103820705453,41.685698403609315],[14.520601457055482,41.699190112904624],[14.519593750290495,41.72513423046533],[14.476305620831006,41.74580093540971],[14.507032453491936,41.777744144233715],[14.529408100125272,41.78750810012527],[14.530904131575273,41.80069744391895],[14.55080220542092,41.81659624366495],[14.568866268241367,41.819117332507886],[14.597491471677612,41.85132759820999],[14.614303225690099,41.88919747106626],[14.641427053397033,41.89949823133409],[14.66318460043609,41.91599494738084],[14.668603096716648,41.946597582022115],[14.72374459844608,41.9999440331241],[14.778234786628019,42.02771255090885],[14.78021072877132,42.036196548935195],[14.761704362754775,42.041702604000506],[14.779601032654222,42.06979593996073],[14.878565813571011,42.02778058954588],[14.993498119910946,42.00479674094407],[15.004296158492293,41.991094828711624],[15.033454177708371,41.97716339344029],[15.0767062125086,41.944111015043575],[15.137995254627779,41.92669812867286],[15.131492598975303,41.902939718299145],[15.138796594542358,41.87930164989179],[15.114597509079678,41.85080317116854],[15.103973794223094,41.84645101358044],[15.100781861769986,41.83594457623795],[15.116495800668476,41.814499230478056],[15.115096663547023,41.78960153804921],[15.101115617542543,41.78152940530534],[15.097707384571311,41.76672777206658],[15.116590614020511,41.74900305216861],[15.10470452894998,41.74866256157343],[15.102984145146083,41.74199378469899],[15.121350912052792,41.72024988350979],[15.161492389038543,41.70970036316031],[15.117675774084377,41.69398932265409],[15.105850123615278,41.685291020599315],[15.100899146893385,41.67190392999447],[15.089859337516533,41.68054236392665],[15.08989409680618,41.672000659278666],[15.069598859186614,41.660103365670736],[15.0538699688967,41.659108740293306],[15.041898427650171,41.63660409636648],[15.025508640013978,41.63377736883116],[15.02599476538411,41.622703287581075],[15.008300707671532,41.62230386689205],[14.991502831558675,41.62910262269002],[14.987716079166178,41.63790532363376],[14.960683394147773,41.64531098093107],[14.934755103700198,41.620969569421945],[14.946995804327143,41.609697724884846],[14.950295958788537,41.59259976435014],[14.937361865339662,41.527457778175354],[14.966298191464233,41.519096967329986],[15.007594184110072,41.486401423217295],[14.99053853963796,41.480039766040946],[14.982297604554677,41.4691033082951],[14.946419362841766,41.455983471886825],[14.885035243779162,41.44488643322645],[14.867798278424964,41.42780364659441],[14.855699603992324,41.42470386263603],[14.78505079678709,41.45196690149502],[14.771450222276343,41.44143629175292],[14.764633448755127,41.41736798345517],[14.717299580479091,41.40090450171576],[14.684986225859523,41.411228741953174],[14.671476177160983,41.40659180459708],[14.66079918832949,41.39320435265946],[14.64329289341123,41.3940101500172],[14.603000348571264,41.364003827391436],[14.585405372675785,41.37120207956517],[14.586263088480564,41.380468150104406],[14.56761363734469,41.391794323471316],[14.55149894942856,41.379304033921755],[14.50490165637302,41.382703080142115],[14.48870249135629,41.39070308602963],[14.477453801088453,41.418747717454785],[14.45371524477893,41.42776816098942],[14.427502389455102,41.42900300420137],[14.412544880701303,41.44078048968247],[14.400900278728031,41.43720413358328],[14.382502121619389,41.44330323161993],[14.377703542324895,41.4529003014293]],[[14.718164243164024,41.71928829223049],[14.7212081558576,41.68984982117372],[14.748095584772752,41.666300960413686],[14.741854548276525,41.65756121737532],[14.76294870346377,41.655596078855496],[14.757793076804436,41.69234310649121],[14.733603039077359,41.71510156974271],[14.731460469969203,41.72452739269868],[14.718164243164024,41.71928829223049]]]]}},{"type":"Feature","properties":{"id":"isernia","n":"Isernia","rs":"molise","rn":"Molise","macro":"sud","mn":"Sud","pop":78625,"nc":51,"nrd":51,"rd":58.47,"co":124.7,"kru":360.63,"kin":153.31,"drd":4.57,"km2":1520.1,"dens":51.7},"geometry":{"type":"MultiPolygon","coordinates":[[[[13.940905624272421,41.68790000850871],[13.956500484696754,41.695696214306615],[13.98183472822864,41.695101541852864],[14.018459733615904,41.68317576925018],[14.026902719022104,41.702696352993044],[14.052432099623346,41.7025727625256],[14.053403846795156,41.7195983029323],[14.069502214956431,41.73729661199314],[14.094397070138328,41.73789707013833],[14.10885831842775,41.70933682038839],[14.122878482623884,41.72548010584264],[14.115204748288017,41.73690074843504],[14.121201665444968,41.74589573887832],[14.158546292236993,41.747126175423496],[14.170100894242333,41.76519584802466],[14.178742983131034,41.74966639530286],[14.192639162458887,41.748762272957514],[14.201235610869475,41.767143118834575],[14.1707509041294,41.77964518016834],[14.164547550964826,41.809473538793036],[14.147204905561283,41.82729997365015],[14.155701957934596,41.83959633469541],[14.181699391147427,41.846896250044125],[14.193225205211519,41.84166503145076],[14.195803358243946,41.84829745014883],[14.216718777130206,41.85416998000687],[14.229702372811202,41.87709715957168],[14.284198646035492,41.91069584754032],[14.303786356262567,41.89412462043373],[14.323697768663168,41.89639543748757],[14.345186827614695,41.8621959162112],[14.358309877008297,41.86058785520404],[14.361104870981674,41.874298658077485],[14.376696127778064,41.87989573538682],[14.37952981317737,41.8667358027082],[14.394268798889852,41.870270975468344],[14.432143846919372,41.8415782070054],[14.442298063609684,41.84119635250596],[14.465195576774835,41.7772011284217],[14.45574578800406,41.7638092085995],[14.485395310375129,41.759597657455714],[14.478983490772125,41.74468290729878],[14.513698239026255,41.7312969288403],[14.522296382560135,41.71379983082419],[14.52079667423574,41.69890199534244],[14.502298514878257,41.686434700872525],[14.493500216819589,41.67150472216777],[14.483175128524731,41.68039625737383],[14.469337386078031,41.67811179890404],[14.454899105418189,41.66490349510435],[14.435452567068046,41.67153875430967],[14.429763213765574,41.668110986230964],[14.433494897937797,41.65639918895431],[14.426771847286629,41.63863685765844],[14.447899803410628,41.644895865257844],[14.479197313033032,41.63179643194388],[14.483977167982463,41.616533987753535],[14.49506466711227,41.617578444295916],[14.509635595761898,41.60894238569516],[14.512014589473178,41.59637132631332],[14.49225049143323,41.59016298438626],[14.493496002070584,41.572302006506405],[14.470422565697133,41.556672864154706],[14.469595909316356,41.539704656390604],[14.45797231954138,41.54210234345826],[14.446298783914637,41.518704201166486],[14.42772617075045,41.52441457475437],[14.39110941400938,41.50672799292194],[14.377933581890703,41.453486665090146],[14.382493976380994,41.4433047228554],[14.327100833669553,41.453403348021574],[14.284207337239792,41.47210010840844],[14.288824575484956,41.477580132471765],[14.27886615724625,41.485895312845315],[14.249401964973341,41.48460349037135],[14.240538588566002,41.49679401358438],[14.173518912387236,41.50008434609323],[14.165596952240994,41.47940433823413],[14.151701767002791,41.482703373199925],[14.123758384182814,41.506856537234825],[14.084513299789636,41.466293034402334],[14.079036294935921,41.44757265254518],[14.10529728600396,41.4231975089705],[14.104069074417831,41.4029593800965],[14.111398914877231,41.38640406876715],[14.084625900598757,41.39990475034362],[14.042301104837426,41.3928036984474],[14.018411324018516,41.42272819398252],[14.000804268251889,41.43089981579244],[14.008945279430609,41.44455115059663],[14.005821052861442,41.452268270194374],[13.977904575696265,41.46240142051841],[13.991160973015548,41.481605227052135],[13.975603934537785,41.49699932955128],[13.995001992108522,41.513096701699645],[14.019092541468638,41.521659998953915],[14.020391874675651,41.52769869456336],[14.005905653099042,41.53929756452178],[14.020355979686437,41.54269638186555],[14.025631488075689,41.5554701144465],[14.004601567560366,41.56640290031708],[13.997828048023957,41.57932840372832],[14.009959043929408,41.59253968384517],[14.010912807878551,41.60697394380776],[13.996603361722535,41.624101927689004],[13.987617584331234,41.654204092122605],[13.967143952288357,41.67416747151061],[13.940905624272421,41.68790000850871]],[[14.29507553803437,41.54658015403288],[14.272065478134962,41.5367381511869],[14.278890170573781,41.50772216698906],[14.314322919039691,41.50641554210943],[14.332096748039895,41.51891720618563],[14.29507553803437,41.54658015403288]]]]}},{"type":"Feature","properties":{"id":"alessandria","n":"Alessandria","rs":"piemonte","rn":"Piemonte","macro":"nord","mn":"Nord","pop":407029,"nc":187,"nrd":187,"rd":69.16,"co":214.82,"kru":523.26,"kin":169.02,"drd":2.02,"km2":3568.1,"dens":114.1},"geometry":{"type":"MultiPolygon","coordinates":[[[[8.109403870535974,45.10109902325743],[8.127526760297078,45.11399328903232],[8.143227907600712,45.14439377449276],[8.139403774958584,45.15969866129112],[8.151901172833988,45.16849643475307],[8.174195564685773,45.17109521878229],[8.176667817796929,45.16119420313802],[8.202399324970807,45.17799675765732],[8.218027609232276,45.164197365792035],[8.266300321737354,45.180596288769685],[8.294373925784058,45.173299583691474],[8.313699128408498,45.176596069105905],[8.329098372663134,45.16932133230797],[8.34391808815293,45.173333938368096],[8.36014072742387,45.1901160715783],[8.359004750699308,45.19559815313261],[8.375200509858846,45.201195977959976],[8.404497474620165,45.20449635033387],[8.439727762040166,45.19518968495254],[8.455200743837297,45.2035958874335],[8.474524734808083,45.20300232778944],[8.497797233218526,45.19499670098316],[8.508290079950791,45.17374072226782],[8.536399279308167,45.17559592358248],[8.555779243158918,45.15927598078079],[8.579998363466009,45.15269700006046],[8.590319924198914,45.13347540586614],[8.610995856548318,45.123598645556044],[8.609055675133128,45.10766983019292],[8.645893621213228,45.07529822465804],[8.638771544342294,45.06698482659582],[8.64689611612702,45.05550047380877],[8.637204919564192,45.04089454963669],[8.652198424527759,45.03489699385727],[8.658785640259289,45.01844481246203],[8.68112927309544,45.02908669493875],[8.698836582158368,45.02580834144215],[8.708699453594868,45.038195202260226],[8.72264210208859,45.0240432392047],[8.741999474285125,45.02439691732931],[8.754855139679819,45.01054461665084],[8.77435821183542,45.00829663683895],[8.777503659539978,45.02239751371723],[8.799139888988462,45.02204857562623],[8.797901746466133,45.036196321392715],[8.88769165444366,45.05909774430643],[8.885968724765334,45.05296665344471],[8.898097163714953,45.05069659227262],[8.904695966889836,45.026099996779955],[8.901465029833789,45.0078627869852],[8.910512055258351,44.99541118497185],[8.925839403888537,44.982506315101176],[8.960597346622354,44.98729676511014],[8.978096056345874,44.96719865989353],[8.971001113072852,44.94364577102247],[8.988198067795883,44.93089687362805],[9.0004896268166,44.90880852917848],[9.030913520638386,44.8883450633674],[9.055698189592661,44.8890956698108],[9.07009580182056,44.86599954311386],[9.050985831404928,44.84738218181768],[9.070398169667044,44.83069656740968],[9.075132949594458,44.81679078411682],[9.095099567019428,44.81899611496815],[9.110301033571396,44.80594926530426],[9.145761179636747,44.80879352993946],[9.156095665439468,44.815393278737524],[9.156177538458635,44.80871470856616],[9.17349618151976,44.79609772284132],[9.172123192240726,44.77146291606494],[9.194219336112953,44.75684522778221],[9.213496860130725,44.752397250301456],[9.211097096582842,44.732001384347036],[9.203090832561653,44.721871795544054],[9.20839612582907,44.702900073166795],[9.199551113795726,44.679147441412525],[9.20639675925329,44.66030042489761],[9.198116261305378,44.648479130306654],[9.203297191478553,44.59570188714453],[9.1525990380782,44.57420330329507],[9.134000814625063,44.57480332679614],[9.110702174533534,44.58200354052839],[9.102203840826641,44.594100839593104],[9.103285823345741,44.609255095832374],[9.076557195552502,44.623260806986224],[9.043404344399013,44.615705992073835],[9.039289115960058,44.639748488383795],[9.013321387014164,44.66657565521165],[8.972501618488169,44.66330355643937],[8.959822488030735,44.675817210234],[8.93143996701462,44.676006090431024],[8.908197984766957,44.64680308713185],[8.883541096041897,44.637067830835214],[8.907496744228705,44.61129917850511],[8.91205535985572,44.58009477849225],[8.921796077707414,44.56720032862343],[8.917541510794354,44.561158887405945],[8.89117613195945,44.5506],[8.867234008976498,44.56500377649162],[8.862997669496826,44.56060358859669],[8.82698067271582,44.56146557962046],[8.822538035385591,44.550074167689296],[8.828295114771372,44.54240023969486],[8.798910702048577,44.52988098225794],[8.797495748743904,44.505100951282],[8.787097252997349,44.489802798435605],[8.76670445161625,44.49270006879853],[8.772870550751566,44.50484352938684],[8.76731827514841,44.52473512332573],[8.749806446094166,44.5267000361816],[8.756265980144825,44.53730418626444],[8.748132361415408,44.54998381168429],[8.73820490663973,44.551802683459655],[8.731647106261313,44.57048722022258],[8.72108758543395,44.579748660942016],[8.690217038361103,44.58157761194527],[8.6813995649703,44.574904124037545],[8.667523877888202,44.581987971288534],[8.632501005928992,44.58050420883539],[8.623778478842906,44.58566416984853],[8.613799259831568,44.56810458213103],[8.60187324277979,44.56807864899386],[8.59846410989849,44.558624813950985],[8.613457010486954,44.54653790403671],[8.60719823349725,44.537503336127834],[8.595786816804504,44.53718756183723],[8.59003645469656,44.52755956207963],[8.573466171273678,44.52186057741785],[8.576194735333997,44.50920212652375],[8.560098632984412,44.50290399021133],[8.53524729668649,44.51334142543391],[8.478102289940704,44.51070333878521],[8.46899925183549,44.521255973387625],[8.453386417909881,44.510098263688334],[8.449397886912964,44.49740529292983],[8.417122513430348,44.51275213137812],[8.403647324408082,44.50824149266789],[8.391598343232214,44.476903756099375],[8.358501785343725,44.464904228703084],[8.349304507716518,44.48484136585695],[8.32090173851154,44.48840345945133],[8.304412851858011,44.502535167762545],[8.271302588302126,44.5068034009964],[8.261504806869612,44.51940084617791],[8.2798897124496,44.534877788212754],[8.284203024349805,44.55369723478724],[8.298001277445495,44.563596027813425],[8.328419576551003,44.559870325228445],[8.365218028943413,44.57553427209631],[8.35105011451598,44.5904546458044],[8.333899755725382,44.5877037521654],[8.314103933614549,44.603000380843085],[8.326802121739428,44.620796330317745],[8.34120971185351,44.623618722519865],[8.354684092046734,44.63895973018145],[8.350503583382855,44.66030117612569],[8.354773491769016,44.673974282155775],[8.348402602363034,44.69379665858261],[8.371899282821008,44.69509677034205],[8.392780070860933,44.68637833604579],[8.41582475448609,44.69102867287852],[8.408704069162976,44.706897709449954],[8.425073494710913,44.71066999089866],[8.42814844014066,44.72057852570438],[8.421405302677611,44.73199786986241],[8.451318398310072,44.74026569423709],[8.464000445352013,44.7547962774504],[8.479795644357047,44.751351782608076],[8.499800520392773,44.77120467012909],[8.49570491289738,44.7801988841879],[8.500638261195961,44.78590279690918],[8.478954739933307,44.806804432694],[8.457901286700643,44.805003692798024],[8.420603470238413,44.819702502968454],[8.427794828549507,44.838243718974304],[8.423382650455165,44.848206325213425],[8.39667758192825,44.842904209872074],[8.376203915223694,44.84670235872134],[8.378203898176768,44.864898238737084],[8.387193661513226,44.87501201810188],[8.358804180212871,44.91280146835666],[8.360603220467906,44.9228967795321],[8.37947293092618,44.926026364282016],[8.37790430350087,44.958099675030056],[8.386670071889746,44.97021855612125],[8.378351773662594,44.984200445348286],[8.359601972876732,44.987102947446765],[8.353747416175768,44.99414293985628],[8.359983571261125,45.013304403617695],[8.35736088730101,45.02672205429926],[8.333301413948645,45.03380369134306],[8.321074768846914,45.0523128359079],[8.305005031095968,45.05960159940382],[8.309562496881266,45.07211478522231],[8.30161140810426,45.07638198091656],[8.275299425912829,45.06140417269656],[8.240805401627323,45.06273184742531],[8.228646006357547,45.044622891954845],[8.234396156381486,45.035499861418316],[8.230438014563253,45.026189334223645],[8.216314753955986,45.01061473361973],[8.211991870091273,45.0223734866978],[8.18775397567281,45.042199759047534],[8.159002462687742,45.027404992030945],[8.150703782905868,45.037601782253375],[8.149604868765664,45.051856003011224],[8.131862654313252,45.05626319059096],[8.132742315064219,45.06666669653153],[8.11840384922398,45.07170263141946],[8.120621336228675,45.088383756490074],[8.109403870535974,45.10109902325743]],[[8.488225708335285,44.75066672549386],[8.48182461650081,44.74870091063143],[8.486292024710052,44.74658827716056],[8.488225708335285,44.75066672549386]]]]}},{"type":"Feature","properties":{"id":"asti","n":"Asti","rs":"piemonte","rn":"Piemonte","macro":"nord","mn":"Nord","pop":206903,"nc":116,"nrd":116,"rd":68.88,"co":198.65,"kru":461.52,"kin":143.65,"drd":-0.85,"km2":1508.6,"dens":137.1},"geometry":{"type":"MultiPolygon","coordinates":[[[[7.8835045601288645,44.936195963231626],[7.899724199685992,44.94081100134315],[7.902203345010249,44.96589812565379],[7.929045028033022,44.98412294998833],[7.933000524297218,44.99979527871994],[7.915804125822149,45.00310283917386],[7.921402742665276,45.023496487083975],[7.953047707517559,45.02984816165027],[7.957402495291044,45.040399960467205],[7.943791451666678,45.05502394036464],[7.937797266885552,45.04200320952061],[7.929502994892629,45.04170337137417],[7.923246194891837,45.054911101741595],[7.893103811071446,45.05980432338091],[7.896202661320383,45.09499671082169],[7.906198100911127,45.09509664765912],[7.917761298470599,45.07716778885809],[7.938205968364028,45.08284250026506],[7.941119344256991,45.08826131148602],[7.928505707876212,45.10469963075323],[7.98019933006878,45.123895603761646],[8.010096443717677,45.10306039881053],[8.02210048114082,45.10879634264001],[8.047799126097244,45.10789641272855],[8.075555217207718,45.09766300544125],[8.091897184086525,45.1154697876818],[8.096701516570617,45.131893492505206],[8.128995927376673,45.12299708902812],[8.127796405280849,45.114201689464686],[8.112779810137013,45.10593990826056],[8.110048948976882,45.09557241382091],[8.120397152903282,45.08959779629493],[8.11913993832699,45.072022243480426],[8.134095912879795,45.066597667972616],[8.133684596789937,45.055192799385914],[8.150196872954849,45.05349612775891],[8.150943777841011,45.03771485188753],[8.160405719908855,45.02877929990142],[8.187998659697044,45.043595271356246],[8.220983161086549,45.01447373147441],[8.234024527955498,45.034762591927674],[8.228103990316884,45.04270128297224],[8.230403914464066,45.05079789710715],[8.241301280514014,45.06349626764158],[8.27560095621894,45.0615266498075],[8.302499901214214,45.07709578013325],[8.311595253469243,45.07069898477483],[8.306611342543171,45.0596449950115],[8.3222965401339,45.0518979520821],[8.325708454034675,45.04043332298718],[8.35849563976644,45.025999296720805],[8.353712204641372,44.99420825060708],[8.360177100141236,44.98693447192318],[8.377998590499779,44.98479668684226],[8.387296063041788,44.96900054377006],[8.378642433347895,44.958191127637235],[8.380496004507162,44.92420344947343],[8.361798653985693,44.92297342325847],[8.3590588800166,44.91416227824792],[8.372276996305034,44.88966657483425],[8.390792610600105,44.87529878907652],[8.378341397729066,44.86483611408841],[8.376943131188924,44.84697220445751],[8.397393457918065,44.84294305585602],[8.423598096940417,44.84949542181962],[8.428195968026698,44.83820043505962],[8.421771408641572,44.81927573155665],[8.458473700053263,44.80533588189703],[8.478599143104526,44.807096722909954],[8.501235684399397,44.7861484318528],[8.51337532786582,44.787194367323664],[8.497739502185501,44.78088891236162],[8.501295202216449,44.77190117307929],[8.484731996505053,44.756874221412424],[8.487897003842743,44.74650343553721],[8.463724994673724,44.75461563080997],[8.451098732074973,44.73890453819453],[8.423835680357403,44.73211182312126],[8.426756319197635,44.71401048820327],[8.433392819667139,44.711098597878376],[8.40937477671337,44.70522304578984],[8.420596080474315,44.69230259348521],[8.393099699572259,44.6860038511982],[8.371612276117816,44.69509598319219],[8.348384283946169,44.6930933283419],[8.355295756312518,44.67350021332254],[8.350582087438529,44.66123619676404],[8.354797217869761,44.63920066039247],[8.341097797256253,44.62350345584131],[8.326578246772788,44.61974206842603],[8.31443834215317,44.602884158281306],[8.332745627511313,44.58821995402805],[8.351697419862901,44.59029704863206],[8.367893982597034,44.57460245273428],[8.329228662750237,44.55998949296322],[8.297477835752792,44.563205563108646],[8.283878644420678,44.553155092713325],[8.280296258427764,44.535002155917844],[8.261499396918385,44.51940555546793],[8.232206549298407,44.5617006044493],[8.244369835579155,44.57433190774947],[8.231603136634138,44.59010209264588],[8.232059971324936,44.59917041878326],[8.217074574285355,44.61507100117197],[8.19660218567647,44.61590347221303],[8.194404126099881,44.628598717429576],[8.223847276381088,44.65901566911373],[8.223403793536182,44.67309844688673],[8.230648440431104,44.68094420265832],[8.25997180402286,44.697337167700994],[8.265870609679656,44.70941783880329],[8.256302709290614,44.73072562893892],[8.225901754648149,44.72450300675445],[8.209503178078396,44.732002573082944],[8.203283030156168,44.74991256386389],[8.183336927635938,44.750857354555876],[8.17849644674564,44.73680226488156],[8.165124753820926,44.731437998246136],[8.16539584207386,44.72210182978675],[8.152200944274771,44.71320518239347],[8.132845808647568,44.746646714034924],[8.09750546294294,44.75690097026015],[8.102703973432007,44.77189723603667],[8.115038483164346,44.770954560603606],[8.134023355716918,44.78334393562351],[8.128304482676084,44.79160107783541],[8.12971900864733,44.81053313808213],[8.106301314699245,44.812903830771226],[8.095220825935119,44.821361347162394],[8.071268032509023,44.80641930652283],[8.054919763306113,44.81054861838854],[8.045298605622312,44.79930592654344],[8.026038612192846,44.81605755629153],[7.9948015380082245,44.81830265908666],[7.983903152719366,44.82700265529936],[7.978638331980457,44.84680629707986],[7.965729029620752,44.85580720415551],[7.943400606903314,44.846304048536],[7.931202901780955,44.85530285109871],[7.917158069470803,44.88320910734897],[7.885904102266725,44.884602554086506],[7.884904871108782,44.89639687588781],[7.915731303268048,44.892014782412375],[7.925474413289174,44.90198040987081],[7.918204043821178,44.916126110876995],[7.8927013598887354,44.9149038972413],[7.8835045601288645,44.936195963231626]]]]}},{"type":"Feature","properties":{"id":"biella","n":"Biella","rs":"piemonte","rn":"Piemonte","macro":"nord","mn":"Nord","pop":168257,"nc":74,"nrd":74,"rd":72.63,"co":190.9,"kru":539.62,"kin":146.48,"drd":2.3,"km2":917.6,"dens":183.4},"geometry":{"type":"MultiPolygon","coordinates":[[[[7.883103728518315,45.53679944852278],[7.901698831411084,45.55920222066715],[7.893103560574475,45.585499487187015],[7.899287643478523,45.59286582933661],[7.896703522291601,45.611399114866764],[7.915902139617079,45.63309633065393],[7.938697828458207,45.64154231512524],[7.9052036110023325,45.68200212324866],[7.911802395477098,45.700796433949264],[7.920761900983237,45.70258820890424],[7.936601261145188,45.724396004160404],[7.95510708604787,45.718640093260426],[7.997333422597081,45.71918297684843],[8.021301261087023,45.73769643685893],[8.059198882609593,45.740595928444385],[8.06540053990605,45.723691373363906],[8.07492327946404,45.71992428559848],[8.083602045905137,45.73859636991764],[8.096094847756167,45.73807235636967],[8.12300103456587,45.75699666381026],[8.154954666157588,45.75016844832556],[8.181197147488456,45.75209599922383],[8.184171864392559,45.72958525757822],[8.201161981559846,45.72536071591278],[8.326492912159047,45.64530055491776],[8.299388432629954,45.64023407699854],[8.3126943595908,45.631698433406086],[8.311396956265275,45.621003392167516],[8.29654471506209,45.621402390226635],[8.277800180590013,45.61170424740682],[8.268446538742884,45.615576023976196],[8.256339378323444,45.60833007953385],[8.259054175461122,45.594445824478264],[8.271596672632443,45.58419906452279],[8.276145254104337,45.563949746106445],[8.296495969811113,45.55359830595581],[8.292496793679444,45.541502578298186],[8.277890856683287,45.53124237650105],[8.280249242278622,45.523104812100144],[8.291886367499986,45.517802565573795],[8.268870305968338,45.516582750849174],[8.262997590687979,45.50130245031335],[8.230598266069105,45.477203385051816],[8.219582454866751,45.475287960275466],[8.217797634963357,45.45370338742937],[8.203399411728158,45.446703928133516],[8.185275298602223,45.44915772928173],[8.16694089215016,45.43534430867016],[8.162185395192472,45.425583715921384],[8.170695812157774,45.41899819996749],[8.168297427493187,45.411003634781785],[8.149832351708506,45.409447841982725],[8.122898450979188,45.37610391522213],[8.027102796307421,45.403102552528786],[8.022303420360949,45.422298123479166],[8.033612341201689,45.43069357478614],[8.036722579895276,45.44264661924285],[7.968802740482119,45.474602318869486],[7.9655900009922105,45.482501223869654],[7.919604176643822,45.50890190529838],[7.921049992251676,45.52148229797345],[7.885302926005236,45.53040328936884],[7.883103728518315,45.53679944852278]],[[8.266372313275285,45.63251572683812],[8.264033799668502,45.62031814057974],[8.28497364902632,45.63076268477526],[8.28227460204491,45.6340526345618],[8.266372313275285,45.63251572683812]]]]}},{"type":"Feature","properties":{"id":"cuneo","n":"Cuneo","rs":"piemonte","rn":"Piemonte","macro":"nord","mn":"Nord","pop":581676,"nc":247,"nrd":247,"rd":73.93,"co":162.34,"kru":533.29,"kin":137.61,"drd":2.6,"km2":6912.6,"dens":84.1},"geometry":{"type":"MultiPolygon","coordinates":[[[[6.853403888851037,44.52779950483179],[6.877302100602561,44.552796904912235],[6.91378976792207,44.558932773676],[6.912405353467266,44.56849746046894],[6.932940787624522,44.57496776209595],[6.938602236464961,44.60389734368734],[6.946807115897969,44.60697107933186],[6.950303733567948,44.61949785660107],[6.967940511840865,44.62231785777817],[6.947503929884284,44.65259940774696],[6.9636016483768435,44.678296465737645],[6.987101842465015,44.68959624508284],[7.0303990908628196,44.69139562237759],[7.061713410957495,44.68004008096538],[7.0732775672927435,44.68171322666793],[7.065694845699277,44.708173448785296],[7.070600969910749,44.718196248967224],[7.086957768683368,44.71532092930075],[7.119934475532279,44.72576084638865],[7.1279020069760355,44.73789600613951],[7.149326433770092,44.743258378980556],[7.158902218997702,44.760396549600884],[7.192491103840975,44.759510501384106],[7.278669419305204,44.780207933634884],[7.344697243234794,44.78279594221999],[7.3515980259617315,44.751930405649595],[7.3653499423311874,44.752228785584386],[7.368003038907333,44.759496776341145],[7.435659502894081,44.76661046788087],[7.440902194482617,44.77709649695981],[7.45649955765416,44.77769644699346],[7.4649375994871665,44.77348959995892],[7.449159706007292,44.77351045478558],[7.448987161879166,44.76537341632339],[7.470381466558306,44.75626367332971],[7.5056710048887885,44.76811112996884],[7.513802091538693,44.782796575040514],[7.529228873684796,44.783258946225196],[7.53490437364677,44.795097585336116],[7.564254158242893,44.79889850600131],[7.5649042006622205,44.81179759628809],[7.575499635354892,44.81959443393216],[7.580479070347499,44.80922436408434],[7.594873894291304,44.80937513934067],[7.593503284293807,44.834098079547566],[7.605098509536112,44.841395201766765],[7.614931708389984,44.831043202545075],[7.617399596576913,44.84559182501931],[7.627098280033638,44.83224740418769],[7.646698324606707,44.84089620472061],[7.652668620281315,44.818460755159215],[7.6639000431709805,44.82119551555761],[7.685108640245678,44.81032529897557],[7.7110004046263105,44.8169961988598],[7.761650870103453,44.81555916288663],[7.7814015763161795,44.84309700314598],[7.809334649612997,44.84354314130968],[7.809904105160944,44.854695455076246],[7.8486625242372865,44.833752025301536],[7.8634179951684615,44.82874634011471],[7.874999724081134,44.833695735568],[7.902662583616408,44.821869011527696],[7.910602440452549,44.83139682460357],[7.964599610902792,44.85659562710374],[7.978896558227258,44.84679760126601],[7.983892517601612,44.82758320522577],[7.994726628846044,44.818438901911314],[8.0260983076027,44.816196072976716],[8.043168765871966,44.80149328647618],[8.05540075764671,44.81109618161065],[8.077995833226385,44.80834391519399],[8.096199412159734,44.82199566747117],[8.106384701953882,44.8131468045889],[8.13069637562073,44.81009758973253],[8.128947322904452,44.79175564531734],[8.137593201242536,44.78340159055323],[8.113100939489636,44.769904539863155],[8.104552607421942,44.772006031532804],[8.099481194531794,44.75710364468918],[8.133097231752643,44.746696900629374],[8.151584344487699,44.71481611273664],[8.164499991344762,44.721835945518734],[8.163304084947594,44.73279605424535],[8.178044984928059,44.736540185814306],[8.18150277187172,44.75119616157965],[8.206498021320932,44.7505965654881],[8.209667345767944,44.73232881355778],[8.22641782781934,44.724559671934216],[8.238014584891138,44.723325188319684],[8.25689677848903,44.732195910203416],[8.265988896821202,44.70876846960259],[8.259597219955483,44.69660315305412],[8.224160207871115,44.67392269070984],[8.224596312001765,44.660000985591246],[8.194589116307654,44.628215728198896],[8.19666295652334,44.616586789707696],[8.21759803035569,44.61509706821138],[8.23439457868466,44.59869869787494],[8.2314251205939,44.59085899466934],[8.242496883568391,44.58199791652425],[8.245595308041803,44.56970512799422],[8.235356959638764,44.561591023621645],[8.252795960047829,44.528701610917416],[8.22368743208772,44.51324238458103],[8.216682271230633,44.49599037509744],[8.22329512113495,44.48570067319019],[8.197446550547493,44.475898168836046],[8.19714835449271,44.46365805599721],[8.21019589184523,44.45549859223066],[8.207965317267774,44.447661114137354],[8.221795647930687,44.42950048819824],[8.203597734644884,44.40490266884405],[8.15067791208205,44.38419882492329],[8.142306799221629,44.36792047960637],[8.14869565254006,44.35489982097303],[8.144197300083585,44.344902591963795],[8.13429774718421,44.332103791831706],[8.10717258627265,44.3322141414274],[8.108795706898123,44.31630050792819],[8.101997668569993,44.30100448490163],[8.07585659556458,44.3136079840218],[8.060244916021245,44.30071675593586],[8.06393323165179,44.28894518542034],[8.073199084063283,44.28869674132941],[8.090695567291155,44.274798185693925],[8.065905718133838,44.25424835939199],[8.080595585856116,44.241698640037896],[8.065771337678287,44.217280073116484],[8.074669011827966,44.20603333633064],[8.095495654798563,44.19699910486507],[8.097195299656606,44.17870056531497],[8.07473199839949,44.15993406417526],[8.06739837733303,44.14470319811491],[8.04300116813873,44.142803288804615],[8.028749558211745,44.15397172674256],[8.009989169151089,44.15554097834797],[7.980499394996329,44.13907735893065],[7.980827763747022,44.13361335341221],[8.01289456857287,44.119700601509265],[8.008341576403105,44.114392597091374],[8.015694247426847,44.110698074854305],[8.004600223515824,44.10230366802554],[7.971761832663162,44.11289155900328],[7.942399056662421,44.10010359087469],[7.925197668781302,44.11017304193265],[7.884002202773106,44.1046040216397],[7.879672270158198,44.11339163975349],[7.866506460212084,44.11796354550023],[7.815499224194277,44.123279775960405],[7.762131658652919,44.14071055288431],[7.723418528450186,44.120995505544954],[7.719539874997911,44.10405219338271],[7.73138415743691,44.08507537210504],[7.757188289707233,44.084995867432944],[7.7346589898711935,44.07368151280246],[7.727697379313494,44.06020387874428],[7.714303544921817,44.06160314891046],[7.713541793878579,44.08744615529964],[7.666403482709484,44.13070056881256],[7.677903429035104,44.145038122349455],[7.670604052909265,44.15260146331858],[7.672402781533004,44.15969839918995],[7.683092993222867,44.17147909681756],[7.674132124764667,44.177062995384084],[7.636308932468955,44.17699858491626],[7.6173985796492,44.14990381771948],[7.5653248862234825,44.15232581224342],[7.534787342740357,44.14710977630892],[7.5213989624188855,44.137803902632896],[7.503575998551094,44.14358776764417],[7.459999456889065,44.12590399659721],[7.430849065418227,44.13001923267396],[7.421500163802308,44.11350458217108],[7.3922324657356215,44.12526136389953],[7.355402323514195,44.117103625525225],[7.342628394415551,44.14473770342766],[7.278900289647301,44.14120411699289],[7.248402617769703,44.15790266910257],[7.24171196502717,44.172445447210485],[7.2197012551082755,44.16830313377596],[7.203827809086788,44.184939853353704],[7.1936027366249204,44.186903410063984],[7.185376148950661,44.200323806449866],[7.176300836136552,44.19900387351299],[7.163416927637386,44.2074380811207],[7.1417016445633745,44.20090430737354],[7.06924696605044,44.23351638823341],[7.033301495508486,44.2243038966951],[7.005262600697776,44.23736905134043],[6.9967028460079685,44.25060074632441],[6.994212414734243,44.280660554475254],[6.970101472339992,44.28540268912264],[6.956353818826709,44.298150081088274],[6.959117087565812,44.312827474170064],[6.9268027795744045,44.333202391521866],[6.921096924348965,44.35202430212804],[6.888903189721733,44.361102666889316],[6.896783121459308,44.3755010008331],[6.893503688947162,44.420897121313544],[6.925922431003095,44.42277236550855],[6.943877271320405,44.43243186621747],[6.91210276065482,44.452202271989044],[6.905654436962092,44.46828247494812],[6.875804265445882,44.482201803393025],[6.853403888851037,44.52779950483179]]],[[[7.469101964809803,44.763505866455766],[7.466663892353343,44.772864671286975],[7.475093867127133,44.76819951018204],[7.469101964809803,44.763505866455766]]]]}},{"type":"Feature","properties":{"id":"novara","n":"Novara","rs":"piemonte","rn":"Piemonte","macro":"nord","mn":"Nord","pop":364478,"nc":87,"nrd":87,"rd":80.44,"co":168.52,"kru":521.65,"kin":101.34,"drd":-0.89,"km2":1346.1,"dens":270.8},"geometry":{"type":"MultiPolygon","coordinates":[[[[8.31060527797318,45.69719972786123],[8.320200827085179,45.70389618295351],[8.365398756718685,45.70739599126129],[8.374893680574514,45.69830849701975],[8.390366871591619,45.70094478598603],[8.38320299822734,45.70880221512894],[8.378107835744506,45.73723761235394],[8.368606042135683,45.73970251995531],[8.370170844726278,45.745732045421896],[8.352804469069323,45.758701088320585],[8.356182680841517,45.76710306523426],[8.349907045076622,45.77229948868909],[8.374667429866136,45.7852520323599],[8.375203790837174,45.80569895230873],[8.381482640651615,45.81306202414749],[8.375403216901312,45.825100612757424],[8.377402955807232,45.838496787066646],[8.392622654150646,45.840011548500506],[8.399200895145253,45.85429381565539],[8.409228451817912,45.83213979467752],[8.417612128822798,45.83019859603693],[8.450959144425312,45.85759221958562],[8.457401986057004,45.876693256676106],[8.473597022080884,45.86739747609119],[8.476011723383552,45.855796072136464],[8.498296141883941,45.84729746273408],[8.500788990798052,45.83430542053568],[8.540277693576448,45.83898169895291],[8.545502426832961,45.84889769230626],[8.560297790417332,45.85179625055316],[8.563395827640456,45.836826663272205],[8.593694609457568,45.82819809672584],[8.55516046417746,45.79854443381665],[8.555704998421964,45.774960775275645],[8.594198241631902,45.73029586364395],[8.64874561606874,45.71953696688683],[8.654395670735308,45.707900968358835],[8.640865751982025,45.67834634407726],[8.68119625990656,45.67639721067249],[8.68039681543295,45.66800283951166],[8.670464140321378,45.66117265610532],[8.68846254874413,45.639738716126764],[8.67867689384198,45.633609320465695],[8.66393652920193,45.642172516697656],[8.65967203968202,45.63746928294033],[8.664685614122204,45.621636497350416],[8.685697317168344,45.61769623703041],[8.693413099377352,45.60389188292457],[8.70309724649975,45.599997455591584],[8.702896600160662,45.586802307925986],[8.694311819923172,45.577793755913454],[8.704897006827435,45.56999797315626],[8.710823790941957,45.54184394970092],[8.719494563961927,45.5310009182687],[8.713818288057828,45.51913288975203],[8.728209429546538,45.50239929771206],[8.760329781981888,45.49692340600603],[8.774779744973642,45.48462766441069],[8.787398324954657,45.48629600921425],[8.789415051355252,45.46242197532107],[8.810097133608513,45.44599845401315],[8.81160770514761,45.43530079586366],[8.822896797284505,45.429398460480684],[8.842896418905978,45.39380245109807],[8.813152811328663,45.3894178011066],[8.801499016160694,45.37920470179246],[8.767567021952532,45.38765460952991],[8.763628823428672,45.378182436949935],[8.723448598638514,45.37628528846244],[8.73683038266718,45.361728289533055],[8.760697353849608,45.35569668926748],[8.762596127622537,45.34870126398099],[8.744382920014868,45.340183392104684],[8.742197181123105,45.33210419341711],[8.727475936238834,45.334020340565786],[8.716197287438588,45.30290227230361],[8.690700757783695,45.292503726503966],[8.666601659805456,45.29220347787024],[8.654353172401153,45.32616009942593],[8.631702805233894,45.33840218372531],[8.628022209360704,45.35003668985719],[8.613775864884229,45.35436401127172],[8.578799443687199,45.347303331348186],[8.552250617901734,45.3571612156276],[8.529252354344177,45.34275601814638],[8.537916726761145,45.3172702523968],[8.521699078204547,45.31230347395053],[8.506371530654933,45.318759994466724],[8.49420032102847,45.311904553826345],[8.474833280162951,45.319841355270896],[8.46320333259748,45.33249890920178],[8.473601297467733,45.34329625716294],[8.49612807241961,45.347087369554224],[8.495665436444163,45.37366655645147],[8.468440961387206,45.38378864368964],[8.455203488798855,45.37820805132739],[8.42975478639902,45.41135445079042],[8.412232256197314,45.40777976530564],[8.408496975125695,45.39710349975735],[8.400504585335819,45.39630381404516],[8.408271132069867,45.44830662851725],[8.402203718743968,45.454902230571044],[8.402403549558434,45.46989693601949],[8.410795442504686,45.47178432164765],[8.411771575958502,45.47873290585719],[8.40070421635054,45.49160109318903],[8.40317770138525,45.53062010058133],[8.391304308355814,45.578199581212104],[8.390126104342341,45.618476297139175],[8.371610272640547,45.63542632342672],[8.354502774597943,45.637803201492986],[8.347006657929265,45.64510066899597],[8.351876554121441,45.65235358525246],[8.31060527797318,45.69719972786123]]]]}},{"type":"Feature","properties":{"id":"torino","n":"Torino","rs":"piemonte","rn":"Piemonte","macro":"nord","mn":"Nord","pop":2207873,"nc":312,"nrd":312,"rd":64.73,"co":225.39,"kru":515.85,"kin":181.2,"drd":2.63,"km2":6837.7,"dens":322.9},"geometry":{"type":"MultiPolygon","coordinates":[[[[6.627303466198337,45.101801505740355],[6.63340228745626,45.114896501954895],[6.672146066336148,45.12429773476723],[6.680301765414224,45.14039643196778],[6.712099603128857,45.14479655816957],[6.740401532482861,45.137194031918405],[6.769100972224765,45.1598959335413],[6.813199226357638,45.1484978678485],[6.848871640485544,45.12761859030858],[6.893865619597011,45.13751228695194],[6.896448582470637,45.14238458696495],[6.884404617274218,45.15749973927021],[6.893501463384488,45.168996049549584],[6.9424030503741525,45.17105786057918],[6.965321793735045,45.195316710919016],[6.960605003705618,45.20300000988871],[6.965701247107644,45.207696806497935],[6.99363549416439,45.21180859758417],[7.00319995540977,45.22009521969542],[7.029469228895286,45.21643394261297],[7.04216979726473,45.2258],[7.050898637517711,45.2257966202878],[7.068509855169034,45.210889873094075],[7.082089091262997,45.216190651108164],[7.107101658510024,45.243597496048146],[7.125258036803902,45.24499397607533],[7.136134552760259,45.25559510219499],[7.131403971573414,45.27399891455936],[7.135679966211042,45.280883740693504],[7.109203445439064,45.31870150485789],[7.109403379787476,45.327796461329896],[7.1333425466160625,45.3311931150552],[7.132903371226078,45.34729765153852],[7.158517052034254,45.358697467259475],[7.1632028010192625,45.38179807875282],[7.184905237265456,45.40418886574799],[7.1516576052047105,45.42267097492248],[7.114403472299519,45.433502307867755],[7.114159114726643,45.441711327910035],[7.101302758663835,45.454201968837545],[7.098804227134101,45.46129907914109],[7.113202313568412,45.473292387709634],[7.126302050214512,45.511697163789705],[7.137598569788835,45.51629555261909],[7.1409969871043835,45.51089880746785],[7.143695924791143,45.497001548113545],[7.137524744783657,45.490564573844665],[7.142412163511167,45.48031869978233],[7.157373282150091,45.486590622663265],[7.199498748122826,45.481196737660305],[7.222509517728038,45.470550827658926],[7.247547747453968,45.49396191763594],[7.263292548120993,45.49886887360236],[7.269402450372485,45.514696360468086],[7.322823933856106,45.51454495147277],[7.359200483126625,45.5257958555574],[7.37685261122418,45.51699799656949],[7.446604841635201,45.5551742048853],[7.470901468381783,45.57769680201363],[7.489300320141735,45.58309708117398],[7.531862282247629,45.57711642431723],[7.548401076890072,45.588797008980194],[7.565499743553744,45.591595461405156],[7.599098101987618,45.57849667276714],[7.6106408555287155,45.56345702288091],[7.6341745255544105,45.57078863169509],[7.676457926670038,45.5525978440353],[7.716300158589331,45.55899695408897],[7.73240196937092,45.55042143925902],[7.7853937738080035,45.57481101935295],[7.795604502846004,45.58639712861871],[7.830834661425182,45.59777839196738],[7.848800405412162,45.6021962817398],[7.890597788072309,45.596996686631634],[7.901795939313851,45.55850154999259],[7.883852586620804,45.537820173142634],[7.885375225108334,45.53094659601216],[7.923395139550722,45.52149717937176],[7.920704076899387,45.50841175163821],[7.966296804045341,45.482097418247356],[7.969614584290837,45.474182922452876],[8.038395910656748,45.4413989333721],[8.022307047184542,45.421465664547135],[8.027095686980859,45.403102244410604],[8.013861641187162,45.40429801824037],[8.009631764755094,45.39864084329076],[8.011855776954539,45.36858842907619],[8.024296353566243,45.36309737555215],[8.021296977779171,45.33010540495459],[7.990493987250824,45.34524709918426],[7.963117263015377,45.34556194268556],[7.964496637983241,45.331201131425274],[7.952935955962376,45.314338202249445],[7.9583372769511795,45.308571249675715],[7.977598802301336,45.31739658023617],[7.989996384809789,45.30749762884839],[7.990796893809146,45.270000735172395],[7.983861479955054,45.25837021395237],[7.99058091265948,45.231363505306234],[8.006607053658417,45.21491206200248],[8.045197124540572,45.1996966089104],[8.054627890741278,45.18251893213267],[8.094899479548115,45.187396473209134],[8.137800664659448,45.17849546911471],[8.15189028555033,45.16849692347517],[8.140088923822379,45.15960660565675],[8.143896063624208,45.14380164973686],[8.136335414203856,45.139016288111456],[8.136095931935388,45.12880106662753],[8.128999060078783,45.12300375274037],[8.096773678569992,45.12876303009786],[8.07529965336069,45.0974034480796],[8.047802785940043,45.10790235016904],[8.044864315100657,45.12804605166034],[8.025269487258385,45.13194389663534],[8.014500246896413,45.125203376473976],[7.992150999824299,45.12822767508795],[7.936613012289301,45.10958735680078],[7.930825379194493,45.1036922191848],[7.942095825351745,45.086300706045705],[7.9178007960460794,45.075305633501216],[7.906327049975731,45.09445509321776],[7.8961375128301645,45.09372592597037],[7.894325313640764,45.06119002841311],[7.9235978903890745,45.05489637430166],[7.932077762806118,45.041806795968384],[7.9379768539720486,45.043519130279144],[7.940802452107115,45.05709565777087],[7.957995615632392,45.04199847845403],[7.95389747369899,45.02970320010539],[7.921023981109668,45.02228002291571],[7.9169044689865755,45.00403743406924],[7.934295772325158,45.00049712832993],[7.928727787081924,44.98327433044415],[7.902865264343739,44.96618571605681],[7.9001970963468,44.94080225430818],[7.884488936760536,44.9335768199621],[7.891966079402604,44.91587397183601],[7.9200305360886984,44.91542660320007],[7.92619564593603,44.902199572335384],[7.915177759546583,44.89191413809938],[7.887840845278158,44.89635459661169],[7.886703551426609,44.88510029410529],[7.919096043645119,44.882497979593595],[7.931008961969115,44.85595527248045],[7.943394722665625,44.84630059208511],[7.911004230294886,44.83136631358895],[7.9026994194123565,44.821604174234764],[7.874824248862948,44.83335839165401],[7.864199419509138,44.823908095220844],[7.858608125639294,44.833679895410974],[7.832165194846468,44.84027422529326],[7.813954190317015,44.853483770357826],[7.811895732351037,44.84350344388437],[7.780986754560095,44.842684700525425],[7.764471650214406,44.82107946960685],[7.766194092045233,44.815403288743276],[7.711159618164955,44.816916497407796],[7.684800333068702,44.8102037731131],[7.664801278094226,44.82042490902151],[7.651304138606529,44.81890227818063],[7.653069423613882,44.83144665187048],[7.646359638880703,44.84049548574285],[7.639305185401007,44.83925526359476],[7.639196248777275,44.83210328001441],[7.621226896972042,44.83485641983496],[7.613200373854818,44.82990415788042],[7.603484730501963,44.83998396086579],[7.593506459385991,44.83310917079411],[7.5966958967069385,44.809802409119015],[7.578803737711643,44.809103416920905],[7.574079342855572,44.81741060699882],[7.56597026449987,44.81118757096099],[7.5646979296843675,44.79900259044305],[7.537282570111188,44.79571196636205],[7.529198405963394,44.78260368609786],[7.513534457057209,44.78236549155812],[7.505198654412076,44.7676039751116],[7.469799736922686,44.755904093213694],[7.449202567352372,44.764103082642904],[7.442950468108688,44.776871859304855],[7.437097464256342,44.76660348836164],[7.345008615823786,44.75190337429124],[7.348980069190788,44.76664829958573],[7.34415995683007,44.782005091395376],[7.295505261456834,44.782132029880785],[7.192199568101364,44.75940382337234],[7.159935355956709,44.760418479612305],[7.149497244606563,44.743302570976695],[7.128008960207211,44.737342556882204],[7.120697513764836,44.72600311115248],[7.065298848145287,44.71380381710475],[7.0411022822546965,44.71960369030231],[7.032501856114142,44.72790163440463],[7.023682062389491,44.73977249784247],[7.019403133836678,44.77569681149986],[7.000005601540621,44.78910100228569],[7.022194234596312,44.8208523492477],[7.009703084929072,44.82640316191094],[7.005371262526244,44.840138908004015],[6.969600944939642,44.84670347244237],[6.932708986254959,44.862818199752255],[6.912899069338391,44.844804068232186],[6.863001515909927,44.850803624133114],[6.785001594241793,44.88870338699584],[6.771738733861267,44.90270552265949],[6.750003720309853,44.90750203204573],[6.750903992147185,44.92409893982768],[6.758253329746065,44.93429843026625],[6.746208376811809,44.9386028822509],[6.764986549578297,44.95990239878214],[6.763092352139225,44.971402601071645],[6.737407714304404,44.99359799800752],[6.750795182768409,44.99764089951397],[6.743612324651511,45.015042905264984],[6.725992592015671,45.021531098141104],[6.675501494401625,45.01930342922257],[6.665403953808873,45.03170132454808],[6.668807182767204,45.044573225057974],[6.661904122034631,45.05400036774186],[6.66158623600766,45.070306518398276],[6.646103426069847,45.07500214989423],[6.645882007463281,45.08266305854266],[6.627303466198337,45.101801505740355]]]]}},{"type":"Feature","properties":{"id":"verbano-cusio-ossola","n":"Verbano-Cusio-Ossola","rs":"piemonte","rn":"Piemonte","macro":"nord","mn":"Nord","pop":153201,"nc":74,"nrd":74,"rd":72.94,"co":220.28,"kru":639.02,"kin":158.7,"drd":-0.05,"km2":2268.5,"dens":67.5},"geometry":{"type":"MultiPolygon","coordinates":[[[[7.868403755309649,45.93760082607067],[7.876932373861541,45.95087362006668],[7.877803334984181,45.972298037159156],[7.90880145615809,45.99739681125901],[7.988299933578429,45.99664455716333],[8.000402063797889,46.01149652356197],[8.012065258010024,46.012681825697335],[8.016504882139413,46.02434301324758],[8.012704524191774,46.03199900721553],[8.03386824296199,46.04459724135927],[8.02260350741489,46.068200623521236],[8.032702820209424,46.09839670586418],[8.10753211905874,46.111476347095085],[8.114903544384788,46.13029741115181],[8.150398629359259,46.14166349958477],[8.151177712109867,46.16502395896308],[8.164235232220612,46.183278672466294],[8.153503618329864,46.191602288267696],[8.138640779769693,46.2258105034978],[8.115668899186437,46.23694576021494],[8.108941975697366,46.24961891064612],[8.081306033939752,46.25820032929514],[8.137801081996567,46.30159584023636],[8.16173610387815,46.296259062875635],[8.203315356097272,46.30428263359556],[8.222934926443125,46.32462905592205],[8.22380335600466,46.333697989122996],[8.263654383506191,46.35127356573707],[8.263403758520885,46.36369753282012],[8.283083364401143,46.36403401809282],[8.312003532527703,46.37695380148555],[8.317702644164642,46.3854705430353],[8.315739649462042,46.39814657595565],[8.289705150389793,46.40860046938097],[8.300363042324056,46.41933463863959],[8.339229010458132,46.432752489437426],[8.364401164265383,46.451096341719285],[8.39343315693005,46.45229916245081],[8.431000261219948,46.46319770244719],[8.445463008868652,46.46367135960516],[8.461697563984316,46.45089813383699],[8.465795751553896,46.442900694322375],[8.45774647587361,46.43469845516556],[8.457746259422084,46.422951412041144],[8.468495378979325,46.41169988412857],[8.462027502648935,46.38673993181496],[8.46849673782711,46.36490055663587],[8.462108731652311,46.352858440256064],[8.464496417770645,46.33300115056908],[8.444380589514688,46.31928993937455],[8.440097222552982,46.30470223474972],[8.42900463437391,46.29758319438959],[8.456194942811884,46.26360171911159],[8.444008930480715,46.250340604321615],[8.46369734416883,46.24479679691913],[8.47000867232971,46.233073409765986],[8.532597162121485,46.21809745135502],[8.54044090909776,46.19831480672354],[8.563696819784612,46.18389672062659],[8.573394108595325,46.16493988995326],[8.60279434761432,46.15429758706803],[8.596187683136078,46.14226447116887],[8.612485664919113,46.12393050425444],[8.647698763458276,46.123196726518785],[8.659069693703191,46.11237887472065],[8.714793756715167,46.097998109685456],[8.705930656463062,46.08127418520952],[8.729096537032541,46.026799889096885],[8.71474326080622,46.00823623554709],[8.572068698284982,45.90158224159409],[8.57055620637732,45.8906676264017],[8.594575115364053,45.84487983820699],[8.593697742052543,45.82820425845276],[8.561804224724613,45.83750216596041],[8.558744726016224,45.85175058115462],[8.546071318750016,45.8491145342972],[8.541197953795121,45.83850364091976],[8.500001765516423,45.83400354037091],[8.496955904075524,45.84710243926383],[8.475103140546375,45.85620222085859],[8.472976067935258,45.867244175633246],[8.458636685898242,45.87354187239777],[8.451196700639713,45.85780227495617],[8.421722950744499,45.83634686533779],[8.420796613216062,45.82980369425043],[8.40920303681956,45.83120339813602],[8.400603581667973,45.85157973949628],[8.392797550640646,45.83950347669073],[8.377774439455099,45.837663918296556],[8.375586487323964,45.82499281429129],[8.382195553377507,45.81250068342165],[8.375625120384145,45.80543253167014],[8.374697148601518,45.784202927503586],[8.349899783701323,45.77230365270544],[8.339656084409139,45.775358761941604],[8.318201463700056,45.76690442911808],[8.316503239741047,45.79519980421281],[8.32821936795711,45.828261176268526],[8.323203478553026,45.84009723895279],[8.334297815748597,45.84743668331978],[8.327934191388287,45.855240916318714],[8.319002274361033,45.855103754596506],[8.315306621130384,45.86428917033324],[8.293703990484966,45.87050324724775],[8.299295904330059,45.88804024748298],[8.287601048055086,45.89020320300921],[8.267397167132437,45.90707446291174],[8.239001485350688,45.91090328055315],[8.229533548017288,45.920581393068545],[8.214501635329155,45.92400284270503],[8.204404089455599,45.93570052847778],[8.207536786555279,45.945210914390614],[8.198945624474337,45.9497721028106],[8.180723623548241,45.9489327903111],[8.15991731994892,45.93618191373883],[8.108244508265246,45.930633792454906],[8.086170897250163,45.92240916774787],[8.065120456385758,45.934973867919325],[8.043892903593404,45.93596454119812],[7.962299992427477,45.900804304719685],[7.906715749481281,45.92576880036861],[7.877001825985655,45.92640362595295],[7.868403755309649,45.93760082607067]]]]}},{"type":"Feature","properties":{"id":"vercelli","n":"Vercelli","rs":"piemonte","rn":"Piemonte","macro":"nord","mn":"Nord","pop":165878,"nc":82,"nrd":82,"rd":69.71,"co":197.54,"kru":515.19,"kin":154.08,"drd":-0.47,"km2":2088.8,"dens":79.4},"geometry":{"type":"MultiPolygon","coordinates":[[[[7.861903773473297,45.90869970327176],[7.877001014457964,45.92639643056192],[7.906299439838126,45.92589655895865],[7.962614988496253,45.90097332071186],[8.044300147326933,45.936296458025716],[8.064999163217585,45.93509646161829],[8.087292467677013,45.922554198406516],[8.107801189343878,45.93059670319332],[8.15949926217727,45.936090463601275],[8.192173981245071,45.95039439536022],[8.208995251396495,45.94509832131233],[8.205041573726474,45.93548913842173],[8.214703071890636,45.92407166147097],[8.239361196457956,45.911005875907385],[8.267298836575284,45.9076963457084],[8.287124085556343,45.89053917648522],[8.302793839312718,45.88619947515862],[8.294755408092222,45.871549074314274],[8.316696632799307,45.863497864627405],[8.335595925538136,45.84390223718029],[8.323160049540752,45.838634245037674],[8.329295591410125,45.82999834334628],[8.316719056174822,45.7955949847626],[8.317270307150448,45.76946902389865],[8.340100105566922,45.775596042203254],[8.357095757954612,45.76749885270272],[8.354010766823135,45.75809074086078],[8.377996995415527,45.73859681677228],[8.386991934017423,45.72039616570215],[8.382983535113654,45.70970846838932],[8.391895318517744,45.70349884636289],[8.383799759088943,45.696404349741826],[8.364385327757851,45.707131718483694],[8.320253272882873,45.70365414252915],[8.31248126590511,45.69695918675331],[8.355193641487462,45.65109945125454],[8.349892566677237,45.64583664154746],[8.354687235339485,45.638466098249374],[8.371398326558994,45.63569634394151],[8.390118295754057,45.61872963171516],[8.39153941855515,45.57739613422009],[8.403196078399986,45.53109902668303],[8.40087264515855,45.491807542979906],[8.411796634696776,45.47999830654276],[8.411696437018634,45.47140307026991],[8.402385314949157,45.46767838526607],[8.408298227964119,45.447772653471176],[8.40175679084034,45.39883130984384],[8.408284464438099,45.397817332517825],[8.41120261303506,45.40789695102696],[8.429000220482695,45.412095874332564],[8.456109367510285,45.3819647130765],[8.47059706919731,45.38439564310399],[8.496096989263064,45.374096997022676],[8.4994934445185,45.3478011630432],[8.4732132352571,45.34302351789309],[8.463004196726034,45.32823049953813],[8.493943900672747,45.312594390154786],[8.50695439810385,45.31944889875093],[8.51349470442421,45.31329996373063],[8.499863930657058,45.293305660938636],[8.512146982148806,45.29094217581685],[8.515729940726144,45.275088630667874],[8.53509720863108,45.277796851305915],[8.532497699120345,45.267060342953116],[8.542695565729085,45.252501265977955],[8.536879645740765,45.24472827834468],[8.554796825420208,45.24319579646116],[8.525074447459756,45.22662254443185],[8.52610887302511,45.21952781543539],[8.547210269864411,45.20336459675943],[8.533058492937759,45.19504236401643],[8.549564379150006,45.196232478784076],[8.557080275062093,45.20521080625836],[8.577798138112072,45.207996204831844],[8.58106261594068,45.202364572466095],[8.544759290709154,45.181777750706864],[8.54777857335072,45.16811688931552],[8.536353560693067,45.17533732738977],[8.507202855767424,45.1741028825135],[8.49778084131963,45.19473328745599],[8.474741157098979,45.2029353508306],[8.455211976655132,45.2035337828426],[8.440099297361524,45.19480422103935],[8.402250523589322,45.20441348167651],[8.36207357047051,45.19664774503364],[8.343897960303439,45.17310304751749],[8.328300471891882,45.169104204325045],[8.313527112523548,45.17653049058659],[8.294500164138249,45.17280403573013],[8.266305176785165,45.18054028594473],[8.215502639189626,45.163903972348855],[8.201400235847853,45.17789657612219],[8.172104400143034,45.159605126113],[8.171699255721,45.16971228203934],[8.145703188129747,45.168503705471366],[8.139789417800051,45.17716601399836],[8.119268017783009,45.182575291502495],[8.09429922591149,45.187202327722524],[8.055300330673727,45.182203443641434],[8.044480129867917,45.19955638708082],[7.999402274730247,45.2201023669311],[7.98010779043665,45.261496648490535],[7.990750061406524,45.270011819452456],[7.990256383467829,45.30655138116903],[7.97712326014502,45.317344585961685],[7.957200773407221,45.30790408119016],[7.952004448168507,45.31340032336155],[7.964456747152034,45.331517547053906],[7.958705684548886,45.34649571794298],[7.98999936909721,45.3453951546221],[8.020770669149986,45.33308926530711],[8.024266178217651,45.36162380819766],[8.012202611341518,45.36740248669351],[8.008103388768673,45.386999190436235],[8.014500281482663,45.40659392330721],[8.121476563842085,45.37665605337419],[8.150401529977216,45.40999642425429],[8.168109812897342,45.41153302594102],[8.16992881322818,45.41883195979764],[8.161304398379231,45.42460117616495],[8.166602432716038,45.43509806784879],[8.185500995869328,45.449496066315106],[8.20337867350018,45.44684240582968],[8.217904948716132,45.45382386226327],[8.21900280968489,45.475696996785494],[8.23064427761007,45.4774375473973],[8.24430543331606,45.493298673604514],[8.262844942698603,45.50145769604298],[8.267503475984022,45.51689653632534],[8.281272453743137,45.518989809468145],[8.27740393613427,45.532198497970576],[8.29274123473272,45.54227968701093],[8.295401456881702,45.55360342116363],[8.276302533858154,45.56350251043343],[8.271048507281039,45.58490707328009],[8.258703352942703,45.59440208055206],[8.25510486307479,45.60869854850544],[8.267803599331888,45.616911838322395],[8.26100398009963,45.621501459096365],[8.261405434132008,45.63329583382619],[8.28920628305083,45.63483402957047],[8.316828651887743,45.644554511953714],[8.26984789646804,45.68186068857215],[8.20219353138104,45.7246899358738],[8.184002372105947,45.729103264552826],[8.17940259628625,45.75156186777813],[8.123016640412045,45.75694633925809],[8.095898608256777,45.73770397176691],[8.083415818219384,45.73774033245341],[8.076997075784766,45.71870500720543],[8.064903357678,45.72350253572367],[8.058458521804507,45.74011168604557],[8.021381209098983,45.73747054757414],[7.996865982697392,45.719110263975146],[7.955434878457417,45.71860664505537],[7.936601841199878,45.72440272596724],[7.926987156597994,45.742218730772365],[7.900201733270604,45.74920339080222],[7.884903058954938,45.76020278556836],[7.863104072355403,45.7910007521864],[7.862304226436586,45.819898094875164],[7.87243657499428,45.82713114679397],[7.863904327544837,45.83960114423147],[7.8756562559542225,45.860412008702944],[7.868880024152002,45.86777020083725],[7.861903773473297,45.90869970327176]],[[8.531226124372864,45.24502018830691],[8.531670822825388,45.25279576553176],[8.523327223239523,45.25345918272412],[8.523161523082965,45.24923817628908],[8.531226124372864,45.24502018830691]],[[8.29947392923867,45.63579021970488],[8.268415046797669,45.616541755572975],[8.27842745242288,45.6120110558652],[8.310163399441983,45.62152368312431],[8.311963227533026,45.630461581750474],[8.29947392923867,45.63579021970488]]]]}},{"type":"Feature","properties":{"id":"bari","n":"Bari","rs":"puglia","rn":"Puglia","macro":"sud","mn":"Sud","pop":1218191,"nc":41,"nrd":41,"rd":66.61,"co":212.32,"kru":447.93,"kin":154.71,"drd":3.39,"km2":3836.3,"dens":317.5},"geometry":{"type":"MultiPolygon","coordinates":[[[[16.202504376661054,40.917600339847915],[16.232452330970332,40.9515543171799],[16.251899389974774,40.962729148744295],[16.265722999455047,41.00352242187704],[16.25400483227857,41.01470017139411],[16.266554894293634,41.024499072647025],[16.263143419800894,41.03326078772125],[16.32210251183168,41.106497410373464],[16.350387230079562,41.13234538346594],[16.337481378468627,41.14517110039251],[16.340004057190036,41.16659539743671],[16.357084032565606,41.162215750646205],[16.381061349271167,41.18151333361526],[16.38790202900702,41.19479649856885],[16.39712510774965,41.19430402646507],[16.418566676424955,41.1849980914652],[16.436296837191808,41.18819707782475],[16.45999739794,41.170397821096245],[16.470637877549866,41.150377788545896],[16.47740088706395,41.15519591813302],[16.502938846825323,41.15154592311126],[16.51445697797897,41.16866100726719],[16.51180345513021,41.18399920568668],[16.53761182025438,41.21248138689555],[16.542302093504922,41.22949601886273],[16.57123379612567,41.21863482151832],[16.58225560374127,41.20821991767277],[16.625955178090464,41.19496935976596],[16.660299625112327,41.19229668147407],[16.695698966251022,41.17782352026137],[16.779398598635545,41.159597151310074],[16.809606592299055,41.14042058849923],[16.83999957785438,41.13879646432508],[16.853131512389314,41.129580750215666],[16.870897852464708,41.135692867084856],[16.87345050090073,41.12574017157107],[16.890612995311425,41.118647787141555],[17.057024435269444,41.07712281199413],[17.142262188287262,41.03698288646858],[17.175398392662228,41.02909617226706],[17.2029162963714,41.00325897863391],[17.236998583915607,40.99309725974871],[17.28313327621401,40.96863687367121],[17.32684720888983,40.93635279111017],[17.350644335550637,40.90557282762262],[17.389289891409717,40.892199834600746],[17.341997378541798,40.86704258442608],[17.297247315082647,40.81817618688603],[17.310336875805582,40.81089377082665],[17.327299307352956,40.81159584657725],[17.363480572134907,40.786369917028594],[17.398596442496473,40.785597221386936],[17.390525656290613,40.765802597960665],[17.39440866160193,40.75037578901688],[17.350884437569633,40.74817250991988],[17.34019896265519,40.739403723955235],[17.30560184997843,40.74320326673816],[17.282903861302195,40.76720147121813],[17.295290536396948,40.77520905673099],[17.288903922429718,40.78699748135509],[17.30914872761625,40.788600351662446],[17.301791491932672,40.80095955713322],[17.24930068396525,40.80087739714541],[17.244128197835927,40.797440643999025],[17.25089656804896,40.769002026467106],[17.227699688259293,40.757203634752074],[17.19996846721218,40.76111073885107],[17.1600705991861,40.74380294948011],[17.1494970887639,40.71070271182382],[17.135995996490976,40.707893014689695],[17.104473020054748,40.714028365187495],[17.096626908584188,40.708715662446245],[17.0869040945981,40.71080264944583],[17.08242240501058,40.71999408085363],[17.061246264294535,40.72130642916057],[17.022601533931525,40.71310307589896],[17.000905705110938,40.7314003247239],[17.02011797100684,40.751182237024764],[17.014704092754318,40.75892984807385],[16.971599490632567,40.74140302777168],[16.926943057981468,40.73724533754971],[16.9232478100932,40.72613241390594],[16.93062816315043,40.71277821967859],[16.91189964768174,40.70710315374105],[16.899403724211588,40.708003404177326],[16.894924834237138,40.71592181179364],[16.870900951044582,40.711105429124025],[16.855977850676037,40.72341764667487],[16.81964062889346,40.70637901500353],[16.821794048226497,40.69390285457044],[16.808600120697516,40.691903287105994],[16.800902904082097,40.69440299957408],[16.7862065502233,40.731909042211896],[16.735199638422483,40.71100339453168],[16.666459832429467,40.74488005997974],[16.661596875541957,40.736804001533635],[16.649305831837864,40.73800277929687],[16.650512376073216,40.744278253097775],[16.63276433566329,40.753489329602495],[16.607900153786154,40.751803608387334],[16.57572766981546,40.76293418027422],[16.56803615196527,40.75492606288837],[16.577895447808615,40.74200022057461],[16.572499117657475,40.73690395970397],[16.56370213182045,40.73980280098264],[16.553262648197258,40.757636388540725],[16.53674992215472,40.75274035369895],[16.53310206181255,40.74595064471138],[16.540697185346012,40.74189754074902],[16.543996042184407,40.72560282470422],[16.538701037677615,40.724903803120206],[16.5211492535552,40.740240377275285],[16.521009747508234,40.74678489748141],[16.49955209512062,40.76090017346673],[16.4632986187892,40.72420286750475],[16.43049789579491,40.70480504572847],[16.413700743363172,40.701803887998494],[16.400202321281256,40.70740243212805],[16.3805008900809,40.73629575293507],[16.350102422656743,40.748903755823335],[16.316290635668217,40.782990389501904],[16.278202180511595,40.80160270170158],[16.25580324109023,40.82360257374539],[16.231203509236614,40.854902332788875],[16.22395774522668,40.88599207427256],[16.202504376661054,40.917600339847915]]]]}},{"type":"Feature","properties":{"id":"barletta-andria-trani","n":"Barletta-Andria-Trani","rs":"puglia","rn":"Puglia","macro":"sud","mn":"Sud","pop":376561,"nc":10,"nrd":10,"rd":67.79,"co":201.03,"kru":457.89,"kin":148.08,"drd":2.87,"km2":1544.6,"dens":243.8},"geometry":{"type":"MultiPolygon","coordinates":[[[[15.870305725453466,41.13990183929036],[15.926801785727788,41.18199599905383],[15.991913637785322,41.195734119340095],[15.994703957423827,41.2057978941712],[16.02005592171888,41.21995470481468],[16.01740343608972,41.23909841313953],[16.03721728349985,41.26502966942109],[16.009003273959035,41.264003351899525],[16.00842894955097,41.272997942565375],[15.983503250722462,41.30470333880197],[15.982001989025722,41.36072561043799],[16.033472652085983,41.37472615949325],[16.037426552720373,41.38144246537737],[15.936905532607565,41.42580152151637],[15.950201165722214,41.441696335333084],[16.041385282108102,41.42136636563723],[16.206998731186392,41.35939587175909],[16.26660320067327,41.326909263370204],[16.359098545721547,41.30469630531137],[16.42169807289455,41.28019669957077],[16.453207210798404,41.259817562670364],[16.481698179003576,41.25659614712058],[16.531898017166068,41.23879723340923],[16.54229590595693,41.229498674067045],[16.537996413548445,41.21280157836892],[16.51231747964063,41.18459627019691],[16.51479591600763,41.16890088141416],[16.50389775599819,41.15140371516343],[16.47785534367934,41.154448302897684],[16.472199547247875,41.14890491434135],[16.459715193347193,41.17052811862987],[16.435341416812626,41.18832829652165],[16.418999970453207,41.184503875075784],[16.395563850407665,41.194387965031844],[16.387722924905447,41.19395810593184],[16.35769786007202,41.16130435918327],[16.341877565480804,41.16468890469269],[16.33731689968562,41.14585589969416],[16.351795340488042,41.13469905163597],[16.26439875671063,41.03499268863963],[16.266596504648664,41.02390251454214],[16.25494654939606,41.01473357277319],[16.266395700464415,41.00529838178087],[16.2518971595552,40.96220214911461],[16.232212358711436,40.95132434376512],[16.20249844591412,40.917603922753415],[16.16311212120943,40.92835623967324],[16.138817340757885,40.918848099096465],[16.133596941092193,40.90610288425971],[16.121099219925622,40.89770546457581],[16.093453013436974,40.920334369914315],[15.97670276586025,40.95850220115753],[15.9719051588002,40.97209562749965],[16.002601507548412,40.970322746485245],[16.023412094251896,40.98717716862463],[16.031887489726994,40.99901374945836],[16.02790311493092,41.024098233481055],[16.03963045346391,41.02888487066457],[16.040137995808916,41.03639163531942],[16.00856612310682,41.058408841459],[15.998900994626394,41.05390488791807],[15.98023110700081,41.081537785998385],[15.981462566455091,41.089979882091235],[15.954106922362707,41.09310344733797],[15.959208581561446,41.10057860151242],[15.953018016998431,41.110634949553344],[15.92100117583574,41.11120278064664],[15.870305725453466,41.13990183929036]]]]}},{"type":"Feature","properties":{"id":"brindisi","n":"Brindisi","rs":"puglia","rn":"Puglia","macro":"sud","mn":"Sud","pop":375286,"nc":20,"nrd":20,"rd":61.18,"co":254.07,"kru":494.22,"kin":191.45,"drd":-0.08,"km2":1845.0,"dens":203.4},"geometry":{"type":"MultiPolygon","coordinates":[[[[17.295305703523212,40.81720133338324],[17.332495065809294,40.85151374232295],[17.34040439793087,40.86649786973916],[17.38929917810062,40.89219567441201],[17.49404353490794,40.822725449055575],[17.559130925774145,40.798229530212225],[17.707126457906252,40.75822548488397],[17.828003132797082,40.69510777598324],[17.87419890509103,40.68488976177768],[17.941997648028604,40.681995881982814],[17.952234112337486,40.664731445197205],[17.967784968567045,40.6597041489832],[17.960897398944027,40.65916052830625],[17.95502459437334,40.64644955924469],[17.998699139169428,40.64899571988752],[18.01469651376709,40.636498577059605],[18.018397300067704,40.62180583355444],[18.04519586075675,40.59719880049503],[18.035514600679196,40.56793282369922],[18.0973943354278,40.515399019362775],[18.08096221202198,40.493816119658],[18.08349543227196,40.48839960662769],[18.072817586857205,40.472482923714615],[18.07539580846843,40.46460130728142],[18.06910001025637,40.4604042359074],[18.057344288745426,40.47578322518843],[18.049001262048368,40.4743039314641],[18.03819859461647,40.48633070885919],[18.01750008709105,40.462604186889756],[18.00254264547406,40.46873613646057],[17.9754992882693,40.45460353296082],[17.953357641384887,40.45685041027036],[17.93569737899787,40.428302997412224],[17.887272873189154,40.422755155036356],[17.823909778549762,40.403764136808014],[17.82089678545781,40.39500247464886],[17.798302845693577,40.37960422348329],[17.790085922739348,40.390936664088336],[17.777500679220125,40.38990380680025],[17.768682862591135,40.39627051065677],[17.728603242614206,40.39150385929123],[17.71868293889892,40.4051465764167],[17.693302687470318,40.411902722441546],[17.6817656300219,40.44068374945635],[17.637802789551476,40.45160277654664],[17.634142614550104,40.46042995033562],[17.609274352861444,40.464633421792755],[17.585126435921882,40.46004211598171],[17.59019499972591,40.449500016530564],[17.577299826278722,40.43850413206082],[17.566479333964907,40.442621035611644],[17.55990058938088,40.43710562697634],[17.551435140945465,40.445693364705896],[17.546298578702668,40.4385052925708],[17.519803636834144,40.45840156591644],[17.51996759602272,40.46891370819154],[17.51138509219449,40.47840821850539],[17.487002655446677,40.48210282894097],[17.48022477634209,40.5026827131698],[17.45360253209829,40.540401721798226],[17.448322778933786,40.55496833680136],[17.45750273106863,40.58099850479996],[17.473667245037923,40.5965219293706],[17.47326579329648,40.610115916277465],[17.427049063069614,40.6335376766413],[17.41755445721991,40.68261303217438],[17.39670269725346,40.69500220060095],[17.386183006190112,40.72130149636717],[17.349803576439438,40.73290269771333],[17.353701446309703,40.748596250457844],[17.39381378762271,40.74993762699374],[17.38980421932735,40.765699749058975],[17.397858956989463,40.78465881332927],[17.371948134251927,40.789476892832816],[17.364300238684237,40.7856041120953],[17.328037590720786,40.81072995518584],[17.295305703523212,40.81720133338324]],[[18.063546013777618,40.480628131439985],[18.073082699401017,40.479985161075035],[18.06890617443973,40.48580889751663],[18.063546013777618,40.480628131439985]],[[17.42371529831542,40.687140217376296],[17.418360522767284,40.68264287596432],[17.42328059389859,40.68245195183748],[17.42371529831542,40.687140217376296]]]]}},{"type":"Feature","properties":{"id":"foggia","n":"Foggia","rs":"puglia","rn":"Puglia","macro":"sud","mn":"Sud","pop":590304,"nc":61,"nrd":61,"rd":49.6,"co":203.85,"kru":434.34,"kin":221.36,"drd":2.76,"km2":6975.6,"dens":84.6},"geometry":{"type":"MultiPolygon","coordinates":[[[[14.934004195114625,41.6194007477468],[14.960999753335315,41.64569608647731],[14.988697137336207,41.63789663186612],[14.99205146868466,41.629014449471164],[15.007725866065556,41.622532387544894],[15.022604610656224,41.6228542977894],[15.025503152116212,41.63419715976857],[15.042831053308538,41.63785574589914],[15.054201554984596,41.65949626172899],[15.069558673380488,41.660221923354214],[15.086232246753317,41.67008714520533],[15.089401390606659,41.68159511928054],[15.101484240353514,41.672617032169576],[15.106003466873503,41.68559692414264],[15.117734795938933,41.69405303097296],[15.153831192856318,41.70706219034629],[15.121102734971752,41.720203027142446],[15.102903345862083,41.741201365246575],[15.103203166981865,41.74899670886956],[15.110481324853609,41.75262081721248],[15.097404195087067,41.766001252350435],[15.10100287813169,41.781997582369385],[15.114885185291241,41.789699026000434],[15.115785948594949,41.80410291315033],[15.11543902011589,41.815325736134874],[15.100219265763801,41.83387100810087],[15.103702726127993,41.84669752087958],[15.114740317606728,41.8511159686308],[15.13844552921327,41.87962963176137],[15.131403974820543,41.90309970471521],[15.138001777995092,41.926696456429816],[15.33592863271597,41.91680509766315],[15.363303957848613,41.90321904754757],[15.41919950087557,41.90079927174547],[15.623100280943738,41.92739589205259],[15.686754185251944,41.91439900525644],[15.777232003552815,41.918602964699666],[15.933234682906054,41.934491901384575],[16.01210067341072,41.9503965088728],[16.08369929353562,41.94109551434357],[16.118338596801422,41.91646213861852],[16.153296675081183,41.90849729687406],[16.161618797721612,41.890835889810965],[16.17649661052361,41.884797783675715],[16.17675203496002,41.85483978986138],[16.199694733929633,41.82649992784111],[16.193095433258442,41.78250186182793],[16.186597488212502,41.77210328015825],[16.167589254774516,41.76598336392297],[16.16319711539618,41.75460257046387],[16.104930697801887,41.72965355657662],[16.034798587196043,41.67720367962718],[15.943880320990091,41.6425693616909],[15.903062404219135,41.61771282030798],[15.895485679808612,41.59537968936324],[15.898558768505804,41.5500417664887],[15.923927918178075,41.49651433668305],[15.962402891754035,41.45783140549731],[16.02469643193108,41.425697586634556],[16.024696469036307,41.42140497309908],[15.979506893847994,41.43820595188529],[15.95120299005262,41.44131153319717],[15.938980368266204,41.42726030362134],[16.038795020782235,41.38049965334005],[15.982081513035759,41.35775141246262],[15.983569627341218,41.306767003689],[16.009460607929228,41.26529679506095],[16.040293282350028,41.269895348451094],[16.017510984118942,41.23888642639927],[16.020696059368326,41.220701181475405],[15.996008911537734,41.20626262804449],[15.991598101891347,41.1954031690512],[15.926864785468934,41.181854847319734],[15.908698288266146,41.163503555579155],[15.873438841315103,41.14377538832538],[15.864198307859422,41.13080345893001],[15.846599749183826,41.12560366180802],[15.834190827030836,41.12932903905493],[15.825098397475083,41.11790331143275],[15.806010408131966,41.11151040813196],[15.798697606652079,41.092002451430446],[15.768400518478668,41.08320405530461],[15.742698160460272,41.099379930192384],[15.729972290154913,41.09876087507113],[15.725129070190427,41.090786397022825],[15.67940108972068,41.08680375944434],[15.617957238925827,41.09918353226722],[15.587506738953211,41.098231515595536],[15.559765738002945,41.08771559720373],[15.542583079087038,41.072183754901125],[15.542896460074925,41.05590401739371],[15.476680940780756,41.07820337812867],[15.446201251696744,41.07800300916521],[15.398661802105494,41.10649211281029],[15.366499850200237,41.0848035836581],[15.351249246100432,41.0945925877193],[15.314583727781711,41.10326074413187],[15.291700662797625,41.09350305109821],[15.26720231345081,41.10660265019379],[15.236111421150131,41.139442203352694],[15.217501194735961,41.144102781505794],[15.20840617243014,41.155972834675666],[15.209403093790842,41.16769786407013],[15.223549036476161,41.181938003269025],[15.261063843602246,41.19862632213673],[15.248972047799064,41.21787453920249],[15.24620336915144,41.23609750674163],[15.27679739986617,41.24003085248959],[15.275881873322948,41.24907474966905],[15.24698328870678,41.271339573371044],[15.220502075068566,41.26520370708574],[15.216136422181563,41.27487527508292],[15.196469329616063,41.28622002328617],[15.149098455937217,41.2804046807433],[15.136305470129122,41.28690097181764],[15.13674326127167,41.29724645583817],[15.12670399280442,41.30290178096637],[15.128456451795875,41.31706409955161],[15.072202356420977,41.332502771401124],[15.05850370572084,41.37219801213111],[15.09602045805839,41.39107488011649],[15.086604158978137,41.40420125511711],[15.09175365477181,41.417842840885235],[15.102175666650648,41.42224466156332],[15.09912317660809,41.432151596956196],[15.0762008084248,41.432803894386474],[15.046902010368905,41.44340380177791],[15.041681607382715,41.454323643515345],[15.032502243692083,41.45270435203419],[15.023053206473037,41.47728178460364],[14.966128922885275,41.51909459417205],[14.94045150334207,41.52365819598952],[14.937004602711218,41.543899224825815],[14.94995829437427,41.59272988419186],[14.946178210653347,41.60925438246694],[14.934004195114625,41.6194007477468]]],[[[15.50150668046375,42.11980065809968],[15.509490109527938,42.12603767615502],[15.511101471424851,42.13909621488691],[15.51769311009963,42.137698045419626],[15.5121796464481,42.131234954308354],[15.517193925488728,42.12570055262916],[15.50150668046375,42.11980065809968]]],[[[15.476303958982204,42.11159841065971],[15.484090073090616,42.117410908030685],[15.491399139732426,42.12549402471335],[15.496195540801345,42.11550051297034],[15.49089706784519,42.10890326026546],[15.4827995277417,42.10370423820283],[15.476303958982204,42.11159841065971]]]]}},{"type":"Feature","properties":{"id":"lecce","n":"Lecce","rs":"puglia","rn":"Puglia","macro":"sud","mn":"Sud","pop":763778,"nc":96,"nrd":96,"rd":65.11,"co":253.75,"kru":505.34,"kin":178.19,"drd":1.03,"km2":2767.3,"dens":276.0},"geometry":{"type":"MultiPolygon","coordinates":[[[[17.763904566735093,40.296203109004125],[17.768002575193577,40.311596484284664],[17.785050317332082,40.31236962396842],[17.779604757664014,40.327998288110194],[17.791717058203265,40.3363618500478],[17.799112304574294,40.353344947738925],[17.79830423788155,40.37959727072949],[17.820216786846654,40.394972867730324],[17.822502742053125,40.40339727446219],[17.886301841097758,40.4226964121527],[17.934517566801404,40.428135477712274],[17.953301172420833,40.457595823356655],[17.97545418142544,40.45482743887327],[18.003031113890685,40.468792106799974],[18.018662285082616,40.46340761074336],[18.039899102937326,40.4876950320561],[18.048725110485854,40.47529353331703],[18.058320328202598,40.47745431896981],[18.061238755730923,40.46585549750435],[18.07025262344146,40.461238018114564],[18.072584968527003,40.47532724791694],[18.059803600430588,40.47939839468645],[18.070698334827085,40.48779464479599],[18.07747703762848,40.48048963391337],[18.09740083559183,40.51539534141274],[18.126135978306056,40.4941252548179],[18.20289875590869,40.466996419772684],[18.249140437265087,40.43744407642383],[18.27915312287047,40.40723173413026],[18.305496318388894,40.391997791850955],[18.306150046573578,40.38283894932648],[18.317313440831672,40.37201800868225],[18.362698558197387,40.341598483362375],[18.386009228419166,40.3145108685634],[18.422845588060934,40.29414752072054],[18.431396219836422,40.28429894268018],[18.43019674646271,40.2732065393351],[18.440497197629035,40.269496335603215],[18.461196358240056,40.2323981681999],[18.464496434297345,40.22210040992442],[18.458763441803345,40.203006529287705],[18.478995611858725,40.17810006032554],[18.488831251852222,40.147747311054395],[18.503298925843207,40.14709605265002],[18.516395113049448,40.13320193216366],[18.507195044558298,40.124442882654016],[18.52035839227369,40.10704174918317],[18.48398804393009,40.07725871024548],[18.475196985158153,40.04420239988837],[18.436370009757873,40.02470663408176],[18.4316973503783,40.0006034963191],[18.416856270384518,39.99405532625466],[18.407786119816063,39.974983722274274],[18.391083449822055,39.906917859802284],[18.399096963567082,39.88899978012125],[18.385482225085426,39.841144891457],[18.389296659473505,39.81560175503328],[18.368899199655736,39.793704250847206],[18.36106954403217,39.79766348870056],[18.34623233558833,39.791523655038226],[18.273147977771444,39.83308400740952],[18.204801135941636,39.838603332284244],[18.15120127770205,39.86120298894476],[18.047502796398906,39.92870251210704],[17.994803839752482,39.995201748887226],[17.993704520383474,40.000194762378726],[18.00639173671991,39.99595582488835],[18.01747787871086,40.006771015828605],[18.018932875858287,40.02760186959958],[18.004197680407156,40.04729072349488],[17.98240898148116,40.05480078795821],[18.005584907107664,40.073308502719435],[18.010802484469657,40.106693993022745],[17.98768187931097,40.139779116373134],[17.963902617799707,40.14760284979338],[17.919850381197232,40.19203565173819],[17.924038211232755,40.21823919261072],[17.90620447972253,40.238303824064666],[17.904844859265467,40.25566659117888],[17.890501463287688,40.25870372165639],[17.856224956834073,40.285494379618925],[17.839398904507053,40.28060390456027],[17.816227983575015,40.289604944109385],[17.763904566735093,40.296203109004125]]]]}},{"type":"Feature","properties":{"id":"taranto","n":"Taranto","rs":"puglia","rn":"Puglia","macro":"sud","mn":"Sud","pop":550046,"nc":29,"nrd":29,"rd":52.94,"co":238.69,"kru":480.36,"kin":233.88,"drd":-3.42,"km2":2450.6,"dens":224.5},"geometry":{"type":"MultiPolygon","coordinates":[[[[16.696605230894185,40.702100678848986],[16.704499749636256,40.7111943254624],[16.709524840315346,40.70625444098873],[16.724900363451393,40.71379659896945],[16.73572226784765,40.711328475546374],[16.786898061564248,40.73319531921222],[16.80051876179919,40.69550177514517],[16.808055295334672,40.69209031083328],[16.81895025143566,40.69471103363102],[16.818003961828136,40.70629712124101],[16.84162782755047,40.712557927040585],[16.856599726185156,40.723695934284216],[16.870816331263583,40.71314641271965],[16.894500024526497,40.716396282888574],[16.901074652317604,40.7081221225006],[16.91216555471349,40.707193646170566],[16.928873885830892,40.71319832827515],[16.923003847533728,40.72610050326278],[16.925903012080617,40.736797413576035],[16.97198418785808,40.741561681958096],[17.015499016923485,40.7597952411951],[17.021295374540856,40.75230017063155],[17.00276618571114,40.73120564100966],[17.022954349193448,40.71318502240289],[17.060600790409854,40.72139591998543],[17.081899311934773,40.72039620700489],[17.09528874567808,40.70900241164041],[17.103369887742648,40.71409573204625],[17.136304314871854,40.70794269265979],[17.149274936990793,40.71148943184741],[17.15980188283484,40.7436972322126],[17.200600414070784,40.761395953073816],[17.22798652696226,40.7572979602493],[17.249828030855266,40.768473000757304],[17.242804746115777,40.79989740076472],[17.301597618388083,40.80209601075693],[17.31159414879585,40.789201052533286],[17.290467083299,40.78701169301158],[17.29719557528922,40.7734030325578],[17.285516319035224,40.772507633628535],[17.284250592603637,40.76652582722438],[17.306583048973348,40.7432169305169],[17.339685116899496,40.73961678863781],[17.35369295946647,40.74859572532563],[17.350922988066113,40.732822642244365],[17.385598353941283,40.72199685332333],[17.40463542014845,40.68845425078216],[17.425695668446302,40.68789787094593],[17.418350043224017,40.678461335955696],[17.430381823090542,40.629304170668775],[17.473396946787688,40.610597527694125],[17.475368693018385,40.60032993199353],[17.45754390250137,40.58097596434546],[17.448483297357825,40.55475863030307],[17.487383110105235,40.48250814070179],[17.51099849326341,40.47889685410781],[17.520196391466172,40.4689986601481],[17.520661044857388,40.457664362249865],[17.544189345591438,40.44022372225091],[17.550001577448235,40.446795544591126],[17.559503705746856,40.43903012384821],[17.577829012411446,40.439386346836415],[17.588468612056133,40.44865608458533],[17.583802164542902,40.46019654062299],[17.625272111435432,40.46248330753809],[17.635997259838025,40.459997304362695],[17.639142777834564,40.451361342585564],[17.682696597457138,40.44069702349295],[17.69352702802378,40.41233323219363],[17.718598259987125,40.405296807545035],[17.73014354636158,40.39220942070125],[17.77149625221288,40.396895768995826],[17.77723250136978,40.39010531585376],[17.789598926439066,40.39139619401501],[17.797496953956685,40.38509825181876],[17.800196126309075,40.369438020945196],[17.79202874705382,40.33676707645891],[17.780725546798582,40.327278274894965],[17.78529683229339,40.31080353195236],[17.768504164989096,40.31091170200222],[17.763826668565205,40.296197152177285],[17.678507151164375,40.304698956754656],[17.51053743474619,40.294622411434204],[17.49489475327031,40.30973638077544],[17.45800183159122,40.3169028337021],[17.442919489561202,40.32973429374279],[17.386066898444263,40.33727935233202],[17.37798982743444,40.347118923182606],[17.31127258297181,40.36627414853059],[17.256502342122598,40.39543966569278],[17.22260386007856,40.40856822633968],[17.203402641442775,40.408203458488096],[17.20880191212952,40.42119699380666],[17.230173088035148,40.42414094139995],[17.254553437140096,40.44176622765195],[17.246869377081012,40.46195960194575],[17.22021960588463,40.47918273160978],[17.181865135091503,40.48136934819223],[17.181279637625522,40.48899267341714],[17.162746117357923,40.50465058102215],[17.147004932290812,40.49510728795092],[17.146020914638058,40.50980074080414],[17.11311677967658,40.51966816522232],[17.071547232430458,40.518166536627625],[16.993187077426043,40.49373628226085],[16.909548088445128,40.44173520074183],[16.866498794858934,40.398103597656096],[16.85060227844461,40.401303610465696],[16.809403617660852,40.43300208533056],[16.809563818045337,40.44686085497468],[16.802261827076403,40.45763065601768],[16.74380039602326,40.464703222659644],[16.720568850976335,40.479268527852064],[16.736417945581323,40.510045515963505],[16.715804863078013,40.52430022275978],[16.723139654127152,40.53622065159614],[16.705703853727396,40.55020182207304],[16.71625893631474,40.581869002517436],[16.711805069580222,40.59279716575938],[16.72482613716152,40.59986394956926],[16.712602897389786,40.61560134528137],[16.7098041482841,40.632799586406456],[16.726756508510412,40.68601943677398],[16.696605230894185,40.702100678848986]]],[[[17.151003891028274,40.445902938118685],[17.160599240786404,40.45319646106276],[17.16689338990539,40.44810117757836],[17.157199704720995,40.444803869304266],[17.151003891028274,40.445902938118685]]]]}},{"type":"Feature","properties":{"id":"cagliari","n":"Cagliari","rs":"sardegna","rn":"Sardegna","macro":"sud","mn":"Sud","pop":417079,"nc":17,"nrd":17,"rd":78.6,"co":255.07,"kru":441.38,"kin":95.04,"drd":2.09,"km2":1253.0,"dens":332.9},"geometry":{"type":"MultiPolygon","coordinates":[[[[8.822203220206069,39.11840201280181],[8.826402052793274,39.14869611129879],[8.837298820012965,39.14900246689785],[8.842402713424518,39.16869762664081],[8.854866182955796,39.17974329576467],[8.859799481879662,39.22946941793235],[8.851703487619057,39.23540196441934],[8.852694491331013,39.251112963029996],[8.864458485127903,39.27733599790552],[8.940758354727677,39.303220307500126],[8.9402039030781,39.325098806197516],[8.961501406267208,39.342096829836734],[8.978299009306628,39.343096873692275],[9.007110469754172,39.327274864328444],[9.054822965057232,39.337639863332726],[9.07897012847537,39.35299522935542],[9.093599249855846,39.35199703439831],[9.132581467422362,39.333163562274045],[9.149798288539232,39.341695124358864],[9.155430009090294,39.330912063954884],[9.187788934200894,39.32852599252478],[9.242570591778508,39.34829542987646],[9.26843474115324,39.37788567037764],[9.274004095637773,39.408798238775695],[9.281000642593002,39.41319669637617],[9.296371891920975,39.41056389245743],[9.368527425952532,39.42338818562018],[9.370396502638098,39.396101156379565],[9.332763522557572,39.348860146322686],[9.366653344155898,39.314963436071906],[9.410697645444127,39.31549684980334],[9.442696728218213,39.294597564310166],[9.446463239707516,39.26765696953086],[9.4863958451327,39.20719967305406],[9.473996914631227,39.16080127083136],[9.449464703203613,39.140799718157204],[9.438999108628039,39.12200499236856],[9.432234601300575,39.13126990562826],[9.392204380964785,39.14460216162155],[9.393698773167754,39.15504343892011],[9.371105099021598,39.173722161493885],[9.352638158300119,39.17743316149124],[9.337783510839413,39.19397753210161],[9.319388599982448,39.20469791334402],[9.304301436546234,39.2048036853842],[9.296782691493219,39.213272734747704],[9.247300822661824,39.21650352076397],[9.230181957564032,39.227925593604596],[9.211082814046675,39.22705293732926],[9.165202625009643,39.204669809173275],[9.16083508522904,39.194140438556275],[9.168994969199224,39.18819902295327],[9.158700156234156,39.181404815302194],[9.146001196930586,39.18400280171738],[9.110415672126779,39.213735715105344],[9.095236809247137,39.213753158859134],[9.038197262128095,39.17198222731757],[9.019391196045,39.14942494398091],[9.009463968247362,39.12219918728257],[9.016340003540112,39.087575360596226],[9.045696535967064,39.056100136672086],[9.024542762536813,39.02050300575606],[9.024195857204202,39.003801392855365],[9.011697919650905,38.987103643983026],[8.996264733473556,38.98501467923859],[8.967362514330675,38.95635122319606],[8.910699642963845,38.915504365344106],[8.903703763536122,38.92419992178106],[8.910993266475252,38.94117619000124],[8.909909147206129,38.95693637150687],[8.889003201285727,38.973403095808436],[8.831804364405134,39.04730018350565],[8.852685102194803,39.084706467628045],[8.842557388542728,39.10676683232771],[8.822203220206069,39.11840201280181]]]]}},{"type":"Feature","properties":{"id":"nuoro","n":"Nuoro","rs":"sardegna","rn":"Sardegna","macro":"sud","mn":"Sud","pop":195437,"nc":74,"nrd":74,"rd":80.17,"co":203.81,"kru":393.06,"kin":65.65,"drd":1.27,"km2":5659.7,"dens":34.5},"geometry":{"type":"MultiPolygon","coordinates":[[[[8.611104281088423,40.307800685536066],[8.620197591289045,40.31899575899985],[8.635198103496409,40.311996532486276],[8.644247772315044,40.29754625245225],[8.658501903726274,40.30899678736651],[8.677725790576146,40.31392077437117],[8.691301712414297,40.33069650044092],[8.705913329043597,40.3321252371154],[8.71020294557391,40.341296833851764],[8.726699471500126,40.342621889976414],[8.737201787872635,40.353296298779625],[8.773116556057746,40.35130765642462],[8.811098250658388,40.36418226099516],[8.816123704276208,40.377079268419315],[8.814304044600856,40.40829768756866],[8.826999939828932,40.412996577477074],[8.85249863618446,40.40759668529835],[8.855966570562058,40.393858504639766],[8.86401368370439,40.390044815196745],[8.897898468732187,40.405695790069835],[8.900634926141365,40.38875301287526],[8.948798061048624,40.368296940581054],[8.990902340394882,40.323621423348186],[9.02622941708176,40.29916161879927],[9.042130549479142,40.312583593819],[9.041902740702511,40.32649745264478],[9.061437835619095,40.336667649148715],[9.121900919595927,40.35919734879941],[9.18251217655897,40.37190131831712],[9.187503581743908,40.38979758294195],[9.22476428247767,40.41148015609424],[9.227803655253666,40.429097832575785],[9.251201959037006,40.46639633896062],[9.275504422601488,40.46970217228395],[9.283682009858198,40.47735953533941],[9.276309289695005,40.510901831080794],[9.227000191718801,40.50150342651774],[9.182405214265474,40.50860233361279],[9.190637588044025,40.51802697211142],[9.189402389193132,40.536896266389505],[9.237899318853852,40.53969613015508],[9.287074493412684,40.52676078511779],[9.297672644501395,40.537336776278835],[9.371691932330167,40.5718243476694],[9.376902069557211,40.58339732240743],[9.392800509517963,40.59424668003789],[9.378603848925533,40.61639637300747],[9.394833715896569,40.618358633705995],[9.413689175573731,40.633541814255224],[9.421301641389649,40.65879648979399],[9.465099913798838,40.655796205190725],[9.48638221575004,40.6458719892968],[9.506799009610468,40.65359641594906],[9.512830641424008,40.64989136203185],[9.563005774488955,40.67974020382796],[9.583000824039438,40.705995560565356],[9.603061373934716,40.697035601422385],[9.62409979974235,40.69909712820321],[9.651398023868849,40.69229698490694],[9.677407774011435,40.662577266279854],[9.691901410598874,40.67909604999653],[9.736897309386466,40.67189682167445],[9.749883353885554,40.65607324290356],[9.741911054025707,40.63260069026176],[9.752115103306032,40.600294170489256],[9.788296684853615,40.572697480508914],[9.79872529699089,40.5425145166967],[9.827196515792254,40.52739945449034],[9.819858400089299,40.49611374697414],[9.792596998564347,40.443103159949864],[9.774226882709215,40.42238769338146],[9.763897440615565,40.39080176374492],[9.754198479667595,40.381103798682624],[9.730361422580911,40.375304392323265],[9.682309893447483,40.33699075904678],[9.63229723054473,40.277212212324045],[9.623914557063447,40.252796635978974],[9.625921079361566,40.207338343957524],[9.633925362173795,40.18012728270043],[9.685457400632913,40.111521407189336],[9.72899769888906,40.09079662434453],[9.735595937125288,40.07880057996794],[9.705416943898419,40.03332751480472],[9.69999646201532,40.000701550482574],[9.686555958382705,39.98319185968012],[9.687328814252304,39.94780642018104],[9.699157969912612,39.93633280710424],[9.712697507083103,39.938995663745146],[9.715896293273438,39.92840017644693],[9.713197920045625,39.92180462510795],[9.693596118172042,39.919310323872786],[9.683202439434147,39.90473122274109],[9.682299534630186,39.87156156781198],[9.696695562724244,39.85340028177273],[9.677086902142285,39.820921393552965],[9.668531473869223,39.777001207949674],[9.675996241143503,39.71090077112496],[9.661311679700495,39.69843026259117],[9.664195808309122,39.68269995089197],[9.64716580978272,39.6516907130518],[9.6567027885218,39.6057247099114],[9.651296060742709,39.549305327451734],[9.594395192937121,39.57368184953427],[9.550202485906057,39.57540316002906],[9.537017617721768,39.588124828367036],[9.523702856514326,39.588603611692314],[9.523068345694737,39.601135596432975],[9.51280244243128,39.60580273604779],[9.505747103178532,39.62064569431575],[9.485601756369007,39.617203166542744],[9.455083506255558,39.64156017262788],[9.43898280182551,39.64117849177511],[9.434097297549215,39.62640278969977],[9.41670571739023,39.61720850180595],[9.418794246629716,39.626786410214365],[9.406903318215468,39.63650155378417],[9.396102999226544,39.662300062328626],[9.403099823419156,39.69518094513781],[9.386203285847557,39.7147028088529],[9.385505479314517,39.72452250683756],[9.400143787151743,39.73536333497906],[9.408233288995605,39.75450611534092],[9.403888282238254,39.765101477218415],[9.363203051433661,39.8018017632172],[9.361510430919548,39.81322943789717],[9.377070001455941,39.8225620145073],[9.370403388712072,39.84099715895678],[9.397545512410801,39.84258865121682],[9.404897292151297,39.8487631282923],[9.406103477703844,39.86569874252601],[9.416440699220036,39.88300882011777],[9.38546679390093,39.91593994263878],[9.354901113488872,39.903504138779915],[9.281825469769107,39.917380993158964],[9.245164237068996,39.917958394467604],[9.231899287160651,39.91060324232997],[9.213089046402803,39.91389640329602],[9.18964278731523,39.88203138243182],[9.19499462124554,39.86720424593878],[9.18710442636602,39.86643910839302],[9.185538681625209,39.851191831872825],[9.197497299080544,39.84639704338435],[9.200096053192846,39.82647350928326],[9.190982190511056,39.8259044668756],[9.165504966137332,39.83250175515704],[9.169838112767492,39.84936134350334],[9.128967456922812,39.888350279135544],[9.1099181926048,39.88336962569274],[9.105200214164553,39.86940405049707],[9.092733632765984,39.8827453458744],[9.048702101216977,39.901503705224236],[9.03850588707576,39.91213526978795],[8.988101656920133,39.91480400015906],[8.995703279784529,39.95999880422712],[9.01660653408739,39.9824573882433],[9.0065867792493,39.99189950002134],[8.993899191956936,39.987104385459396],[8.962001396445315,39.990803486735444],[8.9456034753572,40.01320068019735],[8.947603314360617,40.02389805204363],[8.965002806748817,40.04279677131156],[8.987700953720452,40.056896472106686],[8.99849852551528,40.05659590241434],[9.024960159188593,40.03897193412523],[9.040353462980818,40.05488594986564],[9.03507682566506,40.09569961337787],[9.015999890437476,40.126529412191786],[9.002308373151962,40.13449900383697],[9.017824341234682,40.14524255342926],[9.016720015627513,40.16463523606086],[8.999003947633238,40.17670216469159],[9.0000034208036,40.18349737877685],[9.015537200205971,40.192453803078465],[9.012565619354916,40.19875300281824],[8.98208596917998,40.21815034603747],[8.91493746716831,40.208496708798336],[8.854502194449331,40.210480731517706],[8.795899602988541,40.191704195166665],[8.765694833877255,40.196303008639255],[8.741205468299077,40.18060678070569],[8.743078228325237,40.200555642287746],[8.718201482058648,40.20540350596479],[8.709257624433159,40.213963885668406],[8.672603658490576,40.20440290481563],[8.667282633255594,40.24910897788224],[8.616405555242723,40.273201274643085],[8.620891277783363,40.28018919649958],[8.611104281088423,40.307800685536066]]]]}},{"type":"Feature","properties":{"id":"oristano","n":"Oristano","rs":"sardegna","rn":"Sardegna","macro":"sud","mn":"Sud","pop":147894,"nc":87,"nrd":87,"rd":80.73,"co":174.75,"kru":429.23,"kin":82.69,"drd":1.06,"km2":3006.4,"dens":49.2},"geometry":{"type":"MultiPolygon","coordinates":[[[[8.37620387255973,40.03579881493359],[8.402499522278564,40.05169372230098],[8.412320363158962,40.04121108970013],[8.453540391759175,40.05076645073978],[8.492511897493504,40.086434404834435],[8.484884814700102,40.11760314842708],[8.460003792673483,40.15040086722796],[8.457003876030969,40.17590102685765],[8.467458636445237,40.19878477077269],[8.462203243820046,40.21410017792004],[8.482680668849833,40.2848375764237],[8.464304391678908,40.30040068995688],[8.463239147519438,40.31561483686206],[8.443300830542617,40.318703639313284],[8.42558826884975,40.336141400462935],[8.390301656172007,40.33760344608921],[8.379004003478864,40.35979851714053],[8.389177432257206,40.36659828128436],[8.399701880333057,40.407594077090586],[8.421821596980626,40.394816716765185],[8.443299742207367,40.39560164072116],[8.458002398271981,40.40659654469026],[8.482597352007375,40.41058057480044],[8.488703426277011,40.421397798759436],[8.500599557723335,40.426096302003856],[8.518944101013556,40.41715142706753],[8.527324104860597,40.40124809782984],[8.53989924076731,40.40279638625154],[8.549697782774361,40.39619753919191],[8.552450900424164,40.38597452631834],[8.56229711636549,40.38239741313895],[8.565550747480842,40.368477922501384],[8.587597442172651,40.3533973670531],[8.59207577808509,40.33331630745794],[8.620696184959803,40.32249816472591],[8.611582438366625,40.308334207580145],[8.621695504809368,40.2794002684428],[8.61863643811742,40.27296512307097],[8.627391755546379,40.26417736546948],[8.667596693584294,40.249697587798806],[8.674667049471019,40.204262219237336],[8.70949869155257,40.214196518914434],[8.718295443280583,40.205625781067205],[8.743197209141268,40.200897072841464],[8.746259033600275,40.183824103898864],[8.765201460452866,40.196795954866026],[8.796206116893416,40.191813833523376],[8.854500546405133,40.210495202260226],[8.914749322397672,40.20848680644198],[8.982099613093357,40.218295873219695],[9.012597862900252,40.19879707865673],[9.017195106122776,40.193800210227046],[8.999301462040252,40.17864769281046],[9.012597988504348,40.17059757776365],[9.018981229430018,40.155183126809916],[9.017696750234197,40.14420159136701],[9.007119068354156,40.133050126642516],[9.035296534474135,40.095798441162884],[9.041195976781223,40.055500469856355],[9.026498352582259,40.03770496096236],[8.998739145721245,40.05632818994038],[8.98745701466559,40.056682458704834],[8.964907656578713,40.04266280194297],[8.945780060674739,40.0140904491136],[8.961751256934274,39.990980720082305],[8.993564781590136,39.98712915890637],[9.006000024922306,39.992196168561975],[9.017895152104662,39.98030108293648],[8.996137521385478,39.96028508411182],[8.986209764246734,39.918612129229906],[9.039098129009828,39.9119968689316],[9.048776214509243,39.90163439442404],[9.093230308001024,39.882442495121325],[9.104772259084747,39.8697871997368],[9.109702298094994,39.88339750943381],[9.12889849481678,39.88859614842178],[9.170496378481555,39.84919821489051],[9.169795887095757,39.840301232534294],[9.163869321138437,39.832691844571954],[9.146813312734178,39.84528846464544],[9.127600547714156,39.83950360667844],[9.112021967143413,39.84907357733875],[9.101497607446488,39.83240236754136],[9.08354479119751,39.82730827070347],[9.054298521971495,39.80090379947755],[9.04183568445437,39.80304185614874],[9.027949090816424,39.81867373070389],[9.008756136143301,39.82820370803662],[8.98831298170049,39.82605343633249],[8.950798983710298,39.77910452267987],[8.926609322762207,39.79341682076983],[8.889154289331989,39.79447326468395],[8.892949445587805,39.77365591280241],[8.924293330578985,39.758397996548226],[8.903525873522597,39.73384846772313],[8.913196117677705,39.72180129056097],[8.881517898068662,39.70466852073061],[8.861798098901367,39.66820368752911],[8.785109887929819,39.65399205530531],[8.775197380572571,39.64120331493709],[8.743200062993076,39.62710486273608],[8.730119449973726,39.63833421664155],[8.702801765705495,39.63880351161038],[8.695916334613372,39.64506908003558],[8.671300484587883,39.631304757456654],[8.66140284103713,39.6413295670686],[8.629902051819876,39.65330323319371],[8.606796347940021,39.68994406266551],[8.571400549514578,39.684704177649635],[8.547464591967715,39.69523998757865],[8.521302253874667,39.69280351158285],[8.518040983563612,39.70069527972353],[8.502403336948321,39.706303387125175],[8.504803963219635,39.72959847305945],[8.519962330807852,39.74515246170062],[8.513004749327143,39.75340066121738],[8.530968794272383,39.769831986991335],[8.545335140677352,39.795092747794286],[8.55400400574034,39.85749744517456],[8.562002679996976,39.86269471413719],[8.539905182083332,39.86980022518628],[8.54486789894645,39.87597307648259],[8.54160319692333,39.88717846689666],[8.527355016586961,39.900852666592634],[8.491796913562085,39.90936762246676],[8.469439976862796,39.90367240865399],[8.442248621147609,39.879991390106795],[8.436798831314626,39.858405351743116],[8.431705325647563,39.862200096483306],[8.438265224654195,39.86831716034696],[8.435630482911368,39.88282863982281],[8.398703896874332,39.90380096135476],[8.401414157386846,39.95671213313415],[8.392803639517085,39.97929838371013],[8.409081817791572,39.996261206755285],[8.413310784873417,40.0186256742891],[8.401056373650903,40.03230215717915],[8.378202780355966,40.02890383474895],[8.37620387255973,40.03579881493359]]],[[[8.30230228345634,39.985704736516254],[8.301068499045277,39.99092539188748],[8.312596416187093,39.995195067131235],[8.30230228345634,39.985704736516254]]]]}},{"type":"Feature","properties":{"id":"sassari","n":"Sassari","rs":"sardegna","rn":"Sardegna","macro":"sud","mn":"Sud","pop":471653,"nc":92,"nrd":92,"rd":71.56,"co":281.58,"kru":556.15,"kin":142.12,"drd":-0.26,"km2":7721.5,"dens":61.1},"geometry":{"type":"MultiPolygon","coordinates":[[[[8.133803644774703,40.73140139885157],[8.165650910056042,40.765491057072],[8.16210246043246,40.7961966174056],[8.184900168813245,40.81209962288495],[8.223301559374073,40.88635961978975],[8.218822555937102,40.90030801550145],[8.192301908182433,40.912902705991954],[8.189551325560226,40.92486993855084],[8.176703558601483,40.9327017811025],[8.19837111660575,40.96913065370937],[8.204099155195781,40.97159605986374],[8.225804315196962,40.95362491930243],[8.236997268567494,40.95369635737091],[8.229697618067206,40.93663696900945],[8.233808121943802,40.909587511076545],[8.276925568639866,40.867762817956425],[8.312330744146323,40.845668172111154],[8.368423249353121,40.83791622348932],[8.413599411849692,40.83909680060172],[8.458901196463858,40.81951287348088],[8.554388563567628,40.82972646727309],[8.607693436383917,40.851310356194425],[8.637442769019781,40.88315960166103],[8.703327431926441,40.915771137698016],[8.725449115015318,40.91275145313431],[8.790028502252733,40.92221370474949],[8.866180846349248,40.98739743021576],[8.876913890183433,41.003988849607374],[8.879902804213113,41.02869646762473],[8.892562064389875,41.028145463889615],[8.929092549743437,41.04371013143373],[9.013201738732496,41.125396342421794],[9.041774917576005,41.1374],[9.050896848368213,41.137396528648075],[9.058665367663417,41.12804623654144],[9.086463793017282,41.12810415650702],[9.11051116662558,41.135207868283565],[9.123300610114976,41.156295869168275],[9.151809961502755,41.15534179778313],[9.167172205336286,41.16758227323187],[9.17008678478259,41.176853306426835],[9.158203211670813,41.18350270801273],[9.154103728339415,41.197199985623584],[9.166757328743776,41.229100499543684],[9.159903895107794,41.235236204442664],[9.141302285970065,41.23230315730831],[9.138003974669989,41.2376998968533],[9.144301399723432,41.24689611273672],[9.164574479754304,41.2368101557265],[9.180901086768294,41.24799566198907],[9.19718529913712,41.244268205549204],[9.235024469784584,41.25920077071648],[9.236253588988326,41.24692203352518],[9.271642899720671,41.235929749725365],[9.281770459688321,41.21800789701545],[9.289798513168783,41.21849647903744],[9.30089459908222,41.20250182857297],[9.292099263471384,41.199184854965324],[9.292395561594681,41.19277350440458],[9.318599392768718,41.194495719230545],[9.332000954123314,41.186389878067914],[9.335528900876243,41.19096001445893],[9.330506317460838,41.19530021534022],[9.338103999050436,41.20459726182406],[9.363298021184137,41.20759482166419],[9.370554603292252,41.1843409371353],[9.38089865485086,41.187695403483495],[9.386440634451075,41.180525922167945],[9.423296175487678,41.17679807457209],[9.421996956618717,41.166602859936745],[9.40843827413923,41.15804498227912],[9.429797427477286,41.154796342418855],[9.430906435730533,41.143170044476825],[9.442195681063444,41.1309986306351],[9.442346763698565,41.10337033453658],[9.449727021366293,41.103334900515826],[9.471549503368824,41.12625954482402],[9.464403625023374,41.140197239579955],[9.485801046532709,41.14639644265951],[9.510757396308431,41.14100079319692],[9.516672033909265,41.1447272762628],[9.51487532623735,41.156203964538804],[9.52619845238495,41.15679628736394],[9.530134932856313,41.13599996975256],[9.546095248645232,41.131499381187716],[9.539233646287078,41.12276235803252],[9.541259720932844,41.114206972435944],[9.560728854078345,41.11979298561336],[9.566897210730028,41.11589760581255],[9.57059663107981,41.10050076077566],[9.560697300903955,41.08440279738178],[9.55169956544223,41.07930428208906],[9.540555624269958,41.08901585794685],[9.529909461313851,41.074131876695326],[9.526495641012472,41.042599843402954],[9.507176601690714,41.010361312259896],[9.5241585493357,41.0107704017761],[9.526704304708488,41.028796762090785],[9.561098632450847,41.03769588107358],[9.562796844924275,41.0253013516741],[9.551888433852568,41.00851830145661],[9.556958141706728,41.00368693547483],[9.577740805043598,41.00373499261874],[9.596301383110237,41.020896429039375],[9.630968325304856,41.002170028385976],[9.655898851214612,41.0044961446781],[9.663996494285962,40.997798350194515],[9.652598941659665,40.984304179575595],[9.612010105675798,41.00312517735735],[9.58553043036975,40.9879577050751],[9.583002074076742,40.976774579429566],[9.593994897576078,40.968499344105744],[9.568754345290653,40.94321786699547],[9.57489650429274,40.928002666302746],[9.562084830984741,40.92087156471281],[9.586167804987904,40.899992299583246],[9.613701308381804,40.91979555540691],[9.642998787971933,40.92019648326203],[9.617051934365284,40.88952173177295],[9.63269766347956,40.88459658959727],[9.641249990681736,40.874413021293776],[9.647801206212185,40.88079516233183],[9.656595604371637,40.874998991297744],[9.65258550361096,40.862151292704134],[9.657956441984988,40.85663134877754],[9.668229717420978,40.85395072660596],[9.677300975824451,40.86169582995393],[9.694181310945236,40.84634194012139],[9.727991975163405,40.844295510982846],[9.709966510937473,40.83251646310334],[9.688463242162594,40.83595259379679],[9.68111504808183,40.82344380258491],[9.691896306580189,40.81120047993745],[9.676171432232264,40.80691154315658],[9.670463057787122,40.79474388843005],[9.67273339828889,40.782607996836184],[9.686615432728416,40.76661713812426],[9.715095785184412,40.75199776067378],[9.714916493864067,40.71005951193857],[9.746097595301867,40.6871981984698],[9.75169610843056,40.67389962130065],[9.748897380497278,40.660403423988356],[9.740674015461344,40.66089554123727],[9.735681599280108,40.67203572935941],[9.692329838806954,40.67878982966503],[9.681476958083538,40.66718030731677],[9.6835939581417,40.658108000659524],[9.650925413098298,40.692361383046105],[9.624096781958928,40.69905385164954],[9.603200678185042,40.6969042240602],[9.583419571933462,40.705399208073416],[9.563439043373425,40.68005562357586],[9.511900230892044,40.64890461395328],[9.505570962102535,40.65333013267645],[9.487399310390837,40.64500447656348],[9.46553616635177,40.65557017779789],[9.421405716842834,40.65857391845966],[9.414396945943489,40.634101724709055],[9.394997746771642,40.618403979440025],[9.379266392671834,40.61475834367836],[9.393995378552091,40.5945001348792],[9.376564850666416,40.58291967720513],[9.372097172230125,40.57140294058472],[9.298039651357813,40.53752257349989],[9.286399132556816,40.52590384941069],[9.237575512281895,40.53959704069145],[9.189273687023695,40.53598794269241],[9.186077340652275,40.50766771645436],[9.227288521967257,40.50155273918126],[9.278796103140975,40.51079667683929],[9.284495983879694,40.47660282805741],[9.27719702104093,40.47000304612038],[9.25059594599791,40.465615632135815],[9.227786877903869,40.42874349545982],[9.225496321487503,40.410702953477056],[9.188195773151302,40.39026698928422],[9.183197456298396,40.37120348936954],[9.122162298514851,40.35923148079956],[9.060996907407985,40.33643818650824],[9.041938018923622,40.32626457643528],[9.043395697349158,40.313900264447874],[9.027996955088284,40.29670612687272],[8.991002297335081,40.32350305599314],[8.948967245894684,40.36802199886838],[8.900402171713717,40.38890218019996],[8.897952646229667,40.4045781157407],[8.86400037742509,40.389903994304824],[8.855004172645858,40.393702133548146],[8.85285853480201,40.40700681778284],[8.826996127629782,40.41277974007872],[8.814849004200449,40.407302504044694],[8.812097211495225,40.3644029130447],[8.772799734012752,40.35120439807211],[8.73742796659903,40.35318047799649],[8.726299079978475,40.3419037107607],[8.71106567270697,40.341489245390314],[8.706897519986326,40.332502439426996],[8.691309090935052,40.33034711372029],[8.677698156176302,40.31370288892261],[8.642800860590052,40.29700422242779],[8.639565400079332,40.30747291843625],[8.621202708556563,40.31480280883971],[8.619214587065475,40.32335775499268],[8.591203374661289,40.33290318008889],[8.587491870342808,40.35308355948577],[8.565103283502028,40.368901792190066],[8.5616401364522,40.38238497705914],[8.548706859845803,40.38680142658429],[8.549573282059168,40.396269445623325],[8.539851115838749,40.402567324215255],[8.526602655406966,40.4004041266334],[8.51368082299059,40.42178687314301],[8.494343664465212,40.4254844687334],[8.48289751304626,40.41070336414824],[8.458804954897946,40.40678473483034],[8.443599158997554,40.39560348968138],[8.4221005556132,40.394703583859844],[8.399755659791735,40.40755484205577],[8.398123002921029,40.43003272999951],[8.373778730763718,40.49073181612005],[8.33920235100882,40.50920233361673],[8.312904435240247,40.55989978875733],[8.317569369872105,40.57173570660912],[8.29912726817681,40.59118434320035],[8.286127546056223,40.59492486199029],[8.250845688279194,40.58425708680642],[8.243797129867241,40.569903173572825],[8.19810317422813,40.57110320153831],[8.218396019674836,40.60272272307131],[8.209617391807559,40.614678423099726],[8.196699040528989,40.618285917420174],[8.16252920889499,40.578272747736776],[8.161500564038318,40.56150615882929],[8.150886756325024,40.579468488719165],[8.146379655779954,40.62592879522984],[8.186002387269061,40.638545939085574],[8.203352231865267,40.68685891356235],[8.1749035547686,40.69470244334459],[8.169084960138854,40.708861703951825],[8.133803644774703,40.73140139885157]],[[9.533729117066398,40.93270222733444],[9.50259753896041,40.92662527232226],[9.506232333845118,40.912093726524226],[9.554526991693503,40.92166796278845],[9.533729117066398,40.93270222733444]],[[9.276847665476868,41.1946862484445],[9.274999072689553,41.20465341919362],[9.271475441351631,41.19619733984267],[9.276847665476868,41.1946862484445]]],[[[9.673512415989444,40.891702937734095],[9.730800656531285,40.92389599426707],[9.74269543989649,40.912302287893134],[9.692700051409238,40.88790426450661],[9.673512415989444,40.891702937734095]]],[[[9.710104331724448,40.86950003634459],[9.715901806884059,40.87629636640472],[9.729529591960553,40.877095888581636],[9.742196011214471,40.87069864704289],[9.736323453756567,40.8595],[9.710104331724448,40.86950003634459]]],[[[9.601202864590697,41.07160409445333],[9.606900313667296,41.08189578868372],[9.609996387426815,41.07979845611313],[9.608896900933573,41.07330294889201],[9.601202864590697,41.07160409445333]]],[[[9.569605790223527,41.06470050386573],[9.575200279191463,41.069595304535575],[9.578995444932412,41.066998914457585],[9.575698646238544,41.061005061140385],[9.569605790223527,41.06470050386573]]],[[[9.436405496384575,41.187198943466264],[9.450395523026186,41.20623795300549],[9.447504176971902,41.21539859402522],[9.459403691660617,41.24259698754706],[9.471398679481265,41.24559405766569],[9.48859508641005,41.22079916848678],[9.478796469567035,41.199602110662106],[9.465230950480516,41.187777687703836],[9.479796685168239,41.18719584931729],[9.480096554943938,41.18130299164344],[9.46900059484804,41.18030372383569],[9.45194420728401,41.191689598783675],[9.44189937575788,41.18150539812802],[9.436405496384575,41.187198943466264]]],[[[9.373803482012057,41.227399455494854],[9.378102215782656,41.23469672123859],[9.400139043380321,41.24269221922141],[9.404702084079352,41.255094983855024],[9.414012394985415,41.25275536415575],[9.414402637665084,41.26809667750605],[9.431246628764386,41.2592510756986],[9.428324521156995,41.251794359648045],[9.447695301868738,41.232999658635514],[9.437197397149708,41.213703436813226],[9.4156977017214,41.216400935046124],[9.401399131859014,41.21020414817811],[9.3814017262766,41.21030330925238],[9.373803482012057,41.227399455494854]]],[[[9.396803888124701,41.19040240334641],[9.398103186724454,41.197697469751496],[9.420297191509015,41.206696921237665],[9.419197686391723,41.18880336868275],[9.396803888124701,41.19040240334641]]],[[[9.333306346359304,41.30130371580383],[9.338101396604642,41.30889605235589],[9.360578176668277,41.297120552267295],[9.380698347801399,41.30759527441179],[9.384895662965056,41.299500712289664],[9.364801235126935,41.28770440798762],[9.359074300837328,41.29509825563541],[9.333306346359304,41.30130371580383]]],[[[9.336206583612979,41.28140065936162],[9.358196198066036,41.28659720464347],[9.354998197526372,41.27660392393648],[9.336206583612979,41.28140065936162]]],[[[9.332803288205819,41.23570153716526],[9.337001331644094,41.25249606370108],[9.359995724779244,41.24409851432515],[9.345599279019524,41.22890357677476],[9.332803288205819,41.23570153716526]]],[[[8.208703869346111,40.99010130081358],[8.213002438609681,41.00759735936853],[8.227802879912712,41.021123043541216],[8.218003659818015,41.02820193597588],[8.220303280615878,41.04099787980012],[8.249663131964668,41.04966170834437],[8.26670209391903,41.07319668535863],[8.283842094661798,41.07824093712585],[8.27180454672836,41.099600080597945],[8.27610176030718,41.104996348047834],[8.301288564541556,41.10517414181679],[8.319399029852837,41.120295572213195],[8.330312689834223,41.100232155456396],[8.34469805721681,41.097297098866584],[8.35029498166279,41.088401642057235],[8.336285487948112,41.08005212154168],[8.34059600604713,41.0711980004397],[8.332298497680274,41.050004992523995],[8.283500462587478,41.064005066860936],[8.264747874421325,41.053771848687596],[8.267194350186305,41.04609985771132],[8.24364802512961,41.03100601079948],[8.26349579092128,41.002598901962415],[8.255898253121211,40.984904025349884],[8.217304654194294,40.98713192498853],[8.225796004151677,40.977198075305935],[8.216501914429411,40.96750428971785],[8.211503892355386,40.978899375714605],[8.21516043628351,40.98527506259567],[8.208703869346111,40.99010130081358]]]]}},{"type":"Feature","properties":{"id":"sud-sardegna","n":"Sud Sardegna","rs":"sardegna","rn":"Sardegna","macro":"sud","mn":"Sud","pop":329276,"nc":107,"nrd":107,"rd":79.26,"co":186.3,"kru":430.52,"kin":85.93,"drd":0.62,"km2":6546.9,"dens":50.3},"geometry":{"type":"MultiPolygon","coordinates":[[[[8.34990470006937,39.07639946947341],[8.357326976068315,39.08504230695686],[8.350804811235918,39.09689918835728],[8.367100529109411,39.11259706206167],[8.386505686290194,39.09936299470442],[8.42589772886665,39.10849637446998],[8.431732167424384,39.096187080889905],[8.456596470915397,39.083698260503205],[8.465393104616329,39.05822750036764],[8.477834313257008,39.06178983740644],[8.488216779835907,39.08494043551141],[8.466621091762688,39.1186175752867],[8.442601100875866,39.116603555399614],[8.435703683899705,39.122802369831426],[8.436782538889865,39.15630547035623],[8.412409048444237,39.17255579767485],[8.408218347400744,39.164530654659046],[8.41649569144279,39.15480080613722],[8.412600418723137,39.15120499971353],[8.406803586084415,39.158701348617306],[8.400355443531405,39.1947764385115],[8.372203037659494,39.20950280194171],[8.36660362075719,39.2281984463],[8.424945424233846,39.26933517540292],[8.436841258346057,39.29171660621562],[8.43276024589617,39.30839197893166],[8.417827659378256,39.3254350004611],[8.41912059412451,39.33354705939077],[8.39670204291172,39.337603258969054],[8.385402422122546,39.364942937848596],[8.376005456522625,39.368801931423704],[8.386002771104888,39.39359732314057],[8.402767749487966,39.40523709150604],[8.412559968033621,39.426769298229644],[8.409598570837321,39.44159396352186],[8.39260161121459,39.44680289702569],[8.38330357616105,39.45730091844876],[8.387503542353029,39.47589792025103],[8.404555466933846,39.48732184348569],[8.45075234487084,39.54510147566385],[8.47061666638564,39.600970608288335],[8.464833758752855,39.61664807314352],[8.451903292402621,39.623202561777354],[8.458063233657773,39.667385715818284],[8.444503398264612,39.6784019841257],[8.455030686442317,39.70916783626909],[8.447304233045026,39.71510187464276],[8.444103552622586,39.75809922183753],[8.45120180912213,39.769596648371014],[8.458450776875607,39.7693443407325],[8.503052585182745,39.70737741940427],[8.521988535859375,39.69334475048988],[8.547299653522048,39.69529524570121],[8.571596330368806,39.68502445774732],[8.60799712439637,39.689996438246276],[8.629716117906426,39.65382380376867],[8.670521415163966,39.63245713640015],[8.696498873554054,39.645495767557016],[8.703592653926684,39.63872303448464],[8.729799245660713,39.638896281025865],[8.743816681733458,39.62810607305277],[8.774899634034018,39.64107061659796],[8.784102351270308,39.65389681537923],[8.861605271518096,39.6688927560774],[8.881402707205813,39.70499721809232],[8.911599928715278,39.72044217163912],[8.901705263890582,39.732999953688186],[8.9211088417172,39.75744139628992],[8.91230214182909,39.768098929085454],[8.893002280854432,39.77300311053101],[8.889101497972893,39.79459650306862],[8.926377056993335,39.79347927879171],[8.950714352007282,39.78015035883224],[8.974568284480743,39.80254759855564],[8.986602839279803,39.8255971996126],[9.00833009011351,39.82849487327499],[9.029096411733077,39.81889676956296],[9.029970285201275,39.810913620154835],[9.041378288669732,39.80333952642128],[9.053699451869454,39.80123230102897],[9.083502179458996,39.82769618259939],[9.101122451257725,39.83218102494555],[9.10620366794826,39.846997734865795],[9.11349946556128,39.84959619977195],[9.127378088729287,39.839917710370415],[9.146599147679423,39.84579565656688],[9.163698488940575,39.832828870507896],[9.197687423607391,39.82632656299162],[9.197922608145973,39.84515913584822],[9.185703489063298,39.8494029997987],[9.18490444191862,39.857499713033995],[9.193225654897399,39.87025765708606],[9.191803157351998,39.888998288018065],[9.21310132555808,39.9147959064907],[9.231454958750518,39.91070619884158],[9.244581721860296,39.91790718433937],[9.281999195331604,39.91739528233176],[9.35572811571676,39.90360132087469],[9.376085026500236,39.90933553117571],[9.380200147790221,39.91759643110792],[9.416996217933754,39.88370008827455],[9.406155954295889,39.865679767951875],[9.405696215924872,39.84940138451343],[9.39749922669018,39.84210376028563],[9.371460695929295,39.84067285744153],[9.377196541773385,39.82220135609438],[9.361815022433516,39.811538819693936],[9.3637238720305,39.80145311625118],[9.412392170115474,39.75300090568801],[9.403011192792668,39.74951556059635],[9.39989763219055,39.733603911091265],[9.385600582639446,39.723405350397236],[9.40329601773657,39.69489946791285],[9.39617845852392,39.66216659140833],[9.407520169175157,39.63616892284573],[9.422535512659516,39.622491395301225],[9.434059160402887,39.62706008624554],[9.438402727251928,39.64169640060398],[9.454799196376609,39.64169612218146],[9.48969555296109,39.61668805587986],[9.508295086938242,39.62808495468874],[9.512442283975567,39.60647898192341],[9.526193463935918,39.602696734939116],[9.524557983604558,39.58895806507847],[9.536598786657539,39.588395812438215],[9.556446279810785,39.57339421696897],[9.603602607958761,39.57092911720821],[9.651291421121803,39.54930032170115],[9.63905237924293,39.53967509457956],[9.63163562932575,39.50406277131672],[9.6449958287897,39.4886002975588],[9.645995953019836,39.46140055001466],[9.607936770945003,39.38822456163613],[9.597429951103118,39.34592557998831],[9.605046229229556,39.31794242553783],[9.633895608276838,39.29889947499815],[9.611918432017674,39.29680587954916],[9.581834973696171,39.26448016581152],[9.5633474721839,39.20107953627385],[9.564779236139994,39.18958417511078],[9.577896469100754,39.1843971679601],[9.578896494177561,39.17550173001201],[9.569989756308155,39.16956466626186],[9.568374334079138,39.15323233529955],[9.557248600530492,39.13455145938523],[9.538556356954517,39.13275411998478],[9.522340653725394,39.119569485476674],[9.518258651449298,39.10593096101766],[9.522393692695015,39.098903429850814],[9.503203785037082,39.10790119669459],[9.50914820229567,39.120330907317324],[9.50217151933744,39.13136021146989],[9.484253644034734,39.135501254722634],[9.44240389103871,39.12700460484671],[9.449802212569343,39.141297201050584],[9.473770100266501,39.160593195807515],[9.485990957321949,39.20686725731227],[9.446303206352782,39.2679011892968],[9.442489198580512,39.294443068117566],[9.409591162194072,39.31570874458107],[9.36650182398563,39.31500345640888],[9.331304916205198,39.35010022957109],[9.370071080784967,39.39590496897008],[9.365633752016329,39.422902532641544],[9.280017635356028,39.41258251365237],[9.262397881178329,39.36930214865939],[9.24289712493858,39.34840282429703],[9.212833280772887,39.33518244230866],[9.18739971327326,39.328003818033764],[9.175919501571459,39.333251726847294],[9.154601929674442,39.33020389854148],[9.14829279528768,39.3404693383318],[9.133699423067283,39.332904266684835],[9.079637450726704,39.35293664195498],[9.054699007291507,39.337503898455736],[9.006300782696062,39.32700399923946],[8.97191116596213,39.34448156828191],[8.941136242893966,39.32586878440926],[8.942795374448211,39.30410185749381],[8.86445740240849,39.27722069766656],[8.852677871759386,39.25085037379829],[8.852074121459662,39.23594085806316],[8.86049596236109,39.2307984145932],[8.85441388024054,39.21333199652712],[8.85519641374807,39.17980099458262],[8.842161030590995,39.16814359820911],[8.837597206328729,39.14790361232267],[8.825624675173925,39.14734036409261],[8.820286848974481,39.12968759105056],[8.822764457720478,39.11806601600051],[8.848696810102792,39.09929864120363],[8.853195888223997,39.08459966734082],[8.832714250774634,39.046172339733474],[8.911797004713232,38.95229946961348],[8.903942350540456,38.92419496314059],[8.91069520763784,38.915499071315445],[8.903246835877994,38.90526432127245],[8.854498839082865,38.878602769962676],[8.832501341742098,38.87750452723121],[8.819977992035241,38.8941884224305],[8.807186921307144,38.899234704909055],[8.794073442878354,38.89460306011993],[8.783602709605088,38.89840315212155],[8.779308188918632,38.913515102822295],[8.722779451505568,38.93623810070807],[8.714698083806287,38.92510245771167],[8.668851934782655,38.907727986892716],[8.670234130538395,38.897064793908456],[8.650654699081459,38.895332239824995],[8.65669560209141,38.870702045114186],[8.636606717868489,38.867401610999316],[8.644762503832803,38.875774338739],[8.644760539165373,38.894819031360086],[8.60670362995483,38.89280188763363],[8.6233835729772,38.93806781812124],[8.603956680184039,38.962624269534224],[8.586766792036528,38.955766415926945],[8.587680125847204,38.965908269852605],[8.56510405536928,38.99970068397287],[8.575959403150954,39.02513896639964],[8.567603265070947,39.04298549940242],[8.544201299295906,39.046503717329536],[8.51176635784937,39.062266728430124],[8.46859997618516,39.05734340274774],[8.452662433274503,39.02439082307049],[8.451395883268715,38.98950110637118],[8.441426084078527,38.97723669804783],[8.444795202799996,38.96990169244777],[8.409800554031074,38.95650417771352],[8.360503980996455,39.037701479469696],[8.34990470006937,39.07639946947341]]],[[[9.526704818656672,39.084701990645854],[9.529301741763993,39.0900958223041],[9.535096041574507,39.088097780976085],[9.533797416330795,39.08220464420273],[9.526704818656672,39.084701990645854]]],[[[8.219604116344776,39.14770023476419],[8.23060179914265,39.16439675859593],[8.256644747808075,39.16925424971385],[8.271601197119216,39.17979648097846],[8.296738201669964,39.17933625415945],[8.309095903745837,39.18789300357512],[8.31029696950619,39.11310034390103],[8.304729739563056,39.101670644611964],[8.290130683331252,39.09560467303385],[8.254801357330864,39.103803708651],[8.248004944322522,39.108500859819074],[8.252760100644641,39.11594120395795],[8.250317781286299,39.13322449194409],[8.23447171685365,39.14306050166611],[8.224101597534398,39.14110407582903],[8.219604116344776,39.14770023476419]]]]}},{"type":"Feature","properties":{"id":"agrigento","n":"Agrigento","rs":"sicilia","rn":"Sicilia","macro":"sud","mn":"Sud","pop":408059,"nc":43,"nrd":43,"rd":60.67,"co":239.66,"kru":462.49,"kin":185.26,"drd":2.97,"km2":3054.2,"dens":133.6},"geometry":{"type":"MultiPolygon","coordinates":[[[[12.887004634605358,37.64360038473902],[12.89470441576814,37.66079885052761],[12.91430221591802,37.67253141024904],[12.917902811199475,37.68919796021046],[12.936046799753406,37.69958680157641],[12.961102339383185,37.72799738040303],[13.01210029849052,37.742596278717485],[13.027498738649944,37.74079653184886],[13.046726867857451,37.71210783921134],[13.077281692888421,37.69293927485932],[13.122500107505974,37.70129663589848],[13.14859555888579,37.687449143497645],[13.187798158794134,37.69169640473695],[13.213797383866417,37.674197314115084],[13.212454380624637,37.64054699146956],[13.250029376448465,37.61526835018218],[13.27570051743886,37.647196346153784],[13.30091012860328,37.639106403453276],[13.320739919419372,37.6490865240638],[13.327801475163223,37.66239618585771],[13.348297165854891,37.65709717644803],[13.351096158945667,37.646101712383825],[13.323249226203195,37.62775653966827],[13.33389596866345,37.608699345326606],[13.322148152737512,37.58850379177853],[13.34299607119998,37.574298559669444],[13.339966388773375,37.55323987148216],[13.357020645925642,37.54027949027367],[13.398335119251325,37.556194050972],[13.402736060785784,37.566470086150815],[13.38794946353179,37.57773267463729],[13.381106839237244,37.59952379135643],[13.386602451517039,37.6118983315741],[13.398798017109229,37.619592788993934],[13.386603590198705,37.6351014388642],[13.384105105309898,37.65339886295062],[13.395001287193642,37.65949574736822],[13.416397354097468,37.65519681543026],[13.42649258105767,37.643893227821785],[13.453699464515909,37.66049607505779],[13.465562485281147,37.64749085796862],[13.50829998335981,37.65899544309133],[13.513595622221217,37.65779750567555],[13.511040842253976,37.648176447661655],[13.517598034700063,37.64147153730559],[13.564227651019271,37.63544796827448],[13.60130094444192,37.65589551840564],[13.655568194928886,37.65841403178622],[13.669357908631175,37.67019440894417],[13.672204639128344,37.68869828645094],[13.681200943574096,37.692796792878326],[13.695599263141993,37.69489574596126],[13.710454479127945,37.68708611480172],[13.75989324896905,37.6792609220751],[13.800398675437151,37.68809673699384],[13.807406105324757,37.67615828592329],[13.823496652908482,37.67509698370272],[13.820796708086883,37.65380250001537],[13.811683923578782,37.64223438944888],[13.829397006184047,37.62919811342588],[13.830896202814888,37.618601827380715],[13.80340081749092,37.61720384102585],[13.78861587923445,37.62318943720931],[13.775399548255141,37.606403718985185],[13.763790705883846,37.60803867720897],[13.765695664927808,37.59720178642923],[13.754099458926056,37.59170321778487],[13.719828658495507,37.58439664275273],[13.681171044416221,37.58692364575989],[13.671282110387358,37.580181986301476],[13.670015847016934,37.57059032521244],[13.690096138781465,37.55559805411326],[13.690396216463578,37.500800573890956],[13.687097573455302,37.49180375596592],[13.677957015185877,37.49185557230755],[13.657777604205181,37.47427686102452],[13.654565489643524,37.46292371366864],[13.685798277610392,37.459696376262386],[13.704960422492908,37.44057037366748],[13.749076362029932,37.42811236213967],[13.772900203450158,37.44049567162822],[13.814612365180297,37.43183191362697],[13.848995798775404,37.43709706713375],[13.845715657288023,37.425943128484015],[13.861778832551476,37.403978110384934],[13.895498541883505,37.40349639482053],[13.908495462224169,37.38730066484621],[13.888590401059718,37.37701782499289],[13.892094418854748,37.370200074818364],[13.882799395422055,37.361885905081834],[13.885000257035111,37.35671000412085],[13.914298353708586,37.34379732016305],[13.927392653558146,37.33084765127177],[13.961499148545546,37.33029666073407],[13.991796686189296,37.30839821216447],[13.996740279922674,37.29331357232754],[14.015993308864854,37.28674391999329],[14.031596257574876,37.29219680892526],[14.028096886393831,37.274901920317774],[14.015889043627261,37.266470168702334],[14.017695702377855,37.25600022044556],[14.007151863919711,37.24162434529481],[14.015693842211284,37.22760169775047],[13.994166056271276,37.22165602664721],[13.993938653205777,37.20650583782891],[14.002695099073872,37.19749864193018],[13.988630758749105,37.18939176673795],[14.036860060477458,37.142469608882145],[14.03639721631401,37.106103883521754],[13.994323577737799,37.109887992202054],[13.94582653282074,37.09749222943296],[13.895257682646658,37.09739266746017],[13.859303145609429,37.11220281681221],[13.844799224498837,37.132875303147706],[13.82408069485968,37.14444715611839],[13.751401608460139,37.149303816115534],[13.726300165889207,37.17013312322575],[13.663402562822132,37.19340346995677],[13.639350156813553,37.229175139942875],[13.557762637704098,37.28433668709371],[13.53769900357934,37.282204147809075],[13.511475592431598,37.29148634323083],[13.482300364274085,37.288103142302646],[13.453000658850923,37.294603442292434],[13.426302431923313,37.30680236625094],[13.401750235053655,37.332897041673284],[13.352591287647128,37.358254045178036],[13.323101938321122,37.36330319283893],[13.297463628608808,37.38734066439995],[13.27160224091411,37.3917035544423],[13.25388797449982,37.424488036111235],[13.217186959538319,37.45918508263294],[13.195902092834164,37.465303004948666],[13.187747257626576,37.47895075501067],[13.168759637731693,37.49203294905059],[13.144628220115719,37.49718712862291],[13.13059954166781,37.49250409677243],[13.078198700838298,37.505677647064125],[13.054397370006427,37.50411544161944],[13.038498796678475,37.495703772193295],[13.013365671700544,37.499165232629124],[13.01198135414585,37.51268842189693],[12.99317104168551,37.536162262192924],[12.956059146114656,37.56702515442867],[12.896505836200696,37.577101619942304],[12.907791410009114,37.59506979950932],[12.910387145082272,37.631126619844636],[12.916730148813325,37.64315568142094],[12.887004634605358,37.64360038473902]],[[13.14568362592773,37.643301180885715],[13.147274039542996,37.62624758802197],[13.15873824390603,37.62601524109671],[13.180949746522463,37.6356776114099],[13.16760411430142,37.64560165128346],[13.14568362592773,37.643301180885715]]],[[[12.848403875942326,35.8683004041263],[12.860400313118253,35.87559638091116],[12.877298675221377,35.87489674104926],[12.883396393807578,35.85990032226263],[12.880698074740598,35.85460384283181],[12.859501230750224,35.8551041908175],[12.848403875942326,35.8683004041263]]],[[[12.517904386957571,35.52159871717961],[12.531300347011527,35.52919706090171],[12.622738226584657,35.5220136515835],[12.631894393759197,35.518298583951704],[12.62618460698971,35.51029874030086],[12.632696390439174,35.493703614622135],[12.60790243720951,35.495303137812336],[12.603684969712626,35.50091888687978],[12.599298088003673,35.4955042434333],[12.568007439548362,35.51156764627539],[12.517904386957571,35.52159871717961]]]]}},{"type":"Feature","properties":{"id":"caltanissetta","n":"Caltanissetta","rs":"sicilia","rn":"Sicilia","macro":"sud","mn":"Sud","pop":244913,"nc":22,"nrd":22,"rd":66.76,"co":184.86,"kru":397.02,"kin":132.82,"drd":6.99,"km2":2141.9,"dens":114.3},"geometry":{"type":"MultiPolygon","coordinates":[[[[13.650708763811075,37.46120296285124],[13.6563040307565,37.47629555014715],[13.68681266592519,37.49251925665178],[13.69033911315546,37.500809235383244],[13.69016752729634,37.55476446761717],[13.670202799250626,37.57010314583118],[13.67100331014913,37.57999704084723],[13.680701025274518,37.5869965622664],[13.717793433057935,37.584300867438024],[13.754613589210642,37.591957568478534],[13.764667848403636,37.597465939581994],[13.762204249084897,37.60689869557329],[13.776539760045594,37.607264823708654],[13.78850115280869,37.62359591557235],[13.803727833464112,37.61729131423277],[13.83021140250069,37.61860502136282],[13.82890713920568,37.62938625222982],[13.810604446926073,37.64170098796195],[13.821122498891427,37.6548778252424],[13.822315635395835,37.675238166269864],[13.806402927939393,37.675204369756756],[13.799494261645036,37.688094421616135],[13.760998816996038,37.67920383890027],[13.732507089612175,37.68290219900473],[13.743080575826017,37.69349769195373],[13.74380397792581,37.706594077047086],[13.775518669608088,37.70201126407144],[13.776803461327502,37.722497407152396],[13.80809665867068,37.745095049951054],[13.818696232396569,37.72589953628805],[13.815567866016096,37.70397520106431],[13.863398317468349,37.68969598158227],[13.879297238646046,37.67989781391012],[13.888839127033034,37.662281711784715],[13.904495479171558,37.65739705271326],[13.899210254612386,37.619002747649176],[13.930694558977763,37.60739803041721],[13.9272524870995,37.59579791599554],[13.956818449241338,37.585717941755526],[14.014555726515582,37.597137415725136],[14.026645788830928,37.60325216919355],[14.019803580351281,37.618900250650675],[14.025302502346838,37.63199755746277],[14.054300366980483,37.64769613031447],[14.078098164058476,37.64419684216998],[14.104207662278744,37.626420913825626],[14.122695935217418,37.62889761670758],[14.12526870107072,37.612308592442034],[14.135101709958619,37.61679570064526],[14.164395901667948,37.612197915423394],[14.159296550284948,37.58570211107888],[14.13881257960887,37.580045309818125],[14.134723645504497,37.566656641004556],[14.140097104830863,37.552300705614854],[14.132597013948986,37.53280251295672],[14.123987687728947,37.52794971166065],[14.159292143032335,37.481000533898204],[14.129491534686204,37.470693954807416],[14.07113598741581,37.42271199281984],[14.071795423155868,37.40580158840755],[14.061083322971276,37.40119642289724],[14.078295731812377,37.37969954269839],[14.081448952624822,37.34967107194001],[14.090347421714254,37.33687033381947],[14.110609003058615,37.335063616090444],[14.125690481848748,37.33867283462083],[14.12800257034371,37.345294462062306],[14.132624891419642,37.33538675052125],[14.166533025884972,37.324094524913704],[14.218011831384935,37.33712652572983],[14.231100917371506,37.347596492146636],[14.252599721844271,37.34569700867316],[14.265196967424266,37.34219714160989],[14.271068805423663,37.3301560438465],[14.31689642627046,37.32679719473224],[14.317327807284144,37.302972645612535],[14.352696712546537,37.306197507805756],[14.3539422249253,37.278359386608685],[14.38179859696434,37.28619482282126],[14.392795651225493,37.26180156859437],[14.383538435245733,37.25625772177831],[14.374684804937226,37.20716657725126],[14.38259547198104,37.20209760427369],[14.381144789601743,37.19377974835304],[14.40312256851923,37.177445173834776],[14.416845236135428,37.17804894720071],[14.431896881056733,37.18979316942547],[14.475296499291783,37.13689821829364],[14.451897707663624,37.0963040778681],[14.434168272945666,37.09950905526701],[14.428530707137595,37.09384598711046],[14.444095687374855,37.06599897195999],[14.44409522190456,37.053000094720026],[14.366698314575647,37.00670303879679],[14.337900611347454,37.00150439003992],[14.296190910761874,37.03698632922424],[14.244742808603712,37.06485137385775],[14.17068351178585,37.09107034726444],[14.069450627720327,37.110465703575116],[14.036404274622901,37.10610615881251],[14.036960531520766,37.1417509675829],[14.030224520827282,37.15403440655817],[14.0100031384285,37.16300254292388],[13.982409466182524,37.19309622686523],[14.000867788233384,37.19482464291617],[13.991306027584752,37.220499446379996],[14.012738111139216,37.22766435233634],[14.006703900352738,37.24139938054319],[14.01690327831853,37.25516112368195],[14.015702936753327,37.26659798309785],[14.028044555613455,37.27543568406187],[14.030443155475197,37.291803498036934],[14.01550078365468,37.28660399999924],[13.99680136979661,37.29310313072582],[13.990990708710807,37.30876170275496],[13.962114264754872,37.32988304244219],[13.927001601079576,37.33070388063997],[13.914140631163407,37.343804756115304],[13.885101959251278,37.356602886749066],[13.88160426872708,37.35980066330845],[13.890287362870607,37.36992654288471],[13.88640518948942,37.37490021759693],[13.907519319631916,37.389034118507816],[13.8952882777456,37.40337467356071],[13.862201529904508,37.40320342847288],[13.844204878933754,37.427799038257206],[13.846559616165552,37.43727889169825],[13.814200460283901,37.43180298984179],[13.772903276551254,37.44043029185707],[13.749699844537469,37.42780421903577],[13.70530138031002,37.44020367139963],[13.685411406601341,37.45958183397608],[13.650708763811075,37.46120296285124]],[[14.10400228112151,37.53874498984058],[14.100480451099312,37.55274133593103],[14.088517542554168,37.556157265509235],[14.089668452830903,37.545641915147584],[14.10400228112151,37.53874498984058]]],[[[14.006203862360469,37.671801131220775],[14.01070213443939,37.690096273961],[14.042584512503133,37.69259797845225],[14.029404330052841,37.704401560891554],[14.043500367217746,37.72589600930128],[14.06599721719353,37.72119650249842],[14.069288255586486,37.71286778335131],[14.089196693551566,37.70749748712646],[14.091395847052762,37.698602252762655],[14.078322604814431,37.68953346382781],[14.085697993730175,37.67670372248055],[14.06246730065968,37.67481768888601],[14.033599035115499,37.65560351106459],[14.018001760332895,37.65740322538116],[14.006203862360469,37.671801131220775]]]]}},{"type":"Feature","properties":{"id":"catania","n":"Catania","rs":"sicilia","rn":"Sicilia","macro":"sud","mn":"Sud","pop":1068563,"nc":58,"nrd":58,"rd":58.46,"co":266.7,"kru":457.26,"kin":201.62,"drd":5.26,"km2":3577.5,"dens":298.7},"geometry":{"type":"MultiPolygon","coordinates":[[[[14.352303695408823,37.27900246248488],[14.352703508796548,37.30619538281512],[14.416301571556321,37.2920674989571],[14.453231723448534,37.30296028183647],[14.449980592856166,37.31765401694451],[14.422604388747995,37.33909753585315],[14.434978894454813,37.33703218919817],[14.446298614592198,37.34859529635882],[14.45348244736119,37.336687020439435],[14.483125583785435,37.31550492119919],[14.503266935569576,37.309559933481985],[14.520342609747878,37.325589216353684],[14.489311282623532,37.349995954839656],[14.513949005183669,37.35114080310935],[14.539100604317753,37.36379586774912],[14.580792487548333,37.36415761208826],[14.589809712288371,37.375633202094],[14.578303892418328,37.38990128887929],[14.581103428340148,37.40239802017692],[14.600831200627441,37.41278042294277],[14.615754993557985,37.41199833052528],[14.632707168313942,37.424369584763205],[14.631618722685353,37.43016505978919],[14.613400866187725,37.43320394730419],[14.58851048480306,37.449793798423514],[14.55330067040902,37.445504192504394],[14.541702767456513,37.45000336782979],[14.517003316712854,37.476800883372526],[14.523451846521715,37.49787814169786],[14.487903413966748,37.50860247456366],[14.526647301093917,37.51850716698641],[14.544201725769618,37.54279612176581],[14.582499323863342,37.549396173604414],[14.595453239668585,37.53630696744128],[14.632808435310514,37.53613740843997],[14.637502743649472,37.54379713085914],[14.67390092992273,37.557996498482275],[14.687615119764258,37.556310456260924],[14.744297393928704,37.526397754624014],[14.762077586224073,37.50611647181142],[14.772498242944117,37.50919623126251],[14.78574749354234,37.502433460193586],[14.791151292190317,37.507167961095334],[14.791203810314421,37.52799842348725],[14.799453780079144,37.5332777902579],[14.801775781582277,37.54762882311034],[14.800338325266704,37.555350353415335],[14.790705106186689,37.55980146403781],[14.808502307885187,37.58109725352631],[14.827394129217298,37.588667510744116],[14.828741970945082,37.59948461123928],[14.819903385893216,37.61699974911411],[14.82388002558821,37.63519359846794],[14.792403707765738,37.65270125470721],[14.791903957871366,37.67299927433197],[14.801723254930602,37.69087620158385],[14.797769901983568,37.70911516066587],[14.752598362961669,37.686903189134185],[14.738047706676468,37.69071667140619],[14.724501538749662,37.68130504353119],[14.713704257635337,37.70549963109223],[14.720751042535595,37.719829517725444],[14.706204484995073,37.731498916672656],[14.734664672616995,37.75118052911218],[14.716203604166207,37.767202339740145],[14.714304154893412,37.77609849306462],[14.744028548704197,37.79015155171358],[14.738403830429869,37.81229913502239],[14.74220274092251,37.818196617452884],[14.762099707460441,37.82289544641439],[14.774248714209953,37.81198767164244],[14.801165356762803,37.806870867112295],[14.789045352101407,37.85244197339504],[14.778215320564374,37.86219375103305],[14.759611240409242,37.86810090515049],[14.738202802865723,37.848602536634154],[14.738858468452284,37.902440009986634],[14.759598719302906,37.89999666824764],[14.767569106307553,37.889023325423366],[14.776714707088972,37.90328091655012],[14.756404493020197,37.916799657643786],[14.764702257303352,37.94019704800129],[14.80129939322055,37.953296734088596],[14.82797306174777,37.9356007451968],[14.840602628084268,37.95899567405563],[14.851896084481968,37.95329933729431],[14.848599982544993,37.94161607359125],[14.858761342819493,37.927345976754474],[14.930098201445782,37.96059633832536],[14.941196770547156,37.95079707580653],[14.955742702126244,37.91228198267767],[14.978896510149474,37.907096880519184],[14.981581658475282,37.89259827341422],[15.010400124192703,37.899597056959074],[15.042594602073954,37.89376017280165],[15.071600390363493,37.90399629418097],[15.11079944480706,37.90619633513365],[15.132254896307632,37.89479006871308],[15.149898861921317,37.89579651348239],[15.209597828283668,37.86009677244532],[15.246695969456692,37.81749855910853],[15.246704810471716,37.810465623792275],[15.258092683276178,37.807298350696904],[15.20661899516355,37.74389258717666],[15.206223581571216,37.731404833747916],[15.218296377078612,37.70840067797224],[15.19930395577203,37.676954219820956],[15.1990958179302,37.654200504123395],[15.174542504482478,37.631869020261284],[15.177296525132672,37.576602568966386],[15.149276918152369,37.5562974837819],[15.142996950337409,37.54360319480429],[15.11723561956406,37.531550782252395],[15.116996200017356,37.52300157535196],[15.090790748422938,37.49846595147808],[15.085536524582434,37.47965150585421],[15.090896448049433,37.35860350440318],[15.033402915187395,37.36210382982202],[15.027560250390305,37.3758014517128],[15.014699532908072,37.36920458015686],[14.981601787275311,37.37420529212001],[14.956402381356083,37.38630263248611],[14.943026347639979,37.404624525178335],[14.915245586738601,37.41277198091834],[14.888866764793276,37.40842872324475],[14.877698482671851,37.38960249173168],[14.843067257784915,37.3787217149383],[14.838597527132782,37.35770261534002],[14.808504574730991,37.34958945039456],[14.779167633371545,37.33021734069538],[14.804470345530731,37.31579547864559],[14.843399522689946,37.32449693854578],[14.89209479216385,37.31099792521898],[14.88034302120897,37.29679788539788],[14.882795678979823,37.286301955004205],[14.858108472563305,37.27958051696525],[14.846697369248151,37.25940337428541],[14.811783655530405,37.25637878613417],[14.774221260910588,37.22676194336562],[14.7820162322394,37.211065522281956],[14.804584487461762,37.21376766529241],[14.8206974384132,37.20759746596183],[14.826837047349693,37.19607800297584],[14.85770161881952,37.207396247670246],[14.871395973983628,37.20419837931711],[14.865645601517798,37.182755926389746],[14.835590332744232,37.163571896664074],[14.846896271794797,37.14000037824915],[14.836798743656988,37.12440335503535],[14.808900521643894,37.126004019535756],[14.77841423016327,37.13874446632059],[14.776857511808254,37.12820594423025],[14.795993916847536,37.108598842337166],[14.771504270117518,37.10259077036299],[14.76569650317389,37.09550335411259],[14.742961852417128,37.10070090962203],[14.727901717816838,37.0959040493701],[14.727985250519877,37.11754319169258],[14.707204679004551,37.124606183304415],[14.676698638020815,37.1012041172215],[14.66061823389971,37.10635574266781],[14.64935824123136,37.10092585762432],[14.64159763943444,37.085603644432574],[14.617402352513855,37.08040352573595],[14.611304846795885,37.08723976757321],[14.563399844057269,37.05140355594624],[14.544002873093019,37.053005032595124],[14.53052229004912,37.074399131936545],[14.47049902514454,37.050403613973025],[14.444101579686187,37.0530039186131],[14.44343651123982,37.066310214132294],[14.428403605892056,37.09389850991573],[14.433301342484642,37.09979627449584],[14.451940076773068,37.09744175771377],[14.475296384811758,37.136559655752514],[14.430670303238564,37.186386522448046],[14.402201251058289,37.17740343135718],[14.384801764973515,37.1885041520988],[14.381292645612382,37.20174709781849],[14.373704393290764,37.20470219803198],[14.383603395388862,37.25729759608026],[14.391710931735519,37.26418199145332],[14.381628946347488,37.284445847760196],[14.352303695408823,37.27900246248488]]]]}},{"type":"Feature","properties":{"id":"enna","n":"Enna","rs":"sicilia","rn":"Sicilia","macro":"sud","mn":"Sud","pop":152387,"nc":20,"nrd":20,"rd":66.35,"co":168.11,"kru":349.23,"kin":116.19,"drd":3.7,"km2":2563.9,"dens":59.4},"geometry":{"type":"MultiPolygon","coordinates":[[[[14.056907489758924,37.40319697473931],[14.069601156662872,37.404958780666426],[14.0705035819122,37.42219796968539],[14.129202251985346,37.470597611535624],[14.155098305324586,37.480536637538144],[14.14217120504204,37.49837130180067],[14.14188191830861,37.50952078207197],[14.126703377263155,37.51800251602061],[14.123504144361963,37.52919862740713],[14.132342029406797,37.53338895040929],[14.139990265489299,37.55219177548393],[14.134304066017155,37.56610096324508],[14.13930246469783,37.58159702093506],[14.15940011753464,37.586841327652884],[14.163073051952571,37.6123377108097],[14.135110312284993,37.61680028196082],[14.163400857654112,37.63740858786985],[14.16346224056148,37.65852541976911],[14.157804816750275,37.66569980609096],[14.175699615256052,37.676696105038936],[14.185214336360884,37.67052122295692],[14.216537131085401,37.67803252938648],[14.240702137904288,37.695496121382526],[14.253068099437629,37.69394355370365],[14.268265945857046,37.7044915845371],[14.27330334828192,37.7203974243782],[14.293855343744092,37.74280589675076],[14.287703980001263,37.75310122963147],[14.289901435816619,37.76447006881903],[14.268503997896964,37.77600210351895],[14.269687569630761,37.7887318304072],[14.260905100337759,37.792402019141754],[14.26953798943778,37.80274809498849],[14.265003200179162,37.832297336243634],[14.279900886275591,37.83999615603422],[14.32732935958764,37.837389373700844],[14.348501245104249,37.84729576630853],[14.395293158571823,37.849867753226825],[14.406301443095282,37.866395718421806],[14.426524751006239,37.853099241361676],[14.461354344815614,37.84325186602045],[14.46479568497755,37.84019943567374],[14.454944546504642,37.81728001868332],[14.47401784905263,37.811005536175934],[14.492689455663513,37.824597394779424],[14.504402996794123,37.85019765458452],[14.534385135027014,37.86136293430115],[14.549201923347239,37.87529712138308],[14.570197497175146,37.87959521414907],[14.573295952555675,37.861800971350796],[14.558757644504816,37.8525967898829],[14.553031827134873,37.838670308395585],[14.59762299524973,37.81040602789751],[14.642170615415806,37.80738628826877],[14.679524125764056,37.7955937724536],[14.703768598253582,37.81172300551187],[14.742193089154473,37.81819550005607],[14.738539842323277,37.81121353271916],[14.744496701197068,37.789602573547654],[14.714638348221204,37.77517616025608],[14.716884790802492,37.76672141750199],[14.736894186861951,37.75359856221801],[14.70713462411736,37.73082368794097],[14.72129633743234,37.71949933797152],[14.714212056032403,37.70500557491765],[14.72407546998214,37.68297795964569],[14.738000834542788,37.69169575349035],[14.752123143004745,37.68688862316708],[14.79869601388121,37.71099946754028],[14.801795636060064,37.6911998536913],[14.792034960269273,37.67328878963137],[14.792452220671965,37.65303561800397],[14.823697398192083,37.63579756138811],[14.820065212400658,37.616568172882516],[14.82799620766881,37.60829792273062],[14.82899555927975,37.58890199557745],[14.808725968754523,37.581054350134146],[14.792595418021435,37.5625425697901],[14.801797259543656,37.54749995410101],[14.78659884478073,37.50210378553191],[14.771337289536214,37.50916357288318],[14.763899247540499,37.50440524112434],[14.743874198242146,37.526588927973016],[14.728901661673518,37.53050353184962],[14.707321356904346,37.54949969415428],[14.674810990873356,37.55787399195045],[14.638316895180349,37.54400756823226],[14.634497565790609,37.53590395218825],[14.59460198242625,37.536303536673856],[14.582007141805917,37.54913289578096],[14.544897258748737,37.54274149285027],[14.52659848434991,37.518302846538276],[14.493005980691523,37.51023790850888],[14.498506884046447,37.503620745364785],[14.527792670593108,37.49699857774765],[14.517123246338222,37.476685695044786],[14.542056146667301,37.44993378727227],[14.553943214935886,37.4455340776125],[14.588099335079235,37.45009600280222],[14.612975296097527,37.43394716109426],[14.632996750228692,37.42959759906484],[14.63349658010203,37.4246017172502],[14.615375170207274,37.41183276650061],[14.59974274590519,37.41247070005432],[14.581578554250855,37.402819449055904],[14.578729858029421,37.390197447038716],[14.590096421685917,37.374101789157045],[14.581497593573907,37.36420282452413],[14.538960939897715,37.36366927300504],[14.498646717315248,37.34827826657966],[14.521495515051196,37.32420045359407],[14.50259908247836,37.30920363201226],[14.483331673282537,37.315351023198104],[14.445250675497878,37.3476646436828],[14.434998796953458,37.33570489220285],[14.423402487298643,37.337639215055596],[14.455396277629072,37.30989918029791],[14.454196737101503,37.303102924948256],[14.44139683126674,37.30284422225582],[14.432996655721375,37.29220444009264],[14.398789802617816,37.29927576395979],[14.384799996172404,37.2963037767415],[14.346740749485981,37.30771175184398],[14.315903268103167,37.303003347539004],[14.315369496822953,37.32667725265709],[14.271001067839082,37.32990397372201],[14.264503518476301,37.34215293734081],[14.2525955293276,37.34565192174335],[14.231313044908328,37.34734708116786],[14.218298343244633,37.33720311035649],[14.167099566384033,37.32400323666637],[14.127447167446261,37.33870912325206],[14.090900508999841,37.33660367884898],[14.08330689550887,37.34010044381441],[14.086743544262928,37.34445299514705],[14.077490105444099,37.38064988826004],[14.056907489758924,37.40319697473931]]],[[[14.086703960962884,37.55429906956],[14.09999794094339,37.553297113836884],[14.106495966756036,37.53970208733926],[14.099700666541914,37.53710392791779],[14.086703960962884,37.55429906956]]]]}},{"type":"Feature","properties":{"id":"messina","n":"Messina","rs":"sicilia","rn":"Sicilia","macro":"sud","mn":"Sud","pop":595948,"nc":108,"nrd":108,"rd":66.3,"co":258.54,"kru":452.62,"kin":154.86,"drd":6.98,"km2":3256.8,"dens":183.0},"geometry":{"type":"MultiPolygon","coordinates":[[[[14.183505797843596,38.01929518456635],[14.228327300616893,38.010210417897376],[14.308556459579014,38.007792690629344],[14.33860081128373,38.018696259501176],[14.373281175177445,38.01592176429279],[14.424101082646459,38.04009650234348],[14.458130780520808,38.032906271209804],[14.521397173161402,38.041458663089344],[14.553001349892936,38.05829683583259],[14.590803044836125,38.060521395017055],[14.641181808090568,38.07598902308055],[14.689375528159962,38.10909717543649],[14.74670156399615,38.16479709416482],[14.761945285609404,38.15622506940908],[14.791052642095535,38.15214656032239],[14.890346655526697,38.172304245224275],[14.916299977281486,38.19229589539673],[14.967922451527292,38.15332646247851],[15.043282613662003,38.151979346584504],[15.054496925631344,38.14319846457279],[15.05760482271477,38.13092590853462],[15.086762394861571,38.12031414903624],[15.102060516835103,38.12249099200053],[15.170407952373118,38.15160732585447],[15.209385530709632,38.18351364462611],[15.238887875604911,38.236303957751616],[15.237403312418188,38.2696915613837],[15.2529956403456,38.246799891433355],[15.24133528281826,38.21967485259053],[15.24447210835984,38.214043770292875],[15.292535722179794,38.20640915270905],[15.353688000692987,38.217752875194904],[15.426442671471596,38.2415451997761],[15.51740203568933,38.296096165385855],[15.540236705840504,38.30118827885936],[15.609171125864579,38.27447141561368],[15.6490971870878,38.27079694592236],[15.65059558878264,38.26470279304268],[15.584415038533846,38.24696121333893],[15.573332503292795,38.23496321127486],[15.560199535551899,38.20168832638861],[15.57619441283471,38.19509956193542],[15.529950983153714,38.141023817190714],[15.493696552134175,38.07480271497759],[15.349613469217354,37.92359243750696],[15.343397117730476,37.90990250978366],[15.304399296807185,37.87567656213572],[15.297697615765406,37.85070267414721],[15.270653742539084,37.83210387159215],[15.271895694418733,37.82500025317759],[15.258098945985772,37.80730353991886],[15.2455041239896,37.810202766172985],[15.245863440787,37.81815387249189],[15.209542912462256,37.85975213570753],[15.149826726577542,37.895575525994445],[15.132500702592957,37.89460327980425],[15.110336446193987,37.90605307404645],[15.071323185961607,37.90382053420762],[15.042599664533709,37.89370373957463],[15.010401995917197,37.899552702009565],[14.979903448790555,37.8931027424511],[14.977981329858506,37.90688758405429],[14.955702920817098,37.911403006100926],[14.941088289140104,37.94989800175981],[14.928725533965817,37.9603716853713],[14.856801848420591,37.926804386282704],[14.848204309815259,37.942200405343065],[14.851352701028347,37.95379921945042],[14.843278378027986,37.95829950330115],[14.828498328261158,37.93510415121112],[14.800855114922687,37.9531924627109],[14.764509543923817,37.93951658066823],[14.757251170714706,37.91542135443352],[14.778494885605424,37.90410010691383],[14.76690067186791,37.88850392067674],[14.759777977966596,37.89967097154033],[14.738918641801183,37.9008707992193],[14.737673472835352,37.85101583052015],[14.742358319184644,37.84922061137866],[14.760200379330389,37.86849565119425],[14.77799822939947,37.86239693264308],[14.788925718351026,37.852827345658355],[14.802496232554326,37.816399578931],[14.800697099503628,37.80340494575376],[14.773002612582635,37.81230286136124],[14.76209528702646,37.8228266392204],[14.719503656133448,37.81700000663012],[14.679100154360137,37.79550333166741],[14.642383276386205,37.807344994876466],[14.597201538555982,37.81050294162493],[14.552504129639885,37.839700043927365],[14.55880266260935,37.852997012207695],[14.572952744769418,37.86156922201291],[14.568058666890751,37.87822839559943],[14.549769326443403,37.87546500985661],[14.533467288061946,37.86083845032111],[14.505156816185108,37.850521877891815],[14.49279699623386,37.82470197303134],[14.473599972627241,37.81090327216972],[14.454104312084091,37.816901940298735],[14.46174018429015,37.84291012248587],[14.426201633465825,37.85310323967105],[14.407913769771858,37.86557823745765],[14.395399113435026,37.84830535972301],[14.389322812720973,37.85236285045538],[14.348987352691365,37.847360627607536],[14.327499624833942,37.837204044556934],[14.279967960641242,37.839988249795674],[14.273303808009087,37.8470014023929],[14.268203814474985,37.875900244706465],[14.274503926953606,37.904198057564926],[14.2883887293916,37.917047631605485],[14.252152682605342,37.91965009016336],[14.253289113432166,37.93443530871924],[14.226405736291694,37.95080221016612],[14.229103964031166,37.95783093111688],[14.183505797843596,38.01929518456635]],[[15.56477667484915,38.191932871593146],[15.558555994987815,38.19786011597352],[15.559255735938052,38.18965736686326],[15.56477667484915,38.191932871593146]]],[[[15.188503688144708,38.78780111427048],[15.18970325919721,38.795996974952246],[15.21290194881791,38.810196724696276],[15.242195988473773,38.80499790450028],[15.226797310422144,38.77720244605463],[15.214999923933942,38.771503676109084],[15.188503688144708,38.78780111427048]]],[[[15.054503991643287,38.62920089846965],[15.062303032423703,38.64349633233856],[15.076896375171172,38.643997414897825],[15.073198002335888,38.629002711995746],[15.058501090767773,38.625003909978034],[15.054503991643287,38.62920089846965]]],[[[14.93880395266304,38.40949786235015],[14.953043285044302,38.417662671772646],[14.959999890505648,38.432295811901874],[14.968794783319591,38.42609957224706],[14.964010297358218,38.412567788249625],[14.99719703537229,38.3962980243264],[15.006095981065576,38.375600100633],[14.9923993585477,38.36670348142957],[14.976501444602192,38.36910264302909],[14.949102180375789,38.385102120197885],[14.93880395266304,38.40949786235015]]],[[[14.89830365193043,38.48999890675698],[14.912502102062302,38.518396744462045],[14.960498915216535,38.52339622714609],[14.963416642382144,38.49013505805208],[14.97689747971208,38.48599600194589],[14.97939554071496,38.479102567809],[14.95668734239927,38.476106116447234],[14.962495980924462,38.45169952713062],[14.953099685459195,38.43930384278219],[14.9432032424159,38.44350257346066],[14.932042786073954,38.461047313791674],[14.912501628200568,38.46510251532039],[14.89940307732471,38.47910139789655],[14.89830365193043,38.48999890675698]]],[[[14.796704304042906,38.56080105862876],[14.806801887335489,38.58279660836253],[14.866798450030256,38.58309661770872],[14.87369637566299,38.56120068802086],[14.86856772115708,38.55191762092707],[14.87109592317272,38.536602916898914],[14.856427396667119,38.534327411462414],[14.796704304042906,38.56080105862876]]],[[[14.539404082699045,38.57749956098654],[14.545301619252943,38.585296615719415],[14.575698099558004,38.581197098459015],[14.587093442718263,38.558599916050554],[14.55580128394948,38.55770365011749],[14.539404082699045,38.57749956098654]]],[[[14.339203043855814,38.54270020249706],[14.34900123936967,38.553896282704095],[14.366396074512934,38.54959875001844],[14.359297796275678,38.53170363778227],[14.341402663068918,38.53470241213052],[14.339203043855814,38.54270020249706]]]]}},{"type":"Feature","properties":{"id":"palermo","n":"Palermo","rs":"sicilia","rn":"Sicilia","macro":"sud","mn":"Sud","pop":1194439,"nc":82,"nrd":82,"rd":42.92,"co":216.94,"kru":476.87,"kin":297.56,"drd":1.91,"km2":5009.2,"dens":238.4},"geometry":{"type":"MultiPolygon","coordinates":[[[[12.93090376570723,37.88740086716386],[12.94139974173383,37.90569466639115],[12.954400049623477,37.89707433526043],[12.992814722222679,37.89792336064939],[12.994905415559998,37.907094999657275],[13.017353633170643,37.90066139326026],[13.044063018719045,37.91693651573092],[13.042903656417145,37.94910022906597],[13.048630422776654,37.96043693242138],[13.00370257982301,37.990502644609336],[13.004840505150865,38.007036585448496],[12.983802861263698,38.0208015348667],[12.983120355404214,38.03547193058647],[12.977207052997969,38.04029905684901],[13.076775916456743,38.0877245279341],[13.06853095458727,38.120047962206044],[13.05290508101228,38.13919785409366],[13.066883873200716,38.14286990828437],[13.082280788045102,38.15719551236678],[13.080757612216754,38.17404955889613],[13.105600986628962,38.19089649601253],[13.121999460429262,38.19139663826538],[13.138320249445803,38.18367081602234],[13.155898983574904,38.18669655612654],[13.16238909405558,38.17287657820236],[13.173033391711245,38.16933840076361],[13.194617971643329,38.16994454663226],[13.236956065325844,38.186016034103936],[13.2479019526957,38.19899674321865],[13.273640194324583,38.198771129342596],[13.296302036182581,38.217496741050695],[13.318098483200265,38.224095737883324],[13.332734741699579,38.197444386397535],[13.359398381783784,38.19019690396635],[13.36549729971782,38.182498632379186],[13.374996008582324,38.15390033845372],[13.363219714022048,38.132101914006434],[13.38433046019311,38.10874531862784],[13.442955096039293,38.094912443709234],[13.491981499710509,38.10297424988157],[13.504663951628642,38.10840845339116],[13.50850205229613,38.11959475939863],[13.532699258392997,38.11129514278689],[13.540796002079642,38.09199948036725],[13.540330975970804,38.059174723624764],[13.567696237909107,38.038004077272156],[13.652616628052861,37.99767746233739],[13.703897474930558,37.990796582699595],[13.711017088399608,37.977434867992244],[13.745338673421227,37.97014387310665],[13.797710367120274,37.97505259178007],[13.854703312350072,37.98863867974459],[13.945701589678698,38.02819550385366],[14.005693097439089,38.032347751811244],[14.031197911634013,38.04049624913314],[14.062871895086683,38.01911977275193],[14.107110198971887,38.01466884296093],[14.145900756981023,38.02599632800721],[14.183497328899657,38.019297082522],[14.230395277516989,37.95679945634532],[14.228996169989088,37.9506914678061],[14.25309703066563,37.93509709279729],[14.254911237193626,37.917036722658665],[14.291893424496362,37.918696597955055],[14.274921041879313,37.90317581930507],[14.268750290785322,37.875935302292866],[14.279894621800494,37.84000051353285],[14.264874375583723,37.83108060905491],[14.263237880187194,37.81915837958499],[14.272293745390948,37.80060272938834],[14.262513878772516,37.794113096085546],[14.270195933855462,37.789797290380875],[14.269615988062757,37.77557418841491],[14.290995835189925,37.76429822749426],[14.288201692496585,37.75356127298004],[14.294796268680198,37.74729862530323],[14.273210884320752,37.71988288100034],[14.268497047170888,37.70450216035319],[14.2522992089739,37.69340369657588],[14.241381360830545,37.69486915674116],[14.216498808612222,37.67770347454875],[14.184300369738198,37.669903995209104],[14.17479234788118,37.67610036254877],[14.16149764891325,37.66937453764329],[14.163496770400144,37.6372015802752],[14.1322981388135,37.61210332001238],[14.123702807573931,37.61220338436636],[14.120405768180596,37.629464915935166],[14.104300983622672,37.626203629498924],[14.077774553139191,37.64421972967172],[14.05415209053623,37.64764678050388],[14.024962933671985,37.631162991810726],[14.02015953598059,37.61892517013902],[14.027395914645647,37.60240199203056],[13.956500491306832,37.58560388202174],[13.923405626468966,37.59650233142046],[13.928042530076011,37.60780865888723],[13.899402996234647,37.618102073066524],[13.903203457139151,37.655699544897665],[13.88830230498636,37.662701978900486],[13.878731568642072,37.6801671381053],[13.813904250487976,37.70470161411162],[13.81858326597912,37.7260361308438],[13.805572896986867,37.74367829510552],[13.7768800357019,37.722243833127074],[13.776895945715333,37.702202531332766],[13.74622480978519,37.70404346356791],[13.732498888544596,37.682903664988395],[13.695573270186706,37.69474568307432],[13.681073936813956,37.69272795011224],[13.673498229769717,37.68853557874961],[13.66919740233973,37.66980184147894],[13.655498736067388,37.65820323472669],[13.601147831882653,37.65582091734894],[13.569199033092444,37.6359038682604],[13.525814890688302,37.63833251366964],[13.510504133941375,37.648200996435406],[13.508627521942339,37.65890742032741],[13.46380235070125,37.64660471208383],[13.45277210309412,37.66023476965898],[13.426300285834401,37.64320413815332],[13.415789783822133,37.65542880195375],[13.395335733699303,37.65950853316861],[13.385694686628872,37.65349954346404],[13.386705236488002,37.635923501182425],[13.400794440449566,37.61800261944072],[13.386639399822089,37.611873185711985],[13.381756532043504,37.59228435722953],[13.391064266248316,37.57351609955023],[13.40377604141673,37.569431770121554],[13.399196975060672,37.55640312455719],[13.356400749947234,37.53920495966004],[13.34000293262191,37.55310147827929],[13.341825287334517,37.574770665083044],[13.320605460122934,37.58810088322611],[13.333739745296604,37.608211124605326],[13.319307270978543,37.62550129454416],[13.349891129545187,37.64571054727473],[13.347625905107842,37.657043288692954],[13.328184486160486,37.661803675731626],[13.312859630111207,37.642549465887704],[13.300599711970563,37.639004235490546],[13.274790367136623,37.64659977223847],[13.252198534403169,37.611807105057565],[13.212403375984563,37.64050291726102],[13.21418678508187,37.67299654258742],[13.187614982502561,37.691338722325156],[13.148300848621384,37.68740304404841],[13.122501728840597,37.70124590072137],[13.079398547383544,37.690206447267265],[13.04680179026828,37.71200203391359],[13.028265973133804,37.74002474157149],[13.012104095145496,37.74260215807115],[13.013870600708605,37.74932403428378],[13.065327511148388,37.7582564619602],[13.095430721872093,37.77132231287686],[13.091266154492835,37.78047640081029],[13.074904335383144,37.788401037041865],[13.093480006448415,37.811531609216956],[13.080176714073897,37.81886654548164],[13.055700647507045,37.81070385367237],[12.970702307546873,37.823803208425815],[12.965242169685732,37.835349196305614],[12.949501844484457,37.8377035963936],[12.942904031738195,37.84490049305713],[12.957274799428355,37.86416506222652],[12.949102623596152,37.878319117976986],[12.93090376570723,37.88740086716386]],[[14.030414271632067,37.70689666863278],[14.043795959491936,37.69400035254442],[14.03969837357387,37.68920367720438],[14.011944631754652,37.690001275903704],[14.00767934137388,37.68430583916789],[14.006547836571714,37.671588572742614],[14.018113337664929,37.65760766365793],[14.03353788027656,37.65582604400936],[14.062601155950322,37.67489633959984],[14.086778634556387,37.678397761526924],[14.077803892072795,37.687801684491966],[14.090394493165963,37.698977277458916],[14.08930485174092,37.70681718579661],[14.068702728167601,37.71230385708274],[14.065090889987621,37.721021218879265],[14.042563382202994,37.725152408497266],[14.030414271632067,37.70689666863278]]],[[[13.152804227220583,38.69360215241415],[13.159302705363581,38.71189761450808],[13.172001305018368,38.718296620927454],[13.198397135241738,38.71319723369915],[13.185898007701521,38.69620334990481],[13.152804227220583,38.69360215241415]]],[[[13.143203503065681,37.63909994094048],[13.168698974082355,37.645696174693406],[13.18289598301825,37.63569864344171],[13.145503389034015,37.625903273213],[13.143203503065681,37.63909994094048]]]]}},{"type":"Feature","properties":{"id":"ragusa","n":"Ragusa","rs":"sicilia","rn":"Sicilia","macro":"sud","mn":"Sud","pop":320976,"nc":12,"nrd":12,"rd":68.85,"co":230.33,"kru":422.77,"kin":132.14,"drd":0.69,"km2":1620.8,"dens":198.0},"geometry":{"type":"MultiPolygon","coordinates":[[[[14.33790567954282,37.00149918681285],[14.366530877153515,37.00671002237996],[14.444101973566148,37.05299624116365],[14.470331290005339,37.050455828702],[14.533896216815997,37.07549545914588],[14.533384986924862,37.06518402141466],[14.544487873977623,37.05488852703412],[14.564081342054749,37.051802425226],[14.613298551077058,37.09159450230101],[14.617678611360548,37.08108000811526],[14.628306762426945,37.08098865573417],[14.64167360169852,37.08631688020029],[14.648761998942271,37.10063206841841],[14.660300313636775,37.10659606959823],[14.676608154783048,37.101945925989696],[14.70620172567504,37.1255954910316],[14.72909582079182,37.1173981101389],[14.728154343015342,37.096867595028826],[14.742800239365089,37.10079586668653],[14.763350482581695,37.095653348800646],[14.787102802787539,37.10944955198215],[14.7733043411864,37.13509908369223],[14.778568990654943,37.13926774462885],[14.80099523846868,37.12539947604604],[14.795607367560011,37.1165733305117],[14.801336774702762,37.110803895409525],[14.818094260053416,37.112095932189405],[14.820284787786312,37.08041321318246],[14.837792003109998,37.06240343852001],[14.82311211393388,37.06657976338186],[14.818732688738896,37.053879957611144],[14.828717253925022,37.04874104639361],[14.836099306949597,37.05569413610983],[14.84078821516169,37.03915036882936],[14.853197743682653,37.035296781002565],[14.856979031541115,37.022239994053116],[14.88709603435115,36.98859866543985],[14.888949990093789,36.96081669360614],[14.905894372926284,36.939701764707145],[14.917144517941999,36.93524623602389],[14.93779614227826,36.90329999095044],[14.935699053305713,36.89880580835031],[14.920687815097434,36.91451315611919],[14.898676935192931,36.92523144201599],[14.87910327664437,36.91568356618605],[14.883854729997694,36.89956043877127],[14.910798437925381,36.88729687630709],[14.938694902078074,36.86369950466317],[14.922300227289938,36.84820337944734],[14.886314721431035,36.86815667282304],[14.868944236406987,36.868767788271995],[14.85523679025361,36.82590859407643],[14.860721769685725,36.81778554736709],[14.890424131537616,36.82410375586448],[14.903616301599534,36.81334975745079],[14.923599457803496,36.81389611032375],[14.944548891883098,36.79851588618589],[14.953599915764064,36.803395480485214],[14.985198110588147,36.78069775302877],[14.991997095069166,36.766799293203505],[14.987670067788335,36.74935821214138],[14.997479388889799,36.731475574070735],[15.00029602862199,36.702702934815406],[14.972599500946435,36.69260342694866],[14.956601407816486,36.69410383650746],[14.91029416807499,36.72438647828689],[14.87689981843252,36.73118928322376],[14.850218478683233,36.72763606796391],[14.826998958422998,36.71500361802193],[14.811275245426588,36.71555239837385],[14.783100629313362,36.70360385384436],[14.743455935821816,36.72052771485544],[14.689870991240248,36.721275057131805],[14.671003264392398,36.74226394118655],[14.638945738571055,36.76110765344381],[14.587422108209966,36.77711066817642],[14.493501332668401,36.78650353610498],[14.457504315562662,36.81940210886325],[14.444180459945517,36.86970271803453],[14.416447279496595,36.91163281334695],[14.382927961417982,36.95627920660013],[14.33790567954282,37.00149918681285]],[[14.840998657377714,36.946758501126546],[14.876991319272495,36.94126955490324],[14.859103004302293,36.95910207790671],[14.854164501006348,36.974318865954636],[14.8395544915384,36.974563605804455],[14.840998657377714,36.946758501126546]]]]}},{"type":"Feature","properties":{"id":"siracusa","n":"Siracusa","rs":"sicilia","rn":"Sicilia","macro":"sud","mn":"Sud","pop":382690,"nc":21,"nrd":21,"rd":55.27,"co":243.59,"kru":477.55,"kin":217.37,"drd":1.43,"km2":2123.1,"dens":180.3},"geometry":{"type":"MultiPolygon","coordinates":[[[[14.781868492355049,37.210981320266804],[14.774503117644354,37.22869682237252],[14.811302165772318,37.256596388165974],[14.846362162453444,37.259583809238045],[14.857501002660065,37.27248572504706],[14.855804734888096,37.27959720723067],[14.881464481122201,37.28592850898186],[14.879704091753723,37.29719844613856],[14.890254878163821,37.30905758490107],[14.843122581637271,37.324480421781715],[14.80460029819859,37.315603653633],[14.78956989140438,37.325444714316106],[14.779502938651707,37.32450404086136],[14.778504129409065,37.32979861430067],[14.80850114094976,37.34959736890105],[14.838070171808955,37.35764371879594],[14.842902597252728,37.37889723151085],[14.877675615866337,37.38964004322826],[14.886769484710374,37.397911086032096],[14.887503405910426,37.40779771954389],[14.91550006681168,37.41279728231004],[14.943297767361875,37.40449717780835],[14.95670854550648,37.386212875585876],[14.9816071825283,37.37422126745769],[15.014692474422642,37.36927379344358],[15.026001240961984,37.37849374824843],[15.03486517897959,37.36241358810596],[15.090896856961093,37.358596324484736],[15.105101847511564,37.310950274013905],[15.13929833657437,37.30679663066827],[15.160603855965183,37.289980243466175],[15.171499922328124,37.29329651910985],[15.188472061249813,37.28066897123691],[15.20000185468053,37.2932960666397],[15.209097606513415,37.29109700839296],[15.25299655268535,37.2441970866635],[15.253996180423357,37.233702894783875],[15.245775080426542,37.23221356875178],[15.233975263113003,37.24163769201584],[15.224748822942297,37.23956807205359],[15.224498793824882,37.216204354674886],[15.214259571481836,37.246913139967035],[15.191381316770247,37.23517954681274],[15.194995540079026,37.22619979968291],[15.183061377505426,37.213535832588626],[15.18686143269711,37.19125625492264],[15.20129578823523,37.178198892620124],[15.204885570842544,37.15483148323642],[15.218965587828622,37.14993519213926],[15.226803403197803,37.158896273386716],[15.235598266791428,37.1580969177018],[15.244655226342752,37.14586051824002],[15.228711011955943,37.152236104283894],[15.220614641366542,37.14446906210864],[15.221025768621802,37.12957177524947],[15.237128698143195,37.11571962750116],[15.263597462278689,37.106163964650406],[15.295697342395444,37.10679701385363],[15.301396164338287,37.08020222885472],[15.292861655078221,37.069597991990776],[15.298695476773768,37.06099983672293],[15.294200653388037,37.054007236136144],[15.290206449792596,37.0620508798815],[15.277003236073208,37.06407602053158],[15.271040699286756,37.05206136340977],[15.27553982193564,37.03980896527071],[15.288312338759662,37.03287682812188],[15.303299560648584,37.042995997608735],[15.314838321473719,37.03723083926314],[15.336796255688757,37.00759971359896],[15.33399772152029,37.00170403284661],[15.31490167223964,37.00360349009681],[15.29956319509405,37.01488524949554],[15.267888609435804,37.00233046927385],[15.259096824746011,36.97320294533096],[15.209738153675238,36.96380441012466],[15.168098089788426,36.92190311239865],[15.153509389088422,36.9145950782191],[15.135997389728315,36.86630367271656],[15.126349432620001,36.86531262064809],[15.110817468315542,36.84839045237238],[15.105165726572128,36.83394935985974],[15.109796079211462,36.81700011106257],[15.095420852688013,36.799143897691025],[15.094814468066449,36.777560595976034],[15.108729421899424,36.74942903184749],[15.119394416187074,36.744796419459504],[15.123493287330678,36.70215463775712],[15.141115571919396,36.68429854277316],[15.151892346036009,36.685700164525315],[15.139923140077363,36.68250342570432],[15.132698976286276,36.66760453415496],[15.113323593158901,36.67328597327936],[15.081700332498825,36.64910454752499],[15.056602436604905,36.66180316613518],[15.042059819194007,36.68897033053627],[15.026641036567245,36.69861621118327],[15.000302843388654,36.70270339395562],[14.995804414592662,36.709400313309395],[14.99748378411877,36.73139735263154],[14.987703638468783,36.748201949350154],[14.992024296282226,36.76639668171506],[14.985082381681748,36.78076801957107],[14.954882390295445,36.802313811082115],[14.944001929601077,36.796405771287134],[14.939996893703158,36.80616737399226],[14.923877009009972,36.81370229553639],[14.90360101386397,36.81330309462193],[14.889438144685451,36.82409118023701],[14.860002697984335,36.81680298619442],[14.854304252008056,36.827699525500385],[14.869301074319242,36.86909644585947],[14.886198833910488,36.86829624106679],[14.922308231250561,36.84832238588368],[14.937400693151915,36.86357375354997],[14.910992261784113,36.88704724436657],[14.883303187668487,36.89990261790047],[14.877504416735938,36.91449875584345],[14.893992446711156,36.927332258570424],[14.863797117616881,36.943191858777446],[14.840903192692522,36.94490366386289],[14.837104363709972,36.97429719183025],[14.860490591588599,36.973997976451116],[14.855483235280431,36.96934162134353],[14.859661836519916,36.95860594058407],[14.903064741690635,36.92229876003541],[14.932185331883115,36.90282573261535],[14.9363223170193,36.90629537694008],[14.917846977641332,36.93439788084854],[14.905203084353788,36.94010191646416],[14.888803121112062,36.960901679281534],[14.886815949909161,36.98899848351216],[14.85650317669974,37.02280120747145],[14.853643312824403,37.034638349789105],[14.840103509016831,37.03880275022348],[14.836846042906137,37.05330490718691],[14.828999208517894,37.04800451215907],[14.818403350140732,37.05350210304422],[14.828785199476604,37.070289481548954],[14.819703681596922,37.0807009686921],[14.816464763680106,37.10956934335101],[14.794504519468203,37.115800786357184],[14.800085239307283,37.12499598311663],[14.793913292868957,37.1320914547151],[14.832969252460678,37.12432609687662],[14.843620612401807,37.13013988058769],[14.84635794603607,37.14492693245735],[14.834604473137043,37.16259976284999],[14.866263563305651,37.1835138040541],[14.871009135847011,37.204378402350315],[14.858512793507849,37.207425452567996],[14.827300294862347,37.19590428192515],[14.819690593878047,37.20797198126795],[14.797284580113462,37.21470192748581],[14.781868492355049,37.210981320266804]]]]}},{"type":"Feature","properties":{"id":"trapani","n":"Trapani","rs":"sicilia","rn":"Sicilia","macro":"sud","mn":"Sud","pop":411396,"nc":25,"nrd":25,"rd":76.97,"co":237.74,"kru":443.88,"kin":101.23,"drd":0.09,"km2":2476.8,"dens":166.1},"geometry":{"type":"MultiPolygon","coordinates":[[[[12.425504999883687,37.80309931471494],[12.441399812051008,37.81329598962659],[12.457498480020757,37.813872629194414],[12.467936451941485,37.82782181816432],[12.46690376460418,37.84039957707999],[12.485385093853147,37.87414208273846],[12.46670282013468,37.89180219371552],[12.459304541977163,37.90839910812326],[12.491681204589225,37.9512753548376],[12.498217776466658,37.9657096759183],[12.495403523692081,37.98489773457082],[12.51898745479026,38.01016836899701],[12.510108243987851,38.01730019317614],[12.569401231137038,38.06889665600215],[12.60198643812947,38.064747762016005],[12.644827561267997,38.077940643480545],[12.661807059517788,38.093589314685],[12.656904231321663,38.10729877528632],[12.662401715167562,38.11269672881759],[12.672299689744651,38.11459577271767],[12.688702370272653,38.105968675928985],[12.71152411270224,38.10995794260321],[12.737173632468762,38.13967877489588],[12.715903709068881,38.17290080837271],[12.72674018853252,38.18774913230336],[12.734594835474095,38.18839610290818],[12.732432945527842,38.18058774190844],[12.738201479397542,38.17631641000558],[12.769896813901802,38.17719796788843],[12.76753576134542,38.156520011774305],[12.790896325677183,38.13519911945993],[12.790272981178589,38.111762690349046],[12.826978765331317,38.06653705547247],[12.86869770869861,38.05129657716489],[12.872002188835776,38.035936196611644],[12.893006885268896,38.024351912562054],[12.977199321343845,38.04029573230365],[12.983496413513745,38.03579839601601],[12.984207049540816,38.020396611148406],[13.00579576127976,38.00649907735333],[13.003914800345331,37.99092152650262],[13.05359204750959,37.95860030306988],[13.043122552244263,37.949834000514834],[13.047096133984267,37.939199972254904],[13.041097389803031,37.923580672548155],[13.046893519292462,37.91740100075034],[13.023965674724385,37.90244249540989],[12.999649775089289,37.905434644143206],[12.992699723080113,37.897404197741],[12.954100677388318,37.89700326533134],[12.9405819878515,37.904111387163475],[12.931392705970392,37.887366276374046],[12.94475966403159,37.88195011695719],[12.95859522197439,37.864798273841515],[12.944003619499659,37.84377665986612],[12.965397780756062,37.835797000037445],[12.971613600338163,37.82384127372812],[13.056076393778797,37.81122217979021],[13.07989998642299,37.81899670044174],[13.087983779304441,37.81230693598614],[13.096794700490054,37.81559404792976],[13.075562076269131,37.78901575734892],[13.100292567333117,37.77110288712582],[13.065498952008147,37.758203722259026],[13.027281763838856,37.75388953662599],[13.007298536514346,37.7399039652488],[12.962053415182977,37.72839981927028],[12.935798168459508,37.69920278844359],[12.918377783284559,37.689552542589055],[12.914496983561182,37.67070376546773],[12.896701333775678,37.66196339048439],[12.88806886854047,37.64441872879156],[12.91689630456191,37.64479761182726],[12.908096629484275,37.59560024940715],[12.89649820739294,37.57710393250532],[12.858325354990821,37.58257531884637],[12.781129816895028,37.58080471282457],[12.672876633548327,37.56],[12.650101980510128,37.575803177324886],[12.606508134840748,37.641087445230184],[12.554738522393935,37.663275416461104],[12.518103302520018,37.66080288525432],[12.471754300607046,37.70325128916133],[12.46993308556062,37.7470702946411],[12.443646531104747,37.78775787410774],[12.425504999883687,37.80309931471494]]],[[[12.428804297911103,37.892300064490655],[12.449993340187689,37.89619847169198],[12.450797288351831,37.848203295470135],[12.444502839538098,37.848103776056625],[12.436106400254488,37.883801804556676],[12.428804297911103,37.892300064490655]]],[[[12.27450374149082,37.936100020687256],[12.278002376794522,37.944797290067086],[12.28938031982422,37.94236606157857],[12.308497822636483,37.95229620765443],[12.322040114463427,37.93135522396271],[12.349097487074172,37.93449672264452],[12.370595670056154,37.918400034791944],[12.365797653548546,37.906203840321496],[12.350701763643716,37.90770398415021],[12.336535300422417,37.919830761112436],[12.286400981365299,37.916003670787475],[12.27450374149082,37.936100020687256]]],[[[12.319903835182338,38.00100021844231],[12.335497601332522,38.020496752143906],[12.353095513747748,37.99289891018941],[12.329968923905271,37.98698640937079],[12.319903835182338,38.00100021844231]]],[[[12.033604371472615,37.988599027578445],[12.03920085249675,37.992996627849955],[12.063896863579206,37.9899967890796],[12.06521453166342,37.97711352084675],[12.091893082300363,37.948600292021766],[12.084299833267726,37.944904298229474],[12.044404130466143,37.95850207014284],[12.033604371472615,37.988599027578445]]],[[[11.926603675662202,36.80220163803153],[11.927103129509218,36.81979901370411],[11.93500206255114,36.83179763748278],[11.95452687942383,36.839477332621385],[11.999606009534833,36.820155101916015],[12.013398778239626,36.825096684418725],[12.048897532355392,36.79979721075004],[12.054496996597177,36.761400846973395],[12.048996985491641,36.7502025982365],[12.02829857723263,36.73590400558372],[11.992901596004934,36.7373040745817],[11.972352078330934,36.763086214761174],[11.956902929714468,36.768103336161495],[11.944588391919272,36.78979173006418],[11.926603675662202,36.80220163803153]]]]}},{"type":"Feature","properties":{"id":"arezzo","n":"Arezzo","rs":"toscana","rn":"Toscana","macro":"centro","mn":"Centro","pop":333646,"nc":36,"nrd":36,"rd":59.78,"co":249.68,"kru":582.1,"kin":235.65,"drd":4.46,"km2":3241.7,"dens":102.9},"geometry":{"type":"MultiPolygon","coordinates":[[[[11.397608250576672,43.548301620234426],[11.408002239799323,43.56079618093651],[11.445046734458126,43.56639052936044],[11.464503379172797,43.58689594970738],[11.492188944461356,43.5785903813655],[11.518523926977347,43.57952790205003],[11.515255213783963,43.59616070952065],[11.493756723836174,43.623163159157976],[11.483908101260578,43.626201132601075],[11.507901596986043,43.64059600360086],[11.543781554679162,43.64450321944447],[11.540203214369134,43.6619972755386],[11.609030445508823,43.68645729990749],[11.610234784350205,43.695322150151156],[11.592266500679536,43.71666719426097],[11.577203649448268,43.72150255600997],[11.572423904350591,43.73493276901396],[11.586384271875152,43.74961197450442],[11.583003136468315,43.76809797743974],[11.602985047645419,43.78634431541318],[11.604803054122224,43.810295841428676],[11.62413772225322,43.81571139364952],[11.62950268940625,43.84599726848275],[11.652222017359202,43.84668642464998],[11.64970391381378,43.86019921428941],[11.670399585020618,43.87679586094039],[11.72199820070127,43.874396968768465],[11.73271388951361,43.86317328742944],[11.784474635620393,43.84755335273726],[11.841367861574144,43.80824895995963],[11.86732353135944,43.816893292224506],[11.89566307075735,43.80789850044332],[11.909698595666205,43.81269585437427],[11.918110972853595,43.79435971401186],[11.947098353017704,43.79079674271899],[11.954161636091609,43.7758056478873],[11.98647556220836,43.762106539909745],[12.00639910532814,43.76649603020143],[12.052999042542885,43.756995893544556],[12.066114161305014,43.7426465082595],[12.07711332462158,43.740928630317256],[12.107500087528333,43.75379611020424],[12.141586613387032,43.752505647865725],[12.163998533635096,43.7622958197147],[12.194502361440284,43.7337332326615],[12.209203023921665,43.75709667030462],[12.228099485521994,43.759595953676566],[12.245412555351281,43.75126199729708],[12.256601501945967,43.76069641114728],[12.28379936523361,43.76489693820965],[12.326997181688329,43.75099672999789],[12.371295646859227,43.709000697273524],[12.357400485191535,43.70210410863951],[12.345056174456074,43.70976176710854],[12.331485087126335,43.706991973329956],[12.336295043068692,43.67810046523845],[12.330799651843899,43.673604545589974],[12.315804770892159,43.67800242395104],[12.320633930328414,43.69390096880757],[12.307167900343035,43.7289695696706],[12.301438388411146,43.72033641766592],[12.305796269546812,43.69800070243666],[12.297197982923363,43.686002524535084],[12.273499856948446,43.676004310221664],[12.249999659343667,43.68056155799255],[12.248197469496839,43.667502263589164],[12.232598399002939,43.65560254119816],[12.187207824107489,43.64275984612224],[12.189531605745893,43.633243002432785],[12.209846925434025,43.62104698404201],[12.213895768971774,43.61080175553777],[12.202702598311012,43.6057081955179],[12.19349770484491,43.58800240833488],[12.162887310872144,43.56146747679815],[12.153199030062368,43.52870462160176],[12.141758136491166,43.53558032422852],[12.103058472252581,43.52987991033327],[12.091042746557957,43.51150857872471],[12.095652008065281,43.499183754413885],[12.14479597020725,43.479498502790236],[12.141297528287252,43.46890305453916],[12.104644351072727,43.46069264703121],[12.099896631712722,43.44780153634269],[12.080361933693295,43.43383612798775],[12.059968318965359,43.438066630381],[12.02576547369191,43.4158947825508],[12.034152332630049,43.40019519555277],[12.073697236947128,43.40369639094276],[12.077224105831139,43.36599178166331],[12.101000758320263,43.37259579367782],[12.11884733572037,43.364245106475536],[12.13549601434253,43.34169881067312],[12.133896637157271,43.31600140133865],[12.126625477365899,43.30530468970468],[12.13299959482958,43.29296862108258],[12.17652513467549,43.28215884848765],[12.19380094092195,43.31309585284033],[12.22369392910928,43.296298951439944],[12.210097592904734,43.28270376848342],[12.176707332225357,43.273520129106416],[12.148598486837248,43.254603377192225],[12.121042512869524,43.254770657769356],[12.094898968918793,43.23720285574504],[12.049158960433646,43.25276856881433],[12.036401072669939,43.24778379815697],[12.039595956974477,43.22910036484145],[12.027496799986235,43.191602118855144],[11.961200090560276,43.16690329819803],[11.931363999624837,43.176234971376815],[11.91949941246045,43.167704093727934],[11.903894529273844,43.17377367518213],[11.887800948077766,43.156404129808074],[11.851402779929575,43.18550216666028],[11.833057063312614,43.22364205209044],[11.796401172170565,43.22190359534341],[11.775426210188787,43.23786250846582],[11.751100833460722,43.237003405871675],[11.721303920620445,43.254301546027456],[11.712345982174098,43.27680606460842],[11.701987861037056,43.28462928889641],[11.678102861115601,43.28560337690846],[11.655272664269713,43.323591914109954],[11.625863088250817,43.3427352559184],[11.566702514196155,43.36330309418419],[11.562117594183265,43.37456962096534],[11.548001872100283,43.37780377146021],[11.53190260905827,43.39200170206431],[11.529803488023198,43.39859960742291],[11.546122201523863,43.42565602173231],[11.542004253423704,43.44259953756213],[11.547168615511747,43.45741176571666],[11.528501842424657,43.45690356195242],[11.511097863170344,43.46809110334815],[11.501100377030296,43.46120487342508],[11.472760166477961,43.484647907884614],[11.458003753156168,43.502400647762535],[11.458948608354095,43.51065562700299],[11.43580232514371,43.5116034363583],[11.425249036422588,43.52952591704099],[11.397608250576672,43.548301620234426]]],[[[12.16980409083051,43.804598887561035],[12.176600554006047,43.81049604933869],[12.217398435837943,43.803228579170465],[12.22430106666969,43.80989571059279],[12.238095975048598,43.80039877821949],[12.237196802679508,43.78700294838041],[12.214132729840543,43.783407521130655],[12.199229322530341,43.77032104138409],[12.186202750680392,43.774202612498215],[12.16980409083051,43.804598887561035]]]]}},{"type":"Feature","properties":{"id":"firenze","n":"Firenze","rs":"toscana","rn":"Toscana","macro":"centro","mn":"Centro","pop":989460,"nc":41,"nrd":41,"rd":71.29,"co":305.38,"kru":557.87,"kin":160.32,"drd":1.76,"km2":3515.4,"dens":281.5},"geometry":{"type":"MultiPolygon","coordinates":[[[[10.711104176443918,43.78640002605091],[10.727701668068123,43.81419600060597],[10.786753490845745,43.79865387576285],[10.815697467812434,43.80869537606162],[10.818306277436802,43.792054199119555],[10.847500206207904,43.802996096304696],[10.882659596801812,43.79392314428051],[10.917690322358013,43.80124235958276],[10.941900846411093,43.823396102315975],[10.96409730888031,43.812497173023566],[10.97909646757972,43.79519868616049],[10.979854020454741,43.7854749808042],[10.998721716425004,43.776980624942404],[11.028596705947452,43.77939717813835],[11.03451833743362,43.767168362853965],[11.056167242975166,43.75915668930086],[11.06249460947842,43.775508640139236],[11.056105829571713,43.780600738161],[11.072860332902891,43.79279243455574],[11.062148891146736,43.81645596749692],[11.069701246464415,43.82509627169136],[11.084043711836664,43.81800855533572],[11.095243953505909,43.82018409995486],[11.124401841232054,43.852696051819755],[11.135296187657394,43.85332842317378],[11.148137070450783,43.8657919922772],[11.134504546777043,43.884200578134894],[11.146193769946773,43.900098009564694],[11.141605488676403,43.90679949200518],[11.16715836835472,43.919919163013695],[11.160803629352767,43.93539922055879],[11.17477710687774,43.950787690692835],[11.171104184079654,43.98039922677412],[11.179897416205677,43.9937585594578],[11.174106593581259,44.00990030069291],[11.187879197666463,44.01860997674021],[11.190531746796006,44.030838563272795],[11.17940354383206,44.04230135953752],[11.180403772360258,44.051098052722715],[11.189102732660931,44.077197422028135],[11.20391671979901,44.08637759894687],[11.198705199476963,44.097599643932725],[11.228400204224547,44.10239596323898],[11.247010116772742,44.0976698143792],[11.262517258392794,44.106455468554856],[11.259387292896646,44.11554495482982],[11.195962912780226,44.143560117791104],[11.195803444014723,44.15139728684742],[11.214317152825936,44.15020400036424],[11.234779487717423,44.158401727993855],[11.281634416851945,44.15598161285277],[11.296005651890274,44.1714973227657],[11.321797236223235,44.18158113254813],[11.324803117419693,44.19499787482545],[11.342900944598545,44.20579585162302],[11.38109451944872,44.2004581965929],[11.421100855449094,44.23929458801271],[11.451196821415653,44.220597967997364],[11.448402309864006,44.1989722725121],[11.518062885518159,44.15753186525828],[11.544824220183365,44.153037875502555],[11.552503407483378,44.165296654385365],[11.56789865371598,44.16669662380654],[11.573673115039202,44.16107725114865],[11.615396682721947,44.15829716996539],[11.615897242776708,44.142503023671985],[11.588197481815438,44.12351779089427],[11.586286891045496,44.113546284348864],[11.622524173509023,44.11711123355422],[11.653464228368826,44.1026132568619],[11.673555491440165,44.113189994879306],[11.678102326786046,44.12219646532922],[11.744199226138564,44.12599633581718],[11.752995605338914,44.12059852040541],[11.734596565279398,44.085502204834576],[11.697748256405639,44.051000144939785],[11.694997038754407,44.03540191092933],[11.681897834165516,44.021203835907144],[11.658424736102207,44.018205230822936],[11.66349490501554,44.00510141802076],[11.646681242670548,43.99112391904896],[11.654473931765226,43.975231933090846],[11.688797820055694,43.95899678520069],[11.692595628687636,43.953200615755456],[11.683125213963953,43.93697731732955],[11.716996589706168,43.92179798735474],[11.715507275353806,43.90329021438719],[11.710196140259029,43.87740260223506],[11.69119982056058,43.87270341233711],[11.669036244267133,43.87613566958858],[11.650403241807767,43.86079393442815],[11.65419576952982,43.84730197602206],[11.629673203623799,43.845824084336535],[11.623636932289074,43.814862597100124],[11.605132430253231,43.80883792192678],[11.60369621225261,43.78740039627676],[11.58317690936908,43.76748329065335],[11.586796346050503,43.750300174724096],[11.573114902746003,43.73298933602687],[11.577600890093244,43.72119139556013],[11.591698558868359,43.71719652729201],[11.611096380136775,43.69439901437343],[11.609296965869975,43.68600285533337],[11.595984035717926,43.68566428786094],[11.541202626436114,43.66231843059308],[11.539424709498817,43.65482141458518],[11.549292607291385,43.646600633313206],[11.508064777028533,43.640619306086606],[11.489283042254371,43.62928140806284],[11.521494860114343,43.581001200262904],[11.491700952341274,43.57840338501163],[11.46657124442503,43.58595714046339],[11.438568199518219,43.56323309682502],[11.408323360499683,43.560248640657385],[11.397662667585974,43.54834177839064],[11.38557140308242,43.54663622034926],[11.378996826949749,43.532502952090525],[11.364099398654808,43.52610408168938],[11.334227271189304,43.528023946672384],[11.295202364125887,43.51860334637401],[11.289027009129601,43.533735568862305],[11.271116507145761,43.54571570150842],[11.267239607718164,43.522258246644355],[11.229675343690356,43.48973739686821],[11.205501169990098,43.48060398701699],[11.174907045115331,43.49090285203465],[11.192380114256583,43.512832580574454],[11.182704147649392,43.52191849343341],[11.160132158496907,43.50776504733524],[11.138152526119196,43.47734405416448],[11.123501308124913,43.47510371890234],[11.11288805825235,43.49639942212327],[11.07340168978856,43.525801153876216],[11.039401516197264,43.53580303264708],[11.03159232366131,43.54539583011678],[10.965005357574054,43.512950019200254],[10.954890075858085,43.49694243481242],[10.961195886167243,43.482098488950186],[10.951497768550455,43.45150372654663],[10.920101509266779,43.45740283330409],[10.909990999274797,43.466155422283364],[10.869903118725892,43.46050314522796],[10.867819086950238,43.472132137919914],[10.851307367565013,43.477802739416894],[10.859633637978682,43.48656600602355],[10.856798700030971,43.49354750054141],[10.838707346496761,43.495604604955815],[10.846209663825826,43.51059970178019],[10.825503864034033,43.535501224217434],[10.829303491490242,43.54999773265519],[10.84700455155036,43.56277934004656],[10.830905410736063,43.5720987947648],[10.840046927183662,43.57758242840929],[10.840337013318685,43.58871815980088],[10.83410614654729,43.60612133645898],[10.822304811572373,43.613901746795776],[10.825502090662699,43.62049650174829],[10.849800338486245,43.62569636877686],[10.872882924899454,43.61660210538048],[10.888601955247841,43.6397960999114],[10.903139530651968,43.6367026559937],[10.930209270633089,43.65699953761837],[10.91590257192846,43.6625026350182],[10.909014321899607,43.680020876421054],[10.891702675223243,43.69240214376566],[10.876288949158933,43.718294967517245],[10.837103197429993,43.716429848210055],[10.826867260685665,43.713102796401955],[10.823598219309119,43.703603547826354],[10.80290111202142,43.704103862912724],[10.7792944714205,43.73610839442733],[10.735358781076565,43.756157622944805],[10.711104176443918,43.78640002605091]]]]}},{"type":"Feature","properties":{"id":"grosseto","n":"Grosseto","rs":"toscana","rn":"Toscana","macro":"centro","mn":"Centro","pop":215328,"nc":28,"nrd":28,"rd":62.19,"co":330.62,"kru":637.65,"kin":244.55,"drd":4.96,"km2":4517.3,"dens":47.7},"geometry":{"type":"MultiPolygon","coordinates":[[[[10.706304789651686,42.94200225158415],[10.714502588617176,42.95919690307796],[10.750526679212264,42.98607804063291],[10.737803824581587,43.00140144333162],[10.74130255973833,43.01449651453102],[10.762299367907321,43.0135971527658],[10.779340097319396,43.00539765388023],[10.792580707682346,43.0158008830765],[10.777104021689826,43.02320182358812],[10.772903924590603,43.04419982361963],[10.781582093307623,43.062070325744116],[10.754134051045991,43.07467599061534],[10.736630973407802,43.06759847735458],[10.712805342095585,43.072901006119515],[10.724665939916184,43.0834264996978],[10.717405797112626,43.108799385912846],[10.747422525741236,43.122683367095576],[10.755402470030052,43.15399611767686],[10.76876194688824,43.14381164762002],[10.806323015203912,43.16218963666206],[10.817534104027576,43.1514124593299],[10.841901978591888,43.16109586915992],[10.943199101512564,43.160573281507595],[10.974477763561206,43.17561670952555],[11.015038857767992,43.178864783467915],[11.021601485290091,43.18909547943306],[11.045051958064844,43.18073652383865],[11.059094883989165,43.18389518427994],[11.060396211544406,43.154901811252394],[11.051542442932002,43.14337060379639],[11.071194615676397,43.12349959562918],[11.064968110846731,43.11096809082578],[11.08288651559118,43.08381047566693],[11.12529800768676,43.09109629688724],[11.130099321471285,43.084631626146745],[11.16630645985254,43.07865033074054],[11.175102891567793,43.08999651756391],[11.230098460540216,43.09219570644746],[11.241712129459259,43.084450948899516],[11.296965495835984,43.07783374841815],[11.30730115621454,43.08749638727601],[11.321082656493875,43.08478025005324],[11.327101626141403,43.09119613053786],[11.352084576245794,43.08027503936907],[11.361161212754801,43.0832540904339],[11.365796924559005,43.05420034154099],[11.359521943518905,43.04036342189305],[11.361272477543094,43.009747593924665],[11.380195184330697,42.99530140852862],[11.37124782054027,42.990282012847054],[11.3774952715065,42.98429834478744],[11.37469751071952,42.978603165172714],[11.353841044734647,42.97377341936432],[11.357475640068799,42.96773025864395],[11.45948977681109,42.95782876327373],[11.485623527097427,42.963786418826196],[11.498001938645803,42.975997359368236],[11.515000351918939,42.981195379388566],[11.536561026101507,42.96428721628957],[11.568399358358723,42.97039665941517],[11.595527383965424,42.95133982624782],[11.610097816033763,42.95109613684351],[11.62689592219786,42.911598054146744],[11.62022602969212,42.88034439398094],[11.637091092385782,42.84948105928938],[11.635496164655976,42.8191998277026],[11.625398925250028,42.79866695620224],[11.64129945831694,42.79969584603812],[11.66081611535478,42.78844640644479],[11.71219841718493,42.79739621159732],[11.762098215106592,42.77959713081626],[11.780302553506678,42.7578757057029],[11.81869351495902,42.74579693361392],[11.800697439312316,42.708702466396616],[11.781705820135864,42.70416255771909],[11.784754978458635,42.672465499908995],[11.800498270149388,42.66859685899393],[11.809296380653436,42.65290064184126],[11.804797921490787,42.64400316269959],[11.780999047276126,42.6347038083189],[11.75172623013647,42.63839464834168],[11.75179655259163,42.62560073747723],[11.736397390983116,42.607003439388954],[11.711627667632918,42.61073956115626],[11.682194344109439,42.59572975273955],[11.685995328940177,42.58480130164276],[11.643398682198132,42.566403521828946],[11.625810548317414,42.56916539970654],[11.616299220386981,42.55990398180014],[11.600634040840454,42.56981673412639],[11.579629515680612,42.56647813728025],[11.584295655314241,42.542801230296035],[11.568466431913526,42.53331628815853],[11.561752199609346,42.51709910235686],[11.616895750574932,42.48749842365275],[11.617797377748714,42.43610351720888],[11.543507245426673,42.441966058505734],[11.516500429374078,42.433604322392206],[11.4888173645376,42.43918653873676],[11.481357785263036,42.43315269380495],[11.481852195645413,42.419645242284744],[11.451502746711464,42.39560023125469],[11.454895892768317,42.38849932983016],[11.449898001853894,42.377604416249994],[11.350583962403837,42.40108424090266],[11.289899459091794,42.40510403201271],[11.272834564481688,42.41859900929864],[11.243322331328601,42.41846652619235],[11.209750513893947,42.408429723385105],[11.213466172101318,42.389132344202636],[11.192026177117082,42.379247591958155],[11.189995955138027,42.36360276364592],[11.1667234647063,42.36812589153382],[11.152702510656786,42.361403477737554],[11.142179488374396,42.3774250034056],[11.09800273464722,42.393203229801365],[11.08970378604953,42.408200977631076],[11.089703984580073,42.4257982357805],[11.105001379235746,42.44759641866713],[11.122429111181825,42.43547880894804],[11.156491132219944,42.43412488057166],[11.177486366032406,42.45090947615468],[11.192276516167,42.50082353426113],[11.190361520369711,42.51764378191739],[11.176107908713162,42.54194331063568],[11.157743076028957,42.56203686378134],[11.139800658228955,42.56096705123336],[11.132799502412412,42.55300494833669],[11.117256894974716,42.56585295223245],[11.104379679137647,42.59735842628856],[11.081838033407246,42.615536202026554],[11.087419583476265,42.61920203977667],[11.083683092984495,42.627884447007176],[11.010003407754947,42.659202828426615],[10.982689876382826,42.71309187479461],[10.951670384584247,42.7367889801804],[10.871432374318372,42.76381416664477],[10.784501013140229,42.775703062355575],[10.733309605359295,42.803498643146],[10.763117271767698,42.813482744063116],[10.775997720505417,42.84338922449975],[10.769503712427788,42.86949857186421],[10.78623043821819,42.88985731101035],[10.771595976027399,42.91065955479452],[10.706304789651686,42.94200225158415]]],[[[11.091404110476404,42.25329990685568],[11.095001787197106,42.25849658901221],[11.114692465627751,42.25909948338531],[11.103475486143589,42.249333974001495],[11.111395667454007,42.24369772677345],[11.109897725091937,42.23820434419939],[11.098302244182396,42.24230280285432],[11.091404110476404,42.25329990685568]]],[[[10.867102587438275,42.3535031667724],[10.867701605160601,42.36889518829263],[10.881832076202713,42.36863306222619],[10.880104168399237,42.38879730468414],[10.904197585030756,42.383297305298385],[10.924695560916776,42.35530066669781],[10.920855372663773,42.35011569813399],[10.931196446054964,42.33799845789828],[10.929196752536603,42.325501990861646],[10.917339370992524,42.319238021580965],[10.882100805570008,42.351599351075265],[10.867102587438275,42.3535031667724]]]]}},{"type":"Feature","properties":{"id":"livorno","n":"Livorno","rs":"toscana","rn":"Toscana","macro":"centro","mn":"Centro","pop":325431,"nc":19,"nrd":19,"rd":64.19,"co":403.98,"kru":668.82,"kin":242.45,"drd":4.76,"km2":1219.7,"dens":266.8},"geometry":{"type":"MultiPolygon","coordinates":[[[[10.294105382135957,43.552401545447616],[10.303901853437337,43.58559657480807],[10.413079366585283,43.61897849020882],[10.437229577078385,43.63407267170206],[10.50878895648543,43.62929654804689],[10.500662603156195,43.623738620378624],[10.486097305051826,43.58640310966789],[10.475511105453297,43.58300968973906],[10.479681362395054,43.561331932225414],[10.464581358843144,43.539580216594636],[10.470757935692212,43.52225269987297],[10.478994014373418,43.51809878691086],[10.474108980454474,43.50465029750072],[10.49889709017949,43.45099824405413],[10.493003001455316,43.43876719238445],[10.5069957922993,43.431799965593534],[10.4943,43.40157062551437],[10.508376897977167,43.364660395366016],[10.539993882115175,43.3677966703811],[10.526565936286957,43.32593887840748],[10.540937726324747,43.312938843140664],[10.561896867017866,43.30829674596955],[10.566752637258755,43.297142129292865],[10.616063672870336,43.28276904729152],[10.650765325446887,43.28363269133846],[10.657101720083709,43.29219634862162],[10.668441771637628,43.29097214656802],[10.68430049049996,43.300795589217714],[10.698196431984584,43.292598220550886],[10.69689683030493,43.28110213912648],[10.667467915017522,43.265203886655414],[10.671994520324212,43.24700272134472],[10.663483712926052,43.2294064885276],[10.671091127810326,43.22230048420464],[10.690294119018187,43.22419688631674],[10.690396445215102,43.20820031048955],[10.677998711251796,43.192903734432676],[10.64539673888297,43.19185958609781],[10.649174812734241,43.17384833325303],[10.663596843343095,43.17329607548578],[10.663212415169586,43.146109680196304],[10.688897350108483,43.142796389751204],[10.694290653258383,43.126725659428445],[10.719859237156005,43.120559688450136],[10.715499237177463,43.11330993041869],[10.72539544683623,43.08250173657933],[10.715326244122418,43.07167456484858],[10.73612550471926,43.06760002891395],[10.753699934436773,43.07489626528472],[10.782637498041563,43.061438418635],[10.773229956796381,43.044332821352924],[10.777391770506856,43.02366993162686],[10.7955961086648,43.01909692354886],[10.780198952062117,43.00420495377859],[10.76228984200397,43.01355424374507],[10.74157616375373,43.01363507877908],[10.738399202582752,43.00177947397519],[10.750596514082275,42.985502188272555],[10.714314914551446,42.958939831018974],[10.706297924106131,42.94200408774691],[10.645113685444782,42.95318656742584],[10.593662267634349,42.95428727225664],[10.563017186851726,42.95106186648736],[10.544816590678769,42.933267445870534],[10.545097046002056,42.921703106629224],[10.49540778065323,42.93160402197586],[10.498565370035633,42.93703086000353],[10.484004354387086,42.96719992874591],[10.48300357722456,42.98829782291969],[10.494800256140989,42.995095659879766],[10.511988988398697,42.99402669951934],[10.511003334927981,43.0127975372102],[10.522121880722946,43.021239602409814],[10.536809225693352,43.086115740516604],[10.538505012549663,43.16816813138581],[10.528140359203787,43.231778922388635],[10.501734583077091,43.290627177644744],[10.45520350127535,43.32860104861021],[10.454767376881906,43.34442041720984],[10.424961889021516,43.39836712578715],[10.40680228060003,43.40880254483393],[10.381110554833143,43.44962344192451],[10.330404113060107,43.47380166132212],[10.331310805179811,43.48417144062811],[10.295604387377212,43.54139924974374],[10.300900866447416,43.54930287515804],[10.294105382135957,43.552401545447616]]],[[[10.10330349076516,42.78659887190516],[10.139898837995556,42.8092952464046],[10.170790568289723,42.80637013114749],[10.1795027455555,42.810996407607945],[10.205498840776349,42.80719618996617],[10.219890935603129,42.79299782357638],[10.241550568558651,42.78748242061945],[10.248711082150894,42.792231834951515],[10.247604456444918,42.798897450916634],[10.269612975774466,42.804048784827316],[10.274644073440353,42.8178586481542],[10.262304526395939,42.829794441536535],[10.295356441996402,42.818747829941046],[10.331889603545685,42.817698453972],[10.316939982655992,42.81038941177895],[10.317071982676094,42.805240420596135],[10.345826670847494,42.796640797922485],[10.359926913589115,42.8019098191801],[10.360202447937246,42.81799634499131],[10.379283917134495,42.82751444092488],[10.407802122819486,42.871396600622205],[10.413598271325089,42.87289584596254],[10.421410774133909,42.85993205053751],[10.444095609530805,42.846899146777204],[10.42875808623696,42.81639248263197],[10.433797038218094,42.77510306039829],[10.399613190834588,42.76091012693999],[10.40827438289232,42.74593491070358],[10.432796912722717,42.73489785074793],[10.43529612522194,42.72070049518458],[10.424199040467906,42.70840297734777],[10.412487795291028,42.715707854230615],[10.384868223600817,42.713996156416854],[10.377158230235793,42.719259919448085],[10.35706456302092,42.758191318120474],[10.344541132973395,42.76383083028469],[10.319714255898175,42.760285004082576],[10.325296143931226,42.7460997209425],[10.321797846746955,42.7370044357711],[10.316302673015969,42.73870290681198],[10.31210282276465,42.757468349168626],[10.300338902795941,42.759465326584476],[10.28299957675534,42.73490348380234],[10.265039476506049,42.74453806789054],[10.238411785122947,42.74758033342594],[10.236598162627777,42.726104175110805],[10.18809960917551,42.73617733638375],[10.139001513139261,42.73270437919346],[10.122302940388733,42.74180337910073],[10.105602633053346,42.762602088035216],[10.10330349076516,42.78659887190516]]],[[[10.28900379246818,42.3351993142286],[10.300101394200345,42.350696349200554],[10.312998916398278,42.35089577519221],[10.327396438641298,42.34269760488181],[10.330096108788808,42.322201960294635],[10.31549921603196,42.314103643876344],[10.297400926947027,42.315603308523166],[10.28900379246818,42.3351993142286]]],[[[10.045603304864127,42.5812010572204],[10.054100590779239,42.58969572166852],[10.07455095681895,42.59158611132678],[10.082745977642663,42.60739001526838],[10.07910541501009,42.61759506134528],[10.088994856493459,42.614698042683884],[10.086541585238841,42.60346283830385],[10.098496749124223,42.58889793189129],[10.100296178668474,42.574901916612674],[10.087699977789196,42.56780431292959],[10.052101653236958,42.57390338894997],[10.045603304864127,42.5812010572204]]],[[[9.889003106029161,43.428199571701434],[9.901503276519945,43.43959397309287],[9.908596297628435,43.434998190569],[9.900499139855373,43.420104236626784],[9.889003106029161,43.428199571701434]]],[[[9.791404504529975,43.022798999496786],[9.799436980443064,43.03545848761313],[9.800104980777226,43.053699114159514],[9.825600368126315,43.072895652968],[9.836695852790065,43.06539872026528],[9.835340895167757,43.050986355398976],[9.847575017516068,43.04513409793032],[9.841797343579106,43.02990198014723],[9.81709723079854,43.00660228895861],[9.80999986942366,43.00230444875789],[9.801102996236471,43.0070031967382],[9.791404504529975,43.022798999496786]]]]}},{"type":"Feature","properties":{"id":"lucca","n":"Lucca","rs":"toscana","rn":"Toscana","macro":"centro","mn":"Centro","pop":380693,"nc":33,"nrd":33,"rd":77.16,"co":310.5,"kru":641.38,"kin":146.89,"drd":0.41,"km2":1775.8,"dens":214.4},"geometry":{"type":"MultiPolygon","coordinates":[[[[10.14320626568231,43.97569903847283],[10.172612330307366,43.986805172851724],[10.172503601222513,43.99789809995547],[10.205171741733434,44.0237375996368],[10.202004895441721,44.034999638459816],[10.222660863495538,44.0509500064013],[10.221943161003619,44.05795712485773],[10.241343192119505,44.07800898977799],[10.242228713313411,44.087633599578716],[10.227292113253007,44.110477755648745],[10.186403522580392,44.12380206209237],[10.183004289932088,44.13989914349601],[10.198941691050395,44.173354717759786],[10.18680421910669,44.20629858813741],[10.230648382570992,44.22836141185801],[10.254778510100373,44.257034791789835],[10.253904044275396,44.26859738666377],[10.296533651279319,44.285475119229744],[10.342803420178996,44.26971585788896],[10.371698840372206,44.269396947844385],[10.407497358004589,44.249296951352115],[10.414213928974108,44.23591126779499],[10.430178496115486,44.22747781074101],[10.46489872705061,44.23109637058595],[10.492895243466727,44.21699886583493],[10.48605988799863,44.20318004039206],[10.522895704565249,44.17489905152915],[10.524774669848595,44.15760482622142],[10.577397164274203,44.13199583989076],[10.584691093857785,44.11965445307111],[10.604186760909693,44.114675018621845],[10.62399931254826,44.12029670018622],[10.643156817577998,44.1074469675208],[10.664967738313658,44.10948037128411],[10.72219697476983,44.08299803808587],[10.725096616384608,44.0638006108047],[10.719047029466427,44.044636311990715],[10.7308976720744,44.03859666608868],[10.73779598273921,44.02490062328005],[10.700771020110128,44.01136903723366],[10.69439662448519,43.999002573026615],[10.672019122025858,43.98175134965519],[10.67147649758268,43.9523368046112],[10.65799690651318,43.91610267519101],[10.648214655194371,43.90886115340964],[10.654596284185002,43.894599816731294],[10.651270228218014,43.870358582483924],[10.67055952262879,43.86645982143238],[10.670906257403674,43.87329838298442],[10.678298934720639,43.875495941409696],[10.688246465776894,43.85682073239158],[10.721096577033386,43.83119776783118],[10.727695858970664,43.814200348619856],[10.711099146451707,43.7864049083552],[10.688326279492358,43.80367233630157],[10.661645960167244,43.80597250562145],[10.645878173505448,43.79570811601865],[10.622498144968501,43.75660320805929],[10.595725599052738,43.76006451476745],[10.553901769246806,43.74980456431731],[10.52770836856171,43.76080949816627],[10.500900680312377,43.75330368269669],[10.469107320831453,43.76606371404934],[10.453301412385413,43.765403493057306],[10.43910430267227,43.78749929610682],[10.450227592146137,43.79449125100368],[10.451585074173172,43.8042394209267],[10.43590294982325,43.811402822298064],[10.424886413509682,43.83193544017035],[10.413698870857663,43.82230492603545],[10.406331279455785,43.82581319798284],[10.379899524793913,43.81250350566377],[10.307153226952115,43.82921665418913],[10.259301695243506,43.81570390773891],[10.242302911629867,43.84910072577505],[10.242001654909094,43.86481800054545],[10.227436938271813,43.88774856259346],[10.180666681478867,43.94272963261024],[10.14320626568231,43.97569903847283]]]]}},{"type":"Feature","properties":{"id":"massa-carrara","n":"Massa-Carrara","rs":"toscana","rn":"Toscana","macro":"centro","mn":"Centro","pop":186759,"nc":17,"nrd":17,"rd":68.78,"co":283.21,"kru":577.91,"kin":181.25,"drd":1.01,"km2":1157.7,"dens":161.3},"geometry":{"type":"MultiPolygon","coordinates":[[[[9.686708477928784,44.36600340765176],[9.71690050510572,44.38319577210486],[9.743070240511939,44.38162827217628],[9.74390377870137,44.38949657646775],[9.754744139730466,44.39141578552294],[9.757302010093532,44.40719679841317],[9.815679784626635,44.452322564387856],[9.819902017904901,44.466396564482345],[9.922073101161349,44.47229512658924],[9.971196643599098,44.46329746107502],[9.972310898269923,44.451513489846576],[10.000997330399482,44.443296682203425],[10.006995940158221,44.43179987275753],[9.990058960112766,44.40572284814923],[9.996710890692714,44.39721415281092],[10.095701819638437,44.348432741990784],[10.142066711541776,44.353865408830195],[10.160897100019968,44.344097548836054],[10.167525336554991,44.330432161621964],[10.18926278483672,44.31518166220493],[10.229139575534367,44.29684300479986],[10.253896842073598,44.26859821284259],[10.255496314546798,44.25660222096636],[10.24675586890856,44.2530420295942],[10.230797793424744,44.22840210848912],[10.187472344494966,44.20516070948609],[10.199695778386694,44.172600920376816],[10.183692434594324,44.14006647557042],[10.186506243989339,44.124546724029464],[10.227250203928667,44.11054523207782],[10.242596682516407,44.08699937314813],[10.239097067855553,44.07160271105491],[10.203444866175461,44.036357459962474],[10.205696801435348,44.0241017490057],[10.173338359732883,43.99810986448792],[10.173496038578193,43.98740173947786],[10.143200671948613,43.975704254674405],[10.064492605573585,44.0279314206572],[10.018804990437776,44.04440132294795],[10.028702404611476,44.05909752794679],[10.070259073077228,44.092080088343394],[10.057775175176339,44.10828662050377],[10.018553326403879,44.11919367439423],[9.993198829484935,44.09260498063534],[9.98356317893234,44.098759617589636],[9.993808662896642,44.10609272546575],[9.99519778371946,44.11595436355046],[9.976303775948173,44.13950009901658],[9.975687502276799,44.164083075905815],[9.96623055993143,44.16910976898258],[9.919567024280736,44.169662882123156],[9.89780059963156,44.16360400257896],[9.89230574858493,44.16809970795224],[9.92759826061642,44.195620603344054],[9.914501129703217,44.19960335600282],[9.907160900434638,44.209598828730954],[9.891130665370454,44.207732232739836],[9.865000827423879,44.180705636510574],[9.857604256704866,44.19350008147353],[9.87341539009879,44.222872522725],[9.857104570628675,44.23410074888546],[9.861079241659477,44.250176103465165],[9.853686235431526,44.26878827297674],[9.815325201570353,44.285764280171755],[9.80570036221086,44.28280358080963],[9.77153282202936,44.30104030678238],[9.753312741426006,44.32258352089615],[9.72950204801686,44.32830318366716],[9.710825626955526,44.36363736469716],[9.686708477928784,44.36600340765176]]]]}},{"type":"Feature","properties":{"id":"pisa","n":"Pisa","rs":"toscana","rn":"Toscana","macro":"centro","mn":"Centro","pop":418561,"nc":37,"nrd":37,"rd":70.66,"co":296.28,"kru":584.03,"kin":179.09,"drd":0.17,"km2":2457.9,"dens":170.3},"geometry":{"type":"MultiPolygon","coordinates":[[[[10.259304358406453,43.81569733799079],[10.307000131019114,43.829396251422416],[10.379721638499815,43.812769788031],[10.426996854321482,43.83299528481144],[10.435947488652863,43.81144543564878],[10.451995873346899,43.804398402957624],[10.450497062727381,43.794102289732955],[10.439341219463273,43.786831429677946],[10.453025648553881,43.765875755525926],[10.469298943631687,43.76619646053107],[10.501404054136461,43.753699656163974],[10.527399886856102,43.76089591486936],[10.555242807434515,43.75076039106686],[10.596299745972935,43.76019657604897],[10.622123165189413,43.7566738689985],[10.645966052123987,43.79594333355905],[10.66160071392858,43.80619646618483],[10.687499609021362,43.804295901972665],[10.71109651947643,43.786396967523714],[10.735535812549086,43.756029995604145],[10.765376534986654,43.73822048749983],[10.777153665554932,43.73814885001796],[10.802496449231512,43.70435825249514],[10.82315266359574,43.70383781209514],[10.824505306284584,43.7127978449991],[10.83700147995303,43.716414906659764],[10.877197379550905,43.719096239191835],[10.891858748295373,43.69234512851956],[10.908997337539981,43.68039751445593],[10.916009382849193,43.662816998514465],[10.933993051414166,43.657697883822664],[10.902264691326197,43.636327724854084],[10.8886692932352,43.6387056880317],[10.873997744724113,43.61420563318687],[10.850538782957964,43.625500902209794],[10.825128907471157,43.61944683219948],[10.84039614373839,43.58959808040828],[10.840396496914137,43.57720209535903],[10.832665401540758,43.56983001883496],[10.848494769786003,43.56220046561681],[10.829540797250013,43.550217553141636],[10.82556254009313,43.535841103058495],[10.846696392710166,43.510099509631075],[10.843081482193728,43.49799736460187],[10.85663750723825,43.493936237694975],[10.860595393106601,43.487200574964675],[10.855219142355898,43.47909919508068],[10.86869687699155,43.47169794023539],[10.870728156332223,43.460920194599495],[10.910798777518773,43.46629640129892],[10.920659020780676,43.45729043633443],[10.951495423703085,43.45149698123834],[10.97866074266192,43.41965932219977],[10.979671204969273,43.406141152243926],[11.002085942623069,43.40129787893527],[11.013996063950248,43.36520139589139],[10.997798006278705,43.3440029948918],[10.97264765642796,43.3431024781111],[10.9700975995239,43.313603780197134],[10.955258336273744,43.31225733984449],[10.952514229957313,43.30417015880651],[10.983043556146079,43.28883371890814],[10.997595793406056,43.265199228518036],[10.991739620764985,43.245753056784835],[10.996295376394235,43.23920003013725],[10.98892925126618,43.23120843792238],[10.939211031525318,43.2447338636896],[10.930387337698766,43.23176283748031],[10.938797345790395,43.22689745720961],[10.941596619218178,43.20480081530173],[10.911427732923867,43.18077730373619],[10.908598665391603,43.15980380467636],[10.84305874782374,43.16076790561987],[10.815402741808548,43.150704501914426],[10.805272657232868,43.162048242319806],[10.769099327950968,43.14360385249468],[10.756894813078155,43.153522157946966],[10.747097901069615,43.12220259018868],[10.71740156474735,43.1088048847729],[10.71717277658371,43.12404765714384],[10.693771564810252,43.126772945010764],[10.688329420300757,43.14227453726741],[10.662802707868757,43.1461030796064],[10.663682414824487,43.171121082249144],[10.649203354742301,43.17160405954974],[10.643204126139798,43.19069936273906],[10.677870514968298,43.19327521148991],[10.689739483864514,43.20702050690092],[10.687102214262291,43.22365772610804],[10.67120036451008,43.222003472409945],[10.663104019878562,43.230498433337495],[10.669849858520859,43.23647239475431],[10.66710366069851,43.26539804870203],[10.696000987676967,43.28067644186563],[10.697800996575339,43.29208012292423],[10.684235787589401,43.30003388691671],[10.6678994522463,43.29070357145399],[10.65734820761051,43.291673107095896],[10.651797955778484,43.2836035541704],[10.616316259810265,43.28271719169458],[10.566302353542287,43.29730326400257],[10.56102457112635,43.30803562357021],[10.540569484354245,43.31307185443878],[10.523106802570286,43.325601856854675],[10.535166359573262,43.344294226893915],[10.537602054335597,43.36564904475921],[10.509002469752595,43.36320304952512],[10.50263451408435,43.3781191076148],[10.494303693093388,43.407798208077175],[10.506661011348106,43.432408019721535],[10.487109195944573,43.437602531006746],[10.49909982347858,43.44985101499817],[10.491904161251083,43.45640135577399],[10.47390354754488,43.50490083528028],[10.476735903573053,43.51810038141605],[10.46430408575165,43.54039919450891],[10.477558880144185,43.55364258275183],[10.475203216585252,43.583997355253075],[10.486408856579958,43.58739034697291],[10.501384230402799,43.6279114976455],[10.477859837186537,43.634385196593854],[10.437160963847514,43.63402974418007],[10.411400831450251,43.61760494073348],[10.298900333132698,43.58140462467419],[10.285585553433004,43.64254333970099],[10.272604388681152,43.67189981422756],[10.2824824088271,43.69229808656786],[10.259304358406453,43.81569733799079]]]]}},{"type":"Feature","properties":{"id":"pistoia","n":"Pistoia","rs":"toscana","rn":"Toscana","macro":"centro","mn":"Centro","pop":290036,"nc":20,"nrd":20,"rd":66.26,"co":280.49,"kru":542.41,"kin":182.9,"drd":4.02,"km2":967.2,"dens":299.9},"geometry":{"type":"MultiPolygon","coordinates":[[[[10.623803668842706,44.14119779652595],[10.641200660403374,44.159795329863485],[10.661456999772641,44.15383246134553],[10.754198237433743,44.15409549447087],[10.77331175478942,44.13471783885455],[10.818833382458246,44.11300670153223],[10.829799774524272,44.1169956994266],[10.849292240364937,44.09855932673522],[10.869977651105993,44.09988839696117],[10.892165681095175,44.092361327953306],[10.905696319411403,44.07870020753734],[10.90057757367807,44.06525374849432],[10.916372079155089,44.06283839371235],[10.926901978818284,44.075497372173345],[10.952068640236366,44.08866726743164],[10.96706023590828,44.103457983310015],[10.968404754284387,44.113799178497615],[10.99610288686702,44.136197138638174],[11.014496829605843,44.13699727969284],[11.01499649374865,44.1252023349779],[11.004994493978586,44.121136427617316],[11.002960017472164,44.11078154623219],[11.024018405245721,44.097548163730686],[11.047097965160587,44.0949969133593],[11.054395813731253,44.07109987894168],[11.037157418076001,44.04127928512213],[11.040395823562571,44.034199932712134],[11.02909750571909,44.016601946127174],[11.01277655142275,44.00565276795654],[11.013683896928587,43.99807956166719],[11.03419966927199,43.99919676106105],[11.071494699413778,43.982897560354374],[11.061397685801042,43.96600277086348],[11.03111194894482,43.94439466081449],[11.020541077079502,43.92016921856138],[11.018545074066457,43.910741621702066],[11.02559607025769,43.89979962251306],[11.01337307922756,43.87095316479966],[11.025796451403265,43.85629896230423],[11.030190105717514,43.8388055732564],[11.021398792649347,43.84051983305009],[11.01089877533331,43.831403156521475],[10.986237168449673,43.826550535744616],[10.984396575899808,43.82010228641276],[10.964100281166363,43.812503739853064],[10.941744396670465,43.82276318530205],[10.917530187789072,43.801085556094286],[10.882799642938357,43.793903186444076],[10.847207714738166,43.80282750446902],[10.81270631952563,43.78890639661702],[10.814840518848923,43.80744042581255],[10.78732039306765,43.79860663391103],[10.727702502743295,43.8142028458284],[10.720861636002875,43.83141554223731],[10.687603217031002,43.85670238183576],[10.679112613064552,43.87457467289375],[10.670399598818632,43.866404506204844],[10.650803258449779,43.87000248479986],[10.65436074091826,43.8945881994387],[10.647704331145784,43.90939988368051],[10.658268912543761,43.91686779854447],[10.671309960758327,43.95188900559461],[10.671403234221508,43.98109874196311],[10.694140391672944,43.99879979873544],[10.700002726273114,44.010897550091364],[10.73714549883494,44.02571920006677],[10.73111608650209,44.03787934303519],[10.718903610544407,44.04390184322326],[10.72497878475852,44.06424965337965],[10.721501496119048,44.08338425132262],[10.692601448983769,44.09420337251037],[10.681751526701692,44.10461688714894],[10.643400865589172,44.107104167774104],[10.62400385202878,44.120302230122874],[10.623803668842706,44.14119779652595]]]]}},{"type":"Feature","properties":{"id":"prato","n":"Prato","rs":"toscana","rn":"Toscana","macro":"centro","mn":"Centro","pop":261094,"nc":7,"nrd":7,"rd":71.61,"co":267.72,"kru":591.92,"kin":165.54,"drd":-1.92,"km2":367.4,"dens":710.7},"geometry":{"type":"MultiPolygon","coordinates":[[[[10.964105119924694,43.81249826051784],[11.024211892959602,43.84228589745884],[11.025477037816911,43.856506588610195],[11.01300372373516,43.86970169356326],[11.025160829577363,43.89888774313453],[11.018204299434153,43.91100072451637],[11.020602228994614,43.92039923848748],[11.030902739495387,43.944198144262785],[11.06139424638734,43.9662316336267],[11.069502534568356,43.97966741503239],[11.03472865648853,43.998976675022824],[11.014302574701652,43.99570402856168],[11.01170401981342,44.00549819452558],[11.028986249330183,44.01651617682217],[11.039588997983788,44.03304275645115],[11.036204388221305,44.04029983351013],[11.054037388092588,44.07063514132752],[11.04950330087171,44.09029707507354],[11.088644530293072,44.09015750246578],[11.127701195121281,44.109695814589635],[11.159099447984588,44.11239588956747],[11.202393933379327,44.100699147658766],[11.204895907251775,44.08530241334645],[11.188887881859326,44.076789192662176],[11.180322350431942,44.05027361980588],[11.180012157288214,44.04192236433362],[11.190795805223589,44.03219855690391],[11.188296409222252,44.01870245425112],[11.176424763113927,44.01028172954211],[11.179995892469618,43.993600128034075],[11.169679754674814,43.962955361499034],[11.175076093308896,43.95162898306466],[11.161214187842269,43.935166951011915],[11.169394068425788,43.918602622518044],[11.144503435393654,43.90853695428013],[11.147395358301967,43.90149955842858],[11.135732810271817,43.88548857162072],[11.14869624615719,43.86660028340811],[11.143697657024983,43.85850234620226],[11.123983648256935,43.85212436712718],[11.094998552371852,43.82000341938468],[11.083801139395456,43.81770423188736],[11.070557823133564,43.824792121091804],[11.06249624792406,43.81685359959728],[11.063218364864337,43.80469061621706],[11.0762928623537,43.79300018222491],[11.058831017825874,43.78284843326045],[11.064893576628842,43.77609954798144],[11.056797368325007,43.75880361495969],[11.034701770518367,43.76690315196406],[11.026511844919636,43.77977726083152],[10.99836808014009,43.77699486187622],[10.977904033056122,43.785403276905136],[10.978632535084708,43.795331614127655],[10.964105119924694,43.81249826051784]]]]}},{"type":"Feature","properties":{"id":"siena","n":"Siena","rs":"toscana","rn":"Toscana","macro":"centro","mn":"Centro","pop":259826,"nc":35,"nrd":35,"rd":66.14,"co":267.77,"kru":578.37,"kin":200.77,"drd":5.96,"km2":3824.0,"dens":67.9},"geometry":{"type":"MultiPolygon","coordinates":[[[[10.908304169541008,43.16450199162042],[10.911003486417076,43.18049799811468],[10.941464964392917,43.20453733977196],[10.93902747917964,43.22595581705977],[10.929304618350839,43.23020198977129],[10.939502221960838,43.245096892376395],[10.987468373648147,43.23138267103279],[10.995227629993842,43.23876865897975],[10.991504101162596,43.24460112398592],[10.996858737468083,43.26521270925758],[10.983540809671892,43.28807702876016],[10.952004268543666,43.302002622464],[10.954003123215951,43.311597638518975],[10.97062245717424,43.31561092373508],[10.97210303552965,43.344296055326865],[10.997359158540636,43.34415632805125],[11.013840200704944,43.36605333170806],[10.999137569314476,43.400440901598856],[10.97890394320822,43.40680181665522],[10.97821586830226,43.420331576787696],[10.950904136781581,43.45010058170381],[10.960965421487606,43.48074186695846],[10.954703911092512,43.497498516711275],[10.965302263281218,43.513996788375856],[10.977165672822414,43.514727540978406],[11.034097582309684,43.54669507392701],[11.039176876440163,43.53598751592655],[11.073697905053129,43.525996636309415],[11.080398732515695,43.515833507197655],[11.11279841105255,43.49649763899061],[11.123631430218758,43.475473646387705],[11.138746484259942,43.47784221260511],[11.160102000981249,43.507797825158725],[11.183499664446515,43.522695588207476],[11.193095780768958,43.514299076467665],[11.178785054805417,43.491998875507235],[11.206785796676709,43.48075790485504],[11.24808952966094,43.50070983841539],[11.271772489038911,43.529030090992734],[11.26970226884407,43.545796458418174],[11.28919731330001,43.53389744624018],[11.29554116774998,43.519082916283296],[11.306532511473025,43.51822537152155],[11.333900806604609,43.5279956168901],[11.364539692121973,43.52630642475062],[11.37879546680397,43.532690290245654],[11.38600172796156,43.54729689882674],[11.40449816639718,43.546896910837226],[11.436255120995153,43.512272628881426],[11.460895248997213,43.5102976576644],[11.459105124333611,43.50107086397715],[11.499907925361132,43.46269135680608],[11.509971215776028,43.468193525838544],[11.529405695150741,43.45707909543526],[11.550693832713291,43.459595199591476],[11.542230917969672,43.4427320524208],[11.546280071943267,43.42613415076906],[11.530242393309438,43.39924846770758],[11.532151924244344,43.39184242619129],[11.54790821300889,43.37796851555277],[11.562397190874837,43.37489671367937],[11.567362819509388,43.36342603568587],[11.625998669761724,43.342697125876036],[11.655067889689013,43.323748189447855],[11.678293667148818,43.286293157697614],[11.700458536123735,43.28575684201047],[11.712196813231206,43.27709718345262],[11.723111340164856,43.25326428982401],[11.75113019002893,43.237123369179415],[11.77499911430532,43.23809593458643],[11.796572390035344,43.22194776852883],[11.833797261954407,43.22449582279968],[11.851411152470655,43.18550869216803],[11.887604495058172,43.15689750131117],[11.903401102218861,43.174495971736576],[11.919281817137309,43.16817979172067],[11.930400768014307,43.17659600256632],[11.961190215178974,43.16689988865025],[11.928596760185524,43.15246682076028],[11.914187092817649,43.127135234775174],[11.930395604841005,43.09429925321259],[11.923791496256205,43.07581256862782],[11.936645082977716,43.05560889322739],[11.947087784690204,43.0553038952918],[11.956600653184205,43.06869644293709],[11.972498469604684,43.06399716434061],[11.982396468498361,43.05090015851396],[11.949930156658061,42.97566222592342],[11.951417115686793,42.948076450067674],[11.933085995152247,42.909610767990046],[11.958896272519388,42.89159849375294],[11.958582074343248,42.87423726020136],[11.926497234476292,42.86718297398089],[11.911798364578704,42.84960289801467],[11.893645983294396,42.84307661709241],[11.894894936738384,42.83470391248209],[11.851026562604764,42.83845211631101],[11.816811449422785,42.824185999756274],[11.806800711252452,42.79480548805294],[11.793192718174788,42.81119169266187],[11.775327360234332,42.82063247962992],[11.753741668546928,42.80280904171511],[11.745999172362083,42.78580406161194],[11.711246827628697,42.79748316269011],[11.66020090319389,42.788403634187276],[11.64156685144887,42.79937714078323],[11.625573210146317,42.797880965361955],[11.62340424699873,42.804497840016104],[11.631723791987033,42.80777209272498],[11.63525253425567,42.818453527219376],[11.637027612548678,42.85005872580703],[11.619703875749885,42.881399560918986],[11.626115945246784,42.91028766317666],[11.621103974691811,42.913802257825985],[11.623381466736898,42.92890774037046],[11.61060410409149,42.950139499623276],[11.59560137224078,42.95110373320604],[11.568358708059733,42.970185021268584],[11.537332008244787,42.964023276456736],[11.515336673184793,42.981132440185725],[11.498208063852616,42.97594521942639],[11.485498704544955,42.963703348866964],[11.459000209522433,42.95770445899704],[11.357936444146924,42.9674379684317],[11.350306708955602,42.97199994804097],[11.374612157277294,42.9789530332783],[11.375880093888524,42.984664656482956],[11.366907930617877,42.98929993274904],[11.378774121262458,42.996603314485256],[11.361103232112086,43.01000050798231],[11.359503608418045,43.04149830409704],[11.365768282871345,43.05447610174519],[11.36191891620116,43.08260805438217],[11.352500245797925,43.07990386840722],[11.328135924261483,43.0910313434899],[11.321698524876945,43.08440412017622],[11.307044375284612,43.08690286865736],[11.297998989910473,43.07730422490402],[11.241700754380407,43.084403168719184],[11.22880808189008,43.09164965243428],[11.176781909749792,43.09001424912509],[11.166899316065262,43.07850329812085],[11.129002169815282,43.084803156391395],[11.123776747640756,43.09100502844869],[11.083600187918417,43.08350330033154],[11.064704159684172,43.11090105641504],[11.069257180684183,43.124664115949436],[11.051103850467486,43.14360055797279],[11.060281234202602,43.155943104548896],[11.056025105928017,43.182423067373215],[11.022364623791484,43.18819272489563],[11.015697917436993,43.17860373531808],[10.975365735309353,43.17580751337226],[10.942899846415704,43.16040402851894],[10.908304169541008,43.16450199162042]]]]}},{"type":"Feature","properties":{"id":"bolzano","n":"Bolzano","rs":"trentino-alto-adige","rn":"Trentino-Alto Adige","macro":"nord","mn":"Nord","pop":539386,"nc":116,"nrd":116,"rd":68.58,"co":137.26,"kru":488.88,"kin":150.57,"drd":-0.09,"km2":7403.1,"dens":72.9},"geometry":{"type":"MultiPolygon","coordinates":[[[[10.386103745437133,46.68020079289608],[10.417640353599962,46.71590581218449],[10.401005664076948,46.732099692773204],[10.4418948866564,46.754078616804314],[10.440584531432135,46.77360208160578],[10.424704674566643,46.788800538812545],[10.429801959818038,46.79649683068588],[10.448522501591974,46.80191237867209],[10.469603289795195,46.85489737218149],[10.4799996379149,46.85869608910163],[10.499369825876034,46.847500184096866],[10.550799339278635,46.849996551921826],[10.557530811701907,46.84030780688463],[10.59650200911623,46.85719636727466],[10.644223788455452,46.86549795281005],[10.66789888869198,46.875895254939586],[10.696895987945524,46.86269841053552],[10.695939859185875,46.851603164260915],[10.723499600862718,46.83724338346091],[10.755698440260067,46.83199698329443],[10.763195433246276,46.8235000303193],[10.745797811817692,46.804302953840285],[10.728200602568794,46.79708957660559],[10.731663364810254,46.787831325233135],[10.756163526054669,46.785256982259],[10.788899876380958,46.794696434214096],[10.81403769782129,46.77551830080336],[10.829126214671303,46.77561086727615],[10.836700599489177,46.78199582262911],[10.881957554461472,46.76324245145348],[10.923199575895227,46.7748963134392],[10.993502897108847,46.76716768082798],[11.013699350674479,46.77209620342277],[11.021534296509772,46.76695279769551],[11.039903012788264,46.80509710905799],[11.081976052692635,46.82294515345588],[11.07200341995675,46.85649735120304],[11.100899987195131,46.8896481812645],[11.097502790118687,46.913996685261274],[11.108242057259863,46.916596360702336],[11.115101120866038,46.931095930366524],[11.139585422575681,46.92771249234358],[11.156034030132828,46.93467305637842],[11.166682382772267,46.944039144320904],[11.164502875169383,46.96559570918642],[11.175160611926147,46.96287918618808],[11.189000734435467,46.97009599422851],[11.208255982685769,46.96339852048318],[11.321000342069476,46.99199601045659],[11.335161177509528,46.98678378003007],[11.358299110339747,46.99039686067772],[11.401389987975133,46.96539748188751],[11.441273232083326,46.97626951282012],[11.452901582309558,46.99209714983994],[11.468652578412843,46.995358295158304],[11.479901093980823,47.01099655739544],[11.512497857264165,47.00459570734158],[11.539040453768285,46.984760362011095],[11.627198616962522,47.012496536325074],[11.635987888993327,47.00260111293899],[11.663814938480282,46.992716523680116],[11.711198404651258,46.9929960869669],[11.727423865199983,46.97318914326596],[11.74718417703707,46.969048587452036],[11.781800872745386,46.991995977994996],[11.836143255168745,46.992931799788884],[11.932021072599767,47.03757650970231],[11.967478872136654,47.040468918205384],[11.979901009729529,47.04989593651941],[12.02030686655509,47.046912996738904],[12.043101115772606,47.06119521468991],[12.070203412719282,47.06004849756743],[12.092901275448114,47.07629688682021],[12.121861883191567,47.074758017741814],[12.186700227366057,47.09179666421932],[12.225597463575951,47.08279642551527],[12.240194029472672,47.06790079932247],[12.217398599711576,47.058135279557334],[12.216396637464133,47.04500107391526],[12.204797701650133,47.02790367415227],[12.147836061646816,47.02419615543658],[12.122489741863514,47.00826051266087],[12.13669612188443,46.98299906152702],[12.132956748196221,46.96246375235513],[12.158197630722272,46.95069654126423],[12.168096400418088,46.937899001413555],[12.148745884440425,46.913285548506835],[12.190198195621782,46.90619667581358],[12.215763400601446,46.874148588579445],[12.242200115275066,46.89109650192571],[12.273997575805597,46.884396620016645],[12.277119096615248,46.87234414171915],[12.291895971821432,46.86519822215374],[12.295781051220152,46.84425119096392],[12.306996317727721,46.8408974185784],[12.30619665679032,46.83390185120958],[12.284460460510589,46.81611280395694],[12.292595931204987,46.80250050943219],[12.281528607364447,46.79114669913046],[12.283418219812878,46.78415459240677],[12.351260842810037,46.77696717690511],[12.358796742488398,46.772897820913926],[12.383608997160843,46.71670071918053],[12.44241076551519,46.688358693697985],[12.473497628502804,46.686896429502355],[12.477594715975302,46.679802088265674],[12.434388334757086,46.668278125237244],[12.405698661258787,46.64320321243777],[12.38044047669594,46.64212735761307],[12.379223827737956,46.6362068633822],[12.389794919850143,46.627499702101844],[12.385198157607508,46.62280340384712],[12.360200497626558,46.619503304927264],[12.338491461528509,46.63104944040187],[12.283800289089083,46.61790334122704],[12.26071422943436,46.62886773933273],[12.192204684096199,46.59450558317624],[12.193984498671002,46.618174965796776],[12.182201659544292,46.62100300811556],[12.171224694440053,46.63398497950424],[12.148030794162315,46.63423105390152],[12.070455005617609,46.67430429687999],[12.066798330587535,46.65315858848245],[12.074195198802093,46.642600693590246],[12.06479680638117,46.62320269186006],[12.046275517637273,46.60906102790413],[12.049868074909698,46.59373872442346],[11.998499969783866,46.53280497240986],[11.987336765249927,46.545065124527405],[11.96634696085707,46.54469044750004],[11.95014288867359,46.5393467739324],[11.94549766433001,46.52940305097788],[11.914238203416035,46.532863111774475],[11.828301121455647,46.5090041206696],[11.824887216893746,46.52213201698657],[11.811101328279992,46.5320056011756],[11.790397453285147,46.514002828849016],[11.774699472792346,46.5092024063104],[11.743700554679597,46.5050042522304],[11.714949925948547,46.513360585400406],[11.666099473846216,46.49730330099831],[11.640192419863077,46.499426157085445],[11.647895708265178,46.485697920463586],[11.644598831584855,46.47290848303974],[11.626419072343417,46.470652224398854],[11.61939587914068,46.42530119166],[11.601696743847784,46.38980189652377],[11.564226197188727,46.38087686677666],[11.557295986292079,46.351002305528766],[11.545500348469576,46.34550385274872],[11.523948608444694,46.35627683451611],[11.480317756635866,46.363086793736905],[11.479596026746178,46.356201365836],[11.46436010697819,46.350975257064725],[11.454397890818075,46.33480302194349],[11.404627373223319,46.324800888874435],[11.384998535513162,46.3025033915452],[11.362458145296191,46.299964985919274],[11.380797671781211,46.291496919118664],[11.397595852976208,46.26480204445967],[11.358802718179376,46.26570262573275],[11.334431392397892,46.29767076207422],[11.312336742928228,46.28245151096305],[11.315895783604999,46.27330010569722],[11.305598285249111,46.25870408152484],[11.289798046009956,46.260879591484944],[11.248834730622676,46.232769448376565],[11.206400570217218,46.21980343633726],[11.17460427547378,46.232601326231844],[11.186631339580101,46.257253818782374],[11.167101841927504,46.26220287164241],[11.138806090528895,46.28330159225182],[11.163152555969502,46.2913790786573],[11.203003418834212,46.34163935869254],[11.191803524057965,46.359000792220684],[11.203848773609398,46.36788077938939],[11.201703833487466,46.37460022075589],[11.214199417102988,46.39857844184795],[11.205005036368085,46.42690021387772],[11.216628701118195,46.438070886708154],[11.212303777068042,46.45529725980367],[11.22017271746443,46.462991368532485],[11.210006056325655,46.493758591565786],[11.18925854675112,46.50740284514487],[11.150398853010197,46.485603292662304],[11.129701462644993,46.481603942219024],[11.111967181357256,46.49707763070635],[11.08940335190823,46.50180245003077],[11.081695350849074,46.530027548140055],[11.041387836554154,46.5158586752792],[11.061896532925289,46.48619801352466],[11.074696961020939,46.454798844960756],[11.072799085667587,46.441504811869954],[11.053893002887914,46.44965051892533],[11.041201849620201,46.447303916823536],[11.005806292514935,46.47676070562696],[10.978977036489775,46.48398586548522],[10.936995622802714,46.466618538618945],[10.93219635146793,46.45360214975408],[10.911599248126416,46.4437037428086],[10.880666789057152,46.44983191639091],[10.861299546544657,46.43610359541908],[10.800401419462494,46.44290378375993],[10.763649945810803,46.485916222931735],[10.744931891903894,46.484777424660024],[10.716597817612033,46.46160296689746],[10.684599296972268,46.45150359834224],[10.621801461133616,46.44800306810265],[10.600687334388857,46.46844189611159],[10.577101275290023,46.47340351863754],[10.55167851391002,46.491287437731955],[10.493765213653045,46.4979390848821],[10.484427564082887,46.49361619155794],[10.458002811154289,46.51060195484216],[10.453204072010646,46.530599091138065],[10.47303214170174,46.544890347765595],[10.484303651807304,46.604198713964934],[10.49135587106976,46.614290673887105],[10.446178048538878,46.64090199938372],[10.410800627615725,46.63520360978591],[10.401702785371349,46.64030225184532],[10.386103745437133,46.68020079289608]]]]}},{"type":"Feature","properties":{"id":"trento","n":"Trento","rs":"trentino-alto-adige","rn":"Trentino-Alto Adige","macro":"nord","mn":"Nord","pop":546709,"nc":166,"nrd":166,"rd":82.61,"co":192.34,"kru":508.08,"kin":88.87,"drd":1.64,"km2":6218.4,"dens":87.9},"geometry":{"type":"MultiPolygon","coordinates":[[[[10.453303636062387,45.97660264416799],[10.465347634327145,46.01743933245218],[10.483997825259323,46.02371901946314],[10.4774057085066,46.05130147572614],[10.491002435967326,46.06679675381378],[10.517070502380104,46.08013377983623],[10.549195503335737,46.11702553208232],[10.549303079744234,46.146497665838154],[10.563761771432992,46.16806828011315],[10.541304640390326,46.18860125036999],[10.550802898162555,46.20679738807514],[10.569693088272508,46.222634839390615],[10.567745958742758,46.232357052232395],[10.58563844264384,46.24608452102088],[10.57583830723134,46.274433866814185],[10.559704691776972,46.283100832620335],[10.579208819213408,46.29993962547165],[10.564803187068414,46.313001838855115],[10.564508413391296,46.32618558366218],[10.5156047279319,46.343203580260514],[10.519302881871099,46.35529670050545],[10.54095167604233,46.35559357544671],[10.546602732278481,46.36639691214894],[10.56670082882018,46.377796223532656],[10.60771936574921,46.379832119806665],[10.62918790141793,46.40228606875279],[10.616403821108173,46.42769968741418],[10.621801086893239,46.44799621545896],[10.685007110235402,46.45170643569999],[10.716144626351547,46.46174088626795],[10.745300979822792,46.484996890041806],[10.764998144352674,46.48599619028934],[10.801073967710405,46.44298986258292],[10.860993939536204,46.43620790983764],[10.88060046288893,46.45039606283389],[10.911727197137226,46.443827342549305],[10.931118567565017,46.45322423637886],[10.937101537580432,46.467096485800084],[10.955241332110209,46.46997539545953],[10.963802963491293,46.481996720031965],[10.978700131513712,46.483996811833485],[11.006098107498163,46.47669746242287],[11.041267097420276,46.447442087957626],[11.053899564723364,46.4496969218793],[11.07231913277946,46.4424010268618],[11.074737733605279,46.4545173586535],[11.061885488912207,46.48601515614384],[11.048977724170266,46.50677316979754],[11.034609113405049,46.51379936882632],[11.05404644193136,46.51661556152972],[11.082398018870824,46.53129537807191],[11.09006769833049,46.50192609686919],[11.111299238832876,46.49749620702772],[11.13089804688614,46.48189156876455],[11.178168084635402,46.49877174185893],[11.187164145384006,46.50866145253919],[11.210451780773127,46.493164292302495],[11.220296503816963,46.4627001587243],[11.212721857987601,46.45327333128632],[11.216496473147025,46.4376022150662],[11.206648200272447,46.42754288524565],[11.215096319751716,46.40679891832482],[11.202058928859241,46.375344731147926],[11.20569499638499,46.367202271921265],[11.192032024182085,46.36005190612086],[11.20359569843062,46.34239988563436],[11.162997984866342,46.291102863652355],[11.14137385284081,46.28442360750763],[11.167376208951364,46.26210405717886],[11.202394078628233,46.25560032358029],[11.185461919480623,46.25206735955482],[11.175017866190293,46.23324396380475],[11.207141768431693,46.220046222911606],[11.248638166680815,46.232677439722934],[11.290200792396574,46.26119599954212],[11.305797978530649,46.25940431072413],[11.315219085455196,46.27273133731102],[11.310904568042494,46.28119940490855],[11.333402039564593,46.29769646943953],[11.340394557001906,46.29789650912314],[11.337190572106353,46.2883844017042],[11.356097156350053,46.27639746901323],[11.35992579473072,46.26542997825472],[11.395383567396186,46.26406721896819],[11.38072495185681,46.291157973918985],[11.359049846976564,46.296155711326755],[11.364101565593257,46.30179615762981],[11.385493590107387,46.30284136138268],[11.404201725122254,46.32499680210516],[11.454174657393427,46.334868650202736],[11.465001294758348,46.35159681403332],[11.478431103655033,46.35570552183684],[11.476904881321724,46.36389602037342],[11.52599722606626,46.355896908213644],[11.545399699729076,46.34598409256235],[11.55565721754221,46.35025156904956],[11.564901604786144,46.381596183881754],[11.592414765954135,46.38359031218885],[11.601504616600527,46.390081236987406],[11.61923609192121,46.425510239996605],[11.624704933976888,46.47109778842714],[11.645975437275846,46.47823502943358],[11.64691452242629,46.48555696961524],[11.632807160106909,46.49929889943926],[11.66609153903581,46.497353082634234],[11.715799115189641,46.513795856414596],[11.743871729633984,46.50509072641988],[11.774697886831728,46.50920964503952],[11.789848312227214,46.51396307433548],[11.811899484720373,46.53249591419375],[11.825496721914112,46.521798475754856],[11.828295441392818,46.50900008813991],[11.81520528764855,46.49952726453828],[11.812946434870115,46.47892454455481],[11.874198761081432,46.47289642918195],[11.886796504719767,46.464597912955895],[11.88879601527029,46.442002299456675],[11.869899307279757,46.43320355852848],[11.849869309810037,46.43281505905482],[11.83207446868384,46.38735148603437],[11.835295478722061,46.36810251346645],[11.819210580283357,46.37606755481106],[11.816096504380877,46.3693023514308],[11.791290173022832,46.367523951295404],[11.775790396536694,46.356471139046086],[11.802296751334344,46.342897635560234],[11.804334003448945,46.332923096076954],[11.8317965882252,46.32509753190899],[11.831676071726182,46.31358524134091],[11.841394605212207,46.3062994279408],[11.826679623715052,46.285114142342536],[11.83735787096274,46.271081657927205],[11.885198376380144,46.27879608613005],[11.886589148858455,46.258628416505026],[11.893497544434378,46.252037941036974],[11.92909305052939,46.24879586924513],[11.911950729517669,46.223838510879965],[11.939310389139282,46.199124370649294],[11.962196349338868,46.19989616815087],[11.962196454164815,46.18790146873302],[11.949917862930693,46.1805433868544],[11.95089606919947,46.1702044118977],[11.9296983673074,46.174359698493475],[11.918810110361033,46.15610131632199],[11.921795399839816,46.14930113283183],[11.903910624789589,46.138201665334314],[11.891798306978089,46.12050328063749],[11.813598581977255,46.10220380007321],[11.774080546949381,46.105399700996244],[11.758800784869665,46.09570478967276],[11.750122059276286,46.10503576026976],[11.717857298680364,46.102971523146024],[11.703399345009549,46.090504227936556],[11.683601760502114,46.090994560415545],[11.686220665559546,46.066727848116926],[11.703897281971187,46.05509798425584],[11.706395670392252,46.04600250666804],[11.678640792443666,46.04563268814424],[11.66830529092269,46.03805739142471],[11.681893019087466,46.026699056595156],[11.669403056205407,46.01646427632004],[11.689995265879386,45.98880044910304],[11.682670346750301,45.977008421676246],[11.685830599368776,45.969273010865635],[11.627505057373327,45.96060411234019],[11.627168814767277,45.97001285032964],[11.587602592032555,45.969104452682984],[11.576861501036959,46.005935414012235],[11.510101487909864,46.011878131443254],[11.468054762836815,45.99749333109547],[11.44679891350076,45.980904486788404],[11.37448789677572,45.98329647314327],[11.380797165304745,45.94270359325768],[11.360237618052917,45.94235712187619],[11.358096530201946,45.92530231030224],[11.347708141193566,45.92137424831432],[11.35069509614446,45.91390036581899],[11.345499178654952,45.90910436174528],[11.31236288953876,45.929008502972756],[11.303069930049443,45.924912214979045],[11.303795589971125,45.91820313999679],[11.26256946745338,45.91857154859455],[11.250559886999703,45.898765027628826],[11.255096446744048,45.8840044107434],[11.239556741663254,45.88172723096108],[11.244295704285406,45.87689754668875],[11.239297219397189,45.85590212889163],[11.221600673907702,45.84831763720495],[11.218996449580322,45.832902365888216],[11.198946312437876,45.824362342288595],[11.188853019376705,45.812525557964385],[11.202693470682528,45.783402398319154],[11.175565644072206,45.78594830960669],[11.178395847273787,45.73810089869453],[11.145451315132297,45.71650226925513],[11.13839592038809,45.69680172015928],[11.122503230909219,45.689105154489376],[11.120302332438975,45.69556369823745],[11.09240073771061,45.695203512876276],[11.073855655653484,45.70307636130847],[11.056331720768362,45.71729167153961],[11.041298332029898,45.706303701843154],[11.02767678616096,45.70470896772683],[11.00994362152226,45.71255908948047],[10.986298374227015,45.688802700730434],[10.968304669775062,45.68010586418978],[10.966062599385964,45.69086082187782],[10.937580210827416,45.67339554384292],[10.91200470206186,45.688300968749694],[10.91665250389538,45.701375867676035],[10.889868789291695,45.71496514351688],[10.843903823213527,45.71860334004593],[10.8500037934827,45.73579748924743],[10.862637882247286,45.74484193698316],[10.867502532296326,45.76509746240289],[10.882848045432834,45.77304896887446],[10.872903672878229,45.78850120127563],[10.886202898339418,45.81309290753425],[10.825632312687318,45.83769905478772],[10.791700412108023,45.833103978263196],[10.775967761476753,45.8429016460322],[10.763935075307765,45.84038177356154],[10.756399253856248,45.830106472693394],[10.735997325673758,45.842588355461],[10.711000568063888,45.83600320563386],[10.697277439978643,45.84082045841927],[10.675699769649873,45.83050331182888],[10.655885461878238,45.83200025593986],[10.651026819144397,45.81256210749228],[10.641400297342397,45.801904004462045],[10.634300408556022,45.80664188466886],[10.601448803792698,45.80298841493755],[10.56349951118651,45.784103996447755],[10.532702950327804,45.788102863156254],[10.53335805996524,45.80150394536603],[10.526105878178113,45.80560129316476],[10.542676656435992,45.81788664348151],[10.528600918040395,45.82643887835954],[10.50820138897893,45.82380399782247],[10.502104375738078,45.83340043806176],[10.502164880109303,45.87105397623228],[10.490112912039848,45.887031135787474],[10.495102669920092,45.8997971607758],[10.506417809269921,45.9044030609887],[10.50772850538417,45.923871910001566],[10.4861027091404,45.94280325074134],[10.486828864195306,45.970308102950526],[10.453303636062387,45.97660264416799]]]]}},{"type":"Feature","properties":{"id":"perugia","n":"Perugia","rs":"umbria","rn":"Umbria","macro":"centro","mn":"Centro","pop":636531,"nc":59,"nrd":59,"rd":67.93,"co":271.72,"kru":559.91,"kin":174.41,"drd":1.16,"km2":6337.6,"dens":100.4},"geometry":{"type":"MultiPolygon","coordinates":[[[[11.912305565130778,43.12839850432742],[11.920376340969629,43.13209265782602],[11.928772077201227,43.152637658313],[11.987600773737917,43.180497009031534],[12.006553807366744,43.18067211204005],[12.027006792054102,43.19121455014016],[12.03933951620324,43.22912350598187],[12.033904278501243,43.246698067011394],[12.048899690996997,43.253196075436804],[12.094747523229474,43.237232688646145],[12.121800624843946,43.25509561225649],[12.148695076036852,43.25474858900911],[12.177227045003603,43.27376554902948],[12.209778009018025,43.28260072549163],[12.22122788699607,43.294019932446695],[12.194683209958239,43.31247243911711],[12.1772979434568,43.282003873959084],[12.132502762300847,43.29310304713047],[12.126104394911588,43.30549964224378],[12.133954161917833,43.316451701622775],[12.135509724594097,43.341375781317225],[12.119085964369667,43.363968377453666],[12.101680505102738,43.37222389487934],[12.077501474683737,43.36550363198558],[12.073003178910843,43.370401238234486],[12.07390458975792,43.40342857398135],[12.033075011452961,43.400292186306984],[12.026703135331898,43.410301396380405],[12.033602053257894,43.4244967521136],[12.060500345922193,43.43839650023928],[12.08080991133931,43.43411330155279],[12.099102682802256,43.447238401130555],[12.10400260395597,43.46049646331964],[12.141675306441224,43.47020976837212],[12.141116856820725,43.48210302506068],[12.095102433254509,43.499202917933616],[12.090904488510006,43.51119926775636],[12.09570346688984,43.52319767772933],[12.10270137341208,43.529996646418965],[12.142099328893723,43.535796041504376],[12.153479854633852,43.53078891049036],[12.162703673597745,43.56139748606079],[12.193487931923302,43.58821747472204],[12.20305087751593,43.6060515693819],[12.213898700920126,43.610795864060556],[12.225986459733667,43.59387729550287],[12.262145774190914,43.589314022560266],[12.287799676718548,43.59459476325462],[12.298890407077417,43.58602127002159],[12.313501988766118,43.602196428979155],[12.356200993243323,43.61739592513156],[12.371293852407403,43.61119881795384],[12.361800848089878,43.59607793053602],[12.373395207382687,43.584299449635985],[12.344898268666997,43.55360353627794],[12.315394499647208,43.549331920935686],[12.314024029308586,43.54218300172792],[12.33352509557025,43.5234953861054],[12.349635007408661,43.52177766452125],[12.366799898578629,43.53409602840057],[12.387294541112755,43.521299148694325],[12.387894971860616,43.510456185441264],[12.39670973852262,43.50985702895323],[12.418001719699417,43.534896650852254],[12.433199549209746,43.53839621898888],[12.457791368726143,43.51756511778908],[12.48050064479007,43.527496285437905],[12.499732267034695,43.52142140782841],[12.564453109648927,43.45968345384932],[12.6245824951399,43.42235158094974],[12.663199960986768,43.43689511678782],[12.707907834412696,43.4255701845975],[12.715203780553754,43.44599774133538],[12.735801374293278,43.46369661606441],[12.767398533256253,43.45989588085896],[12.77639437142882,43.450500964831754],[12.766340394835368,43.44465594660525],[12.76574829753305,43.427049520644616],[12.779695758058248,43.41429938515045],[12.77439749658839,43.40200250016795],[12.747921825585317,43.39094433035068],[12.749386868911204,43.37938672339324],[12.798697283754292,43.32499893339496],[12.799611557927353,43.2907751265278],[12.790881255492854,43.28211095353948],[12.824697319192248,43.266496921647025],[12.82810705834011,43.23576049431166],[12.837332052726078,43.21762343628304],[12.865297664986514,43.20609891717998],[12.862496233330333,43.16600185563145],[12.851897652428095,43.15390351474723],[12.833128510108944,43.14728990852011],[12.831703469835187,43.14093605861443],[12.843874939290558,43.122646508860775],[12.875454799031237,43.12345821573868],[12.883396283351765,43.1173979343128],[12.88548037079202,43.09929492389134],[12.897296214750652,43.09349633927082],[12.89012863776241,43.05881003381981],[12.89243089562775,43.04785810206595],[12.906795873928864,43.03539920221201],[12.8881861225806,43.00983026961207],[12.90819553752825,42.984899212457265],[12.897277846044997,42.964049724339056],[12.947996923054127,42.9414968787622],[12.950617344514475,42.9301072851677],[12.976795635201604,42.92559851120457],[12.96862085020951,42.90071045544571],[12.977353962854364,42.8697918651332],[12.990360421617941,42.87139877841314],[13.000981207241455,42.890199847969626],[12.995604515049415,42.90250010163877],[13.000900620651331,42.90829538809722],[13.024889084562757,42.90256275105242],[13.052699763873232,42.91979626801927],[13.080469729150549,42.899722685288644],[13.112197799066285,42.88929733253619],[13.160222236696498,42.83221589852366],[13.211625106869755,42.841608342120274],[13.23054341956424,42.85415569934203],[13.235301428946194,42.86769336482207],[13.263995967043305,42.80820048422046],[13.23860146512814,42.76100627949521],[13.232286482027018,42.77290248414111],[13.216622016113517,42.77143079403279],[13.196741506353131,42.75955385865336],[13.19889651205577,42.74800136654034],[13.189573069647706,42.73886907875491],[13.187043719632793,42.72397122462821],[13.190696111541579,42.71270057126247],[13.174367839178647,42.688934878207924],[13.179796176980565,42.677600777910925],[13.174197131526675,42.66610242013473],[13.144200512381419,42.646404178872146],[13.130576313125589,42.658823657254125],[13.118817532699254,42.65659361677095],[13.109539725290373,42.64226634009722],[13.06423039869728,42.623591599842776],[13.036701783408622,42.62770440094128],[13.02405528364408,42.638549294884044],[13.01122706140032,42.61708020238009],[12.953302371933427,42.618978069724875],[12.937714404709238,42.615139556202536],[12.931598071195358,42.60360365152731],[12.9187024129357,42.60540353377847],[12.886703148887815,42.619802604665075],[12.889763770178083,42.64021128339426],[12.859766516561868,42.666911214724735],[12.829465241887826,42.670706584274875],[12.807999167494946,42.6569034056646],[12.79116797344788,42.661950675403325],[12.774998075252457,42.6360037785212],[12.7501775911321,42.63380669589121],[12.735401589291024,42.62506699730778],[12.73509653770082,42.60930181416725],[12.71940270853585,42.59750409527099],[12.712196748433396,42.62209188533154],[12.697793010084894,42.63708456049482],[12.675602009877256,42.6439034799677],[12.664491784826108,42.65827981424176],[12.64130292024164,42.666402782123455],[12.638590453329439,42.67455766841695],[12.622301757070753,42.673403858467964],[12.613647464871903,42.694340761027455],[12.583702683579748,42.68860437140634],[12.579903813822463,42.70559836015015],[12.588674600642538,42.71080306577983],[12.61706989222806,42.70778045784703],[12.62674211461871,42.7180692429488],[12.612701610165296,42.7212033044645],[12.602954142134362,42.74202722120724],[12.590470833822753,42.74873256407245],[12.577131975805784,42.738949542592685],[12.58049588561115,42.71930154639114],[12.573199181869331,42.71370350597697],[12.532500381379405,42.71100318889754],[12.516102506656038,42.71780300776411],[12.511629849600427,42.73208396620693],[12.49399524029461,42.7340282777439],[12.462598383852026,42.70470308570417],[12.421598262438868,42.68250359276038],[12.415702669391123,42.68070421445378],[12.412778772999175,42.69988325676432],[12.403943671471946,42.70023431555275],[12.396297197668199,42.67680276217054],[12.386701611399003,42.67330441612819],[12.368604624795417,42.68690126216506],[12.37342894616592,42.71182389259659],[12.33047624344247,42.75164693828848],[12.315599956444819,42.74080400242676],[12.297402714690358,42.74900296546671],[12.292122382161939,42.76642609663511],[12.290803806727439,42.781196437402244],[12.300063711200336,42.78266322106169],[12.313474782998526,42.83363122635962],[12.327046636727653,42.850134674313956],[12.323204329826803,42.86369936753258],[12.328938678588683,42.87169136870008],[12.3276741956881,42.889009697787856],[12.30478995206156,42.889375359538306],[12.31685334544653,42.91316378898267],[12.281175378936048,42.92404980932601],[12.230802529141359,42.92140361292523],[12.189142296637392,42.939282310855084],[12.172499788297078,42.93360362685572],[12.127599005161958,42.94293449255365],[12.061600423516982,42.93410381641097],[12.052709841267033,42.93872050362977],[12.01152219669132,42.90734165730608],[12.010499949471772,42.892226282883925],[12.030087925541709,42.88130211928086],[11.936901960062675,42.86270346794706],[11.93340478747346,42.86939782100654],[11.956625551578986,42.870715573573996],[11.995651632793654,42.90665079360154],[11.957888051828348,42.91444032965251],[11.952067260438243,42.91186109002412],[11.95209657873279,42.90100386729186],[11.93270377027575,42.90850092030109],[11.951575115030051,42.94878218046756],[11.949403844142067,42.976597948953724],[11.982214567017769,43.051335330574965],[11.972578192888651,43.06385823196632],[11.957506343989891,43.06837719489855],[11.948096832504476,43.055602806125194],[11.936402989214203,43.05560246344152],[11.923803011179874,43.075201516796646],[11.930257535303614,43.094604787078374],[11.912305565130778,43.12839850432742]]],[[[12.407709171839606,43.602199874814815],[12.425299114303728,43.60909573504581],[12.43489632878546,43.599499369462855],[12.433397197881497,43.59270318090426],[12.407709171839606,43.602199874814815]]]]}},{"type":"Feature","properties":{"id":"terni","n":"Terni","rs":"umbria","rn":"Umbria","macro":"centro","mn":"Centro","pop":215423,"nc":33,"nrd":33,"rd":76.0,"co":238.5,"kru":475.26,"kin":106.83,"drd":2.78,"km2":2135.5,"dens":100.9},"geometry":{"type":"MultiPolygon","coordinates":[[[[11.892004489243812,42.84289781876348],[11.912011789972961,42.84979608488748],[11.933329093277239,42.869378630850676],[11.93743948268562,42.863071137792595],[11.94695562433175,42.86332601345135],[12.01970199953777,42.88087243893579],[12.009803944174745,42.892401825846754],[12.010497926371189,42.905157918589296],[11.998992378033293,42.908545193558666],[11.958603357572025,42.87430903798907],[11.95180363677601,42.91319710936704],[12.015351860153224,42.90938617572743],[12.050802676543839,42.94069434887398],[12.062071828076157,42.93439443689812],[12.128099287004774,42.94309579612063],[12.172201496096191,42.933728550106366],[12.188700018332096,42.93949620485519],[12.23236630112725,42.921332323313315],[12.281919512934405,42.924004861634835],[12.320894013250875,42.91339655503352],[12.304424348951837,42.89211738286122],[12.330493759772844,42.88969744449792],[12.32360656363947,42.86333111560274],[12.327196724763654,42.850400261559294],[12.313132615114808,42.83269804122221],[12.29989695312181,42.78100373343923],[12.291224015506142,42.779034621805245],[12.292189826363833,42.76620340351564],[12.29807319805268,42.7490888895767],[12.31573479032219,42.7414815766253],[12.330198814018782,42.752295916153386],[12.37259834736092,42.71289606296268],[12.376694774693716,42.70770132468132],[12.370086812895876,42.703638738210216],[12.369868948642312,42.68694346179725],[12.386476568246351,42.67442514413703],[12.396358313811197,42.67736229886849],[12.404101644183346,42.700596469222305],[12.413996197886341,42.70099652318144],[12.415330958597211,42.683596553175974],[12.421443665718435,42.682468895399055],[12.463018431475193,42.70512255727745],[12.4932017247764,42.734795937043366],[12.510898886103856,42.732696277169985],[12.515969181623824,42.71811351150033],[12.532243582152644,42.711160362382834],[12.573539167918783,42.714111022236885],[12.580174963107698,42.72022481979736],[12.57660419255932,42.738798630485626],[12.584502736494757,42.74909648262868],[12.590999322569127,42.74869718768886],[12.603596806894084,42.74139861089008],[12.612378416116982,42.72182680082371],[12.628394593129016,42.72149639899991],[12.616799548643325,42.707603598315735],[12.59558865347995,42.711087204937535],[12.581521288338749,42.706552850371736],[12.583698292511269,42.69029242883921],[12.614297234518874,42.69469632702595],[12.621955013821509,42.67409216004935],[12.639796771630426,42.6744967063575],[12.641930523641724,42.66660211077732],[12.664897778893572,42.65809728359343],[12.675729482880557,42.64412419092644],[12.697697881495833,42.63719724174505],[12.712096512255592,42.62239779776651],[12.720889906535046,42.59817020169133],[12.734600466016296,42.609561744624564],[12.733803930030989,42.62409800369367],[12.74970163146247,42.63369593297706],[12.775234253927366,42.636546465008905],[12.7924001630651,42.66299575404493],[12.807539031149435,42.656996378583386],[12.828102108597298,42.67109586400145],[12.859698190985416,42.66739661051708],[12.892695844000034,42.63410095958135],[12.88642854509154,42.62157489747839],[12.89629113964065,42.6163996497284],[12.881636698620145,42.60972609722421],[12.880162351834418,42.602791075261486],[12.893495900297026,42.579498658764884],[12.892696926610872,42.563503571441906],[12.848211950548338,42.552928013828435],[12.8179991276928,42.53300426168897],[12.77498973921514,42.531648355016806],[12.773196446621094,42.513003285891024],[12.713914884899491,42.50190209084696],[12.716826317599386,42.48989836163779],[12.74159336015192,42.470501404937465],[12.724698533061847,42.46040381911782],[12.70354785493511,42.46113391469743],[12.674598852660408,42.442404673915156],[12.649803646357293,42.44310276100335],[12.640387587891585,42.46597875930116],[12.620797364015084,42.468269049929255],[12.611178295125153,42.429479849538765],[12.614296324010061,42.4136018762114],[12.605996102767248,42.403502343045496],[12.569898264446147,42.382903874082054],[12.548546700525257,42.381975569010095],[12.526200521578723,42.36420402419926],[12.513303291975692,42.3786007897328],[12.516351670995002,42.39761182042541],[12.511662013814272,42.40292928820202],[12.494625286292468,42.39820566012936],[12.48035177343225,42.403853758453224],[12.466199320569475,42.39490415332761],[12.453500003293295,42.39590435297643],[12.444710066188899,42.398799912334546],[12.456210191404146,42.40271446042335],[12.466434568001532,42.41928839015313],[12.462452383748928,42.428460678040715],[12.417002252949965,42.42250321759653],[12.413702912126325,42.455198101149136],[12.429311058499833,42.46024690569708],[12.412403595786815,42.46760297512861],[12.412903612434468,42.47879752543962],[12.426159981660613,42.48594957792347],[12.42097182242559,42.492765594188924],[12.391251243552665,42.49832806275508],[12.374097222803996,42.48120249642903],[12.351201620742687,42.473604209639596],[12.344506815587664,42.48499973964588],[12.325986930655931,42.494328809655315],[12.316398641144836,42.48840373499533],[12.291402311663518,42.49070256444336],[12.289405208532866,42.4946968195194],[12.302959509055572,42.49268938675274],[12.306230619974585,42.497626083958984],[12.290585736930048,42.51002166973302],[12.27500382766302,42.50900199899849],[12.283019961743664,42.520810783855836],[12.266603769097282,42.536596754100835],[12.278378236365384,42.541720539459945],[12.275505363928948,42.55832579267269],[12.238702759793822,42.572102163798554],[12.235903903634059,42.58329901363519],[12.243712705822185,42.60092065387459],[12.229105374949569,42.610401863279534],[12.241758362443443,42.62903426051133],[12.225603830918393,42.63560234625371],[12.22584051192872,42.64422635912358],[12.198080156701916,42.66324905820879],[12.18900122246418,42.66220356846591],[12.16152895733809,42.67653654409455],[12.147097013149908,42.65930259426045],[12.13165051799404,42.66050228254685],[12.125396877546494,42.6498036617609],[12.105314753070262,42.66378173458041],[12.094598573377386,42.65550348057662],[12.073583013412408,42.656397388595856],[12.030003458576925,42.643306043873075],[12.02891551491614,42.650167562088825],[12.006912368243567,42.66248417726059],[11.941005142549013,42.68370193735277],[11.946548474349951,42.69600460555904],[11.926304710189758,42.704700962724225],[11.949102198167584,42.72749666386963],[11.968335716515838,42.73453276631561],[11.980788504254841,42.75347249988035],[11.979694797755021,42.762779876959875],[11.924658450354121,42.78454670703006],[11.91678457754878,42.807515788616584],[11.892004489243812,42.84289781876348]]]]}},{"type":"Feature","properties":{"id":"aosta","n":"Aosta","rs":"valle-d-aosta","rn":"Valle d'Aosta","macro":"nord","mn":"Nord","pop":122714,"nc":74,"nrd":74,"rd":72.65,"co":254.07,"kru":649.74,"kin":183.82,"drd":5.59,"km2":3266.2,"dens":37.6},"geometry":{"type":"MultiPolygon","coordinates":[[[[6.801403521334218,45.78129988694687],[6.812226711567648,45.797491386415864],[6.809303423867614,45.82079961445618],[6.818602298568982,45.83629688816475],[6.842499550696854,45.84219600545754],[6.8651715092040595,45.83385353984336],[6.8830997393860756,45.849496472531214],[6.90929474284459,45.84212942222283],[6.939365259572203,45.84692083294438],[6.950701923165507,45.85889713224589],[6.998803763643945,45.87387276236279],[7.005910080183877,45.88585204916597],[7.0044039334741175,45.89979816218436],[7.028700916641806,45.920097063143565],[7.045798853210313,45.92219643164408],[7.064496648012994,45.90949783892503],[7.065843165595682,45.89941889676742],[7.095096217773208,45.875998162373165],[7.102210208401418,45.859233200814096],[7.118415194671326,45.859631404553554],[7.154100173802724,45.87929654708783],[7.190501108667639,45.85876528024811],[7.216402916729539,45.88879735062167],[7.259911201936657,45.89073357788503],[7.2769753540344055,45.901579176938554],[7.290601511983954,45.92049682539621],[7.329057733753912,45.91066587346114],[7.343799608215082,45.915295736589464],[7.382503497911827,45.89713978282284],[7.431203174517362,45.91818070170696],[7.4442016218178555,45.93149723993926],[7.471951703998477,45.93459682733245],[7.471403742507399,45.94619905046927],[7.478277608632336,45.952625655746225],[7.502400283057772,45.960596614500986],[7.538520767811373,45.955602170524436],[7.545664059243908,45.96297167804843],[7.545503091081124,45.98359678596364],[7.574799301465471,45.98749570235077],[7.588503256884357,45.97081828126942],[7.668397973461143,45.97299715378011],[7.680499258855384,45.95794356863713],[7.709996269142415,45.94749858542711],[7.708210454809681,45.93405741526484],[7.721934868966197,45.92351029180399],[7.733929234018999,45.92402497543893],[7.753700255684182,45.93959553742725],[7.768598498578852,45.9371961187868],[7.799815261051834,45.917531545535006],[7.819500402184247,45.926595988242354],[7.864095800888625,45.91639837459799],[7.865408953537355,45.88000180834316],[7.875995980074184,45.8615986961807],[7.864386454739315,45.841104309617805],[7.873495324097857,45.82590141141011],[7.862860488834632,45.819151468153215],[7.863578216980342,45.79078450390556],[7.882795478737077,45.77109898110017],[7.885416136462923,45.759828921497245],[7.9003516074520475,45.74916542946839],[7.928995608321796,45.742396830617885],[7.927667419600321,45.73442280009952],[7.936595768772338,45.7243996881332],[7.92019836856554,45.70190297988951],[7.911227343045033,45.69976334165633],[7.905526642146618,45.683487626733815],[7.939495752265208,45.64329906019289],[7.936097668302663,45.6357038560542],[7.91571524302758,45.63279493856902],[7.897411478345553,45.61237828272514],[7.90069511837419,45.591701882065436],[7.877438227292035,45.60011412815178],[7.830636341400868,45.59769951766299],[7.798364938834857,45.58660908771941],[7.785398447545054,45.5748027475941],[7.732699733928753,45.55030356274457],[7.716436735068179,45.5589241011214],[7.676900161101341,45.55220423929848],[7.634861182104204,45.57068388747563],[7.609102536198023,45.56290417004866],[7.599212255612088,45.57839170020589],[7.565821800805293,45.591490511977746],[7.548163260673228,45.58864706425681],[7.532698452224675,45.5771040334378],[7.489305144966649,45.583053091832106],[7.470532521577,45.57746163561751],[7.4478968483787655,45.55560235377844],[7.375600568442935,45.516504172762275],[7.359368029349613,45.52570971749505],[7.322999276252297,45.51440346453796],[7.270587498173642,45.51420995764017],[7.263297368465196,45.49860344671798],[7.2471778540441365,45.493692334303354],[7.222699070751361,45.47040371466924],[7.199056977572733,45.48124286393613],[7.158205717953887,45.48648410244192],[7.147998576265983,45.478104078663925],[7.141202983986503,45.48080296814366],[7.136904299065594,45.49179879791335],[7.143388048280159,45.49852596733728],[7.136437802586382,45.51557283622434],[7.122209008763956,45.50687581360016],[7.113396672883974,45.473002025860964],[7.104299872212988,45.467004330929385],[7.075598900054333,45.47429007111283],[7.0479021323082005,45.472503174928235],[7.044603702211959,45.47999961779945],[7.053050534981197,45.493836297550374],[6.999703986816716,45.50460214791125],[7.004474139710862,45.51808902681498],[6.994103570767016,45.528801983905915],[6.989604059461553,45.56319870966503],[6.995060052794605,45.5749166676741],[6.9778043172810476,45.58900020917708],[6.984503304262414,45.625497678602706],[6.997257121578743,45.63136039981825],[7.0000551163549884,45.64001278277357],[6.972002698451647,45.64780299993298],[6.968166967558704,45.654128638245744],[6.930100185051464,45.64710385919091],[6.915270865757474,45.65247431710803],[6.904531275588709,45.67725159325185],[6.8697009550075245,45.68060320738265],[6.827902748306622,45.70400337574835],[6.809204508634395,45.724701290436236],[6.81636072988513,45.73933646057865],[6.805503113458519,45.748201790517676],[6.801403521334218,45.78129988694687]]]]}},{"type":"Feature","properties":{"id":"belluno","n":"Belluno","rs":"veneto","rn":"Veneto","macro":"nord","mn":"Nord","pop":191717,"nc":59,"nrd":59,"rd":86.72,"co":172.88,"kru":511.59,"kin":72.35,"drd":1.24,"km2":3531.7,"dens":54.3},"geometry":{"type":"MultiPolygon","coordinates":[[[[11.666607600936167,46.017098507543615],[11.678279551335278,46.025775889096145],[11.667004854040513,46.03799909599159],[11.678900396542808,46.04609578281013],[11.705623136451413,46.04746539733662],[11.70335524491558,46.055383043540054],[11.686303486632927,46.0662025990152],[11.682403496587785,46.08999852183655],[11.688201081842456,46.09479669916385],[11.703305456930867,46.09111027164704],[11.716801458593684,46.102896617274624],[11.750729764033528,46.10519524874345],[11.759861100722869,46.096628600353775],[11.77320156982201,46.106695109718636],[11.812924832209598,46.10229177609957],[11.81970117334227,46.10799667341445],[11.891194599708774,46.120402407514476],[11.903077920762009,46.13160847276766],[11.901205542051184,46.13659931201439],[11.92013937683919,46.148538770879476],[11.928603417021735,46.17579551922065],[11.948345392726356,46.17135466881327],[11.949404061359322,46.181597355042165],[11.961694408836907,46.18747592998806],[11.961039319720376,46.19912110595335],[11.939501171386047,46.198803395589856],[11.909505146911851,46.22450176041785],[11.925187489917988,46.24605307977871],[11.91280108958167,46.25225712714714],[11.894743663022949,46.25094838352147],[11.886303797697053,46.258201457451804],[11.885558047412946,46.277780421921776],[11.837601723981413,46.2707027547073],[11.826204083295515,46.284900555174325],[11.839835679695687,46.30538565422702],[11.831303741724346,46.31340184305809],[11.831132145477204,46.324616871470404],[11.802803190795185,46.33330254684798],[11.801448965320144,46.342989995617444],[11.77430467013541,46.358299462491026],[11.79190035820939,46.367795661135],[11.814044902557317,46.36855269183903],[11.820199359789944,46.37669564469511],[11.83319079006247,46.367898875720805],[11.8320043667352,46.3871991639163],[11.842609567145237,46.40936072329037],[11.83830420711997,46.415300196701295],[11.85040238918351,46.43419615640594],[11.870025246296278,46.433320904237355],[11.888474371731894,46.44288921538225],[11.886716116063793,46.464027734968234],[11.874578985432738,46.472632614519],[11.813102552625198,46.47820304062163],[11.815402662688273,46.50029757253242],[11.8513297557149,46.517872936184524],[11.91462526234237,46.53298050321975],[11.944334895572686,46.52930425162575],[11.949602528092056,46.53929726624069],[11.966200585341765,46.54469661577108],[11.987598437976768,46.545296433629495],[12.000114230667064,46.53488605662631],[12.043793257374451,46.58218616430605],[12.049845772759715,46.59437238218371],[12.045403982135136,46.60799970356931],[12.064950648617032,46.6240550584272],[12.073004431671924,46.643069225104426],[12.066603948980864,46.65280095388523],[12.068203869602593,46.674995885133754],[12.147243264871001,46.634584432429676],[12.17129792209862,46.634096826246996],[12.182068712807617,46.62133980632982],[12.194296782862187,46.619397140796515],[12.196062995033694,46.59648916308485],[12.261299697361876,46.629096470782564],[12.283943871287997,46.61792132413167],[12.305777797867655,46.619258496463814],[12.316102437842579,46.62989642523326],[12.339599011100905,46.63139632397618],[12.360208002218842,46.61955314577573],[12.384580532834036,46.622692239138814],[12.388283474612994,46.627851354390444],[12.378404011324319,46.6367014304902],[12.379702757511296,46.64289618422888],[12.405651509720029,46.64331635707143],[12.434201950269479,46.66829635448239],[12.477599307159956,46.679795817056345],[12.514362873850594,46.678079189641004],[12.569323533505273,46.650938898902545],[12.621500451392317,46.66079623956315],[12.642646514303486,46.65196393596604],[12.689998930583547,46.65599571299793],[12.71459870496765,46.648297124195906],[12.731994322640167,46.63380013540538],[12.705683452133618,46.61934285348405],[12.70859598933846,46.60210292551176],[12.685096224009618,46.59777469543389],[12.656698808550582,46.572503838467185],[12.637179799162737,46.57262249667344],[12.619500365183951,46.54085911695723],[12.630627852887685,46.50043481113614],[12.656897675604721,46.481098134057206],[12.662395338845132,46.469201314768995],[12.656328401449175,46.46521373122893],[12.620952074668566,46.47523843396513],[12.606699501775553,46.46430405934005],[12.569911762208504,46.47527221021201],[12.541799278019067,46.45890351733234],[12.52990774656628,46.463108085623055],[12.527995846831235,46.453102049331385],[12.505704550854052,46.440882608921534],[12.494437871071137,46.42684232639442],[12.498693858949546,46.412202917284866],[12.458599237643902,46.38809733187972],[12.462895997243042,46.36930165357388],[12.428599480524854,46.351604039983044],[12.420109757912195,46.35287532542844],[12.42109604694241,46.342600762307676],[12.41149787530657,46.33080367151],[12.37869647883983,46.3312021882554],[12.355883567928998,46.320384722928786],[12.350897039351782,46.29380235576164],[12.322956926447395,46.27343456669645],[12.323715448761918,46.256212849359905],[12.337306766161626,46.240261468477016],[12.375812898586972,46.22315770196477],[12.401798766400391,46.229096517348545],[12.408695535805458,46.22239965941191],[12.401700335568908,46.212309820654106],[12.40710231552557,46.20729269445943],[12.44649487031355,46.20779702442184],[12.442704629662906,46.19846000693552],[12.448033175566652,46.17894133221175],[12.495895747182109,46.152499052858445],[12.49719592632337,46.129801494204806],[12.484397593833515,46.10440199972407],[12.43674998003558,46.08412934177428],[12.409819941623695,46.05813404648516],[12.4050974213165,46.042702962415916],[12.400309875115347,46.0420045975717],[12.39981092184819,46.061034508352684],[12.388504967173905,46.065002375633725],[12.388636231529794,46.07206572991007],[12.368868635218776,46.07604788049962],[12.361799792083158,46.07150404913318],[12.322254850262516,46.08224020396763],[12.302876526671614,46.07628562208311],[12.280296763147573,46.04870244561635],[12.234326268420963,46.01836697439689],[12.190801837232017,46.00470412839164],[12.176807607660917,46.01424864123728],[12.15519935900473,46.00080357704879],[12.110135496728134,46.00277338407051],[12.101497849757777,45.98710216078601],[12.062299379822688,45.962703991414536],[12.049400160930519,45.96110457300839],[12.0321626260376,45.973261433253086],[12.018898478145866,45.962105244845546],[11.995702981266398,45.97230289953011],[11.988650053950845,45.9861793082536],[11.980956234873348,45.988701459432235],[11.94258210897968,45.97631711812651],[11.911517919018209,45.97559797781233],[11.892499294674538,45.96470424478412],[11.876969967462923,45.96683006748458],[11.857843756675631,45.957839216410314],[11.859196690899658,45.936001042239475],[11.840979830557592,45.92567565186078],[11.799499412041765,45.88050382635496],[11.774504730537133,45.889102017365886],[11.779803944812588,45.908198611020666],[11.790875104134434,45.91599845359082],[11.787858418789163,45.92307468918937],[11.769400964722845,45.92210331061834],[11.747754526446782,45.934633183784676],[11.730101352486935,45.93370292932866],[11.72772086893834,45.948272500705244],[11.710204786924436,45.959799994308064],[11.715862931770616,45.971189379019],[11.68970166011602,45.97800325338688],[11.68440500485992,45.98409960576094],[11.688455888935366,45.990606697263296],[11.666607600936167,46.017098507543615]]]]}},{"type":"Feature","properties":{"id":"padova","n":"Padova","rs":"veneto","rn":"Veneto","macro":"nord","mn":"Nord","pop":930374,"nc":100,"nrd":100,"rd":76.82,"co":178.77,"kru":555.75,"kin":129.64,"drd":2.24,"km2":2127.8,"dens":437.2},"geometry":{"type":"MultiPolygon","coordinates":[[[[11.390904275716414,45.252603147253716],[11.402899926468676,45.26499627342176],[11.426629926845608,45.253634843056126],[11.450600290591586,45.26139744515883],[11.480789964801716,45.25926962229964],[11.487001258417619,45.26589620417041],[11.526300828677243,45.25860904127932],[11.56509854223838,45.26249589930531],[11.611364882554305,45.256533013944534],[11.581503186984312,45.27300227547576],[11.580304682279289,45.297299443229484],[11.58830218876247,45.31299695305214],[11.612355976005519,45.3167681092738],[11.618987787087539,45.33032006004764],[11.626929281542353,45.35556863303984],[11.611304075083645,45.374900300300844],[11.615803423747826,45.38799741784894],[11.65174245447549,45.40987637927027],[11.652403591153755,45.41669804981253],[11.683765278929616,45.42999853063136],[11.702053707158443,45.45924063623847],[11.70943423407321,45.46146846814642],[11.706904565545948,45.47599594329447],[11.744856212824047,45.47274939953652],[11.745768824098272,45.48559200911137],[11.73990224759478,45.487503636684735],[11.729306916979327,45.516197741841076],[11.756983464660923,45.522586833203626],[11.729584809543924,45.55908979080876],[11.722997401129506,45.544503085849996],[11.70340138214576,45.54290402500864],[11.683657719570553,45.552282344855975],[11.67559832279772,45.53920372052388],[11.657704175271975,45.54020323511368],[11.653005545451755,45.55049948358129],[11.665739679672516,45.55894279171239],[11.672930300419774,45.59065103411135],[11.64460396751864,45.59620237074157],[11.646603036170847,45.63419804668853],[11.68630930624758,45.646798176188256],[11.685004437669834,45.6586969779297],[11.709683107625091,45.66904948230767],[11.706404936484642,45.68039709357175],[11.758523529923876,45.67792746129944],[11.821699263766224,45.68719658781757],[11.8808974902858,45.66579641334735],[11.89258190735555,45.63467019946046],[11.88961296643403,45.62613591762872],[11.897752303803053,45.61524592202227],[11.90010395175767,45.628095432864505],[11.963403127544563,45.60886099348706],[11.980901133252239,45.62289647794995],[12.003205610049918,45.626125626112604],[12.006302937608183,45.64079795715785],[12.015901189891288,45.64599594475744],[12.050298772008901,45.645396205364484],[12.066992316624333,45.637345187220795],[12.074198080163619,45.6416943397196],[12.079436546112028,45.624983756491105],[12.086793416213615,45.62349681041359],[12.092096143567867,45.59440134201787],[12.082798291336678,45.580603576061804],[12.035931563935726,45.57058246804899],[12.03309517840584,45.53450008982164],[12.02399959474534,45.525004281196004],[12.007940642607144,45.53093115407787],[11.996675811170704,45.51634228135592],[12.003574906033037,45.51043154513424],[11.989997679015188,45.473404022145466],[11.98114377702534,45.47358266613183],[11.976666237173133,45.4598332082493],[12.00468427283676,45.44754460649508],[12.02629558596075,45.44839796092642],[12.01345225523227,45.42424702970904],[11.995617136356763,45.42201709049207],[12.00279125105554,45.40840320738004],[11.98066029007982,45.408364108512195],[11.97531982654898,45.399015913618925],[11.991497251000562,45.393897836214755],[11.99458109927723,45.37976525006079],[12.026498166311471,45.36729697558188],[12.034794310820807,45.3573016468074],[12.013788321348374,45.34244631753085],[12.021158432532092,45.32263391495025],[12.033983902344142,45.31533605326683],[12.05166586953539,45.314447727405174],[12.0790010513521,45.33209641355243],[12.087798924764417,45.33159603529718],[12.10069797449901,45.32499749687455],[12.11368563677687,45.305334935908604],[12.127376400966421,45.30096740853218],[12.186398177082888,45.30229645561954],[12.19127587025494,45.28445825763981],[12.206295695153061,45.27309920192283],[12.193297525394627,45.23380312610015],[12.157823979820714,45.22507725096232],[12.154125582603346,45.21689004726639],[12.158923800388195,45.207142626490516],[12.183898102542875,45.19510336847743],[12.153400409493939,45.1942028210615],[12.122388709400775,45.21026462603755],[11.978626716124948,45.187301682637205],[11.973267053757116,45.18009796777514],[11.98339658726169,45.15550207632504],[11.964013585903237,45.148030954976164],[11.968794797382623,45.13400329935319],[11.925228018197481,45.14310146469296],[11.897369470189847,45.133312977947554],[11.86530245820987,45.13338782650103],[11.833298605836537,45.12230369607138],[11.808411051407937,45.12128656453646],[11.775598625295205,45.09920298566195],[11.756799830445823,45.095404276746066],[11.61340057713275,45.108703458461484],[11.57630683460854,45.124015403675365],[11.519839285348477,45.119445649264186],[11.511197838675574,45.109303013386985],[11.492999830017657,45.10310326087577],[11.416968663412547,45.12927130484252],[11.42794555819252,45.14996066066473],[11.418804248651936,45.15710148083583],[11.421035924998325,45.166293366675355],[11.409203271326392,45.174902147957106],[11.404703339807803,45.188700563402726],[11.39970378601388,45.22580014015582],[11.404982554312108,45.24633686938473],[11.390904275716414,45.252603147253716]],[[11.606694368322879,45.17560131144347],[11.577247833831944,45.14098047035969],[11.611598677015596,45.14819654017119],[11.629643729873074,45.14420256188407],[11.636002366058587,45.16059583831089],[11.644433429593882,45.16169490279674],[11.647050403427226,45.208391339921015],[11.617566593922508,45.209930054559045],[11.609997217879302,45.1940038002261],[11.596345887819723,45.19457964926329],[11.606694368322879,45.17560131144347]]]]}},{"type":"Feature","properties":{"id":"rovigo","n":"Rovigo","rs":"veneto","rn":"Veneto","macro":"nord","mn":"Nord","pop":227052,"nc":50,"nrd":50,"rd":82.07,"co":200.09,"kru":556.8,"kin":101.69,"drd":10.85,"km2":1823.7,"dens":124.5},"geometry":{"type":"MultiPolygon","coordinates":[[[[11.174203525956086,45.061603220575634],[11.174703306523002,45.07439811009931],[11.187178664577951,45.08375453469994],[11.176903569977885,45.08850275991879],[11.177503433181341,45.09729758008364],[11.205497829674927,45.1094952612483],[11.210231458233078,45.09499211663402],[11.225981119228647,45.08429470110423],[11.244100243913678,45.09249603869478],[11.30417767825331,45.09238461091208],[11.35509769462883,45.07019676594361],[11.361684967024805,45.057697189559136],[11.401095515773093,45.05310398051286],[11.443785707267745,45.07501778759268],[11.441283310623955,45.09762633121522],[11.41080339995582,45.12220211480319],[11.411003127215565,45.132294786518706],[11.492442569846714,45.10324013015405],[11.510874881470691,45.109249874778726],[11.518871331996975,45.119216860290194],[11.57693186777387,45.124001514049475],[11.613556789642058,45.10876672055861],[11.756638682673021,45.09543661765226],[11.775690517717662,45.099336201150216],[11.808066057176863,45.1212159448358],[11.914831079010876,45.13657503673829],[11.924401125348567,45.143195868683016],[11.958401791565919,45.13381909545432],[12.025798810143566,45.1386957801654],[12.035595752069721,45.12930164709903],[12.028851844215367,45.119092751450815],[12.050295806929373,45.11409752833561],[12.049332732238748,45.1042530145184],[12.110029507202908,45.06430750284743],[12.136655589584072,45.05634120728077],[12.14749143377829,45.058742259906815],[12.147803680625112,45.068597816691295],[12.167801380363665,45.093996542519754],[12.18669210112524,45.08893169847309],[12.202801265212019,45.10509606589715],[12.260262542452455,45.113177703221176],[12.280901724092246,45.12341546364645],[12.282802235551573,45.143396672794815],[12.3135409169931,45.14539034387242],[12.332494712735912,45.162790806203624],[12.32721007666758,45.122741818996275],[12.337819451683165,45.089393933205635],[12.444205591200042,45.01320925358056],[12.485107457619298,44.99302132606052],[12.510899652517178,44.99129618742874],[12.548397426713292,44.97429679644519],[12.55389606546577,44.96599994763263],[12.509186336105662,44.926491432586],[12.465097654046069,44.84370254142814],[12.428548607142977,44.83055402048329],[12.417063655474985,44.82097473981575],[12.421595327018794,44.81229994254117],[12.415248911717303,44.80386496087454],[12.396805330641264,44.79070731663039],[12.35320279908185,44.81700272875934],[12.336601795503332,44.851953927287],[12.294050349181004,44.86046553908107],[12.28462228798706,44.87821084805176],[12.282103699394758,44.911498854755],[12.294105858481714,44.92675528290881],[12.274964238092771,44.94337472940354],[12.255591564947078,44.942271974582326],[12.224999693961689,44.923003491615056],[12.187701520568382,44.92640384682502],[12.16923647347048,44.94180661704427],[12.157997549052315,44.93050296273325],[12.142500861725347,44.92790424037864],[12.109609516727167,44.96117377977983],[12.0915864319545,44.970152588545005],[12.056869355676241,44.97059049922243],[12.04715677847921,44.976931151763864],[12.015400550876015,44.97650394711049],[11.963022962998117,44.98673949399582],[11.92761725360991,44.97499623880045],[11.804916415471839,44.9769871018662],[11.78379825925151,44.96410407750829],[11.746861301543731,44.9577411811642],[11.7404436067967,44.94957643715815],[11.742997351233482,44.93270222235865],[11.7328988490996,44.92660393096486],[11.672914508812942,44.91515162300078],[11.624898659831727,44.889203602630744],[11.600900679344797,44.88900346883466],[11.592102207485498,44.89210257325436],[11.579593625784574,44.91636681361666],[11.534085108167574,44.936144271196504],[11.424903194368252,44.93220281858831],[11.427155429008934,44.95789273702396],[11.415005707706667,44.96728214662639],[11.338301962312759,44.98940469358533],[11.31250653563854,45.01002633906242],[11.275502287107209,45.01730305424432],[11.263204485140026,45.03360021482937],[11.270035836144123,45.044190145396044],[11.26630624937839,45.05462533644962],[11.238500502829927,45.043103237493355],[11.201757753069975,45.06008942177837],[11.174203525956086,45.061603220575634]]]]}},{"type":"Feature","properties":{"id":"treviso","n":"Treviso","rs":"veneto","rn":"Veneto","macro":"nord","mn":"Nord","pop":877565,"nc":94,"nrd":94,"rd":89.11,"co":118.08,"kru":421.3,"kin":46.54,"drd":0.24,"km2":2478.8,"dens":354.0},"geometry":{"type":"MultiPolygon","coordinates":[[[[11.744004293929782,45.85010141130079],[11.746202702731114,45.85649673647292],[11.762070677243583,45.859339908355814],[11.766702075753942,45.86929652601863],[11.797930633420203,45.871965381852256],[11.825400648329735,45.90809579743659],[11.84569590290813,45.896398180110104],[11.846980632000307,45.88451685536787],[11.869306693416263,45.88085598785608],[11.947410854930636,45.89503005103305],[11.944004087776468,45.91230039414578],[11.951583504040144,45.947423597659615],[11.961501439918095,45.954696939836325],[12.000100116617721,45.967695706041034],[12.018317052647959,45.96356818518111],[12.03279937398422,45.97359623613529],[12.048527433192884,45.96193051831643],[12.062842981538513,45.96310892576654],[12.101266301482884,45.98695360491879],[12.109801494503362,46.002796447356296],[12.15487421146057,46.0009932432661],[12.166804329018584,46.013596692791566],[12.177599208728484,46.01429597315537],[12.192303557906147,46.005250186411644],[12.224797083030783,46.01410810597571],[12.279765196123961,46.048340008754906],[12.302802111581068,46.076396843999106],[12.322327138983576,46.08227806734709],[12.361192111484698,46.07211047427128],[12.376199180988836,46.07569507181094],[12.399397457027057,46.06239727941331],[12.40189934686936,46.04069783751487],[12.415296020168203,46.02689845951672],[12.428096396459527,45.99579817644024],[12.425946823362791,45.94767976636368],[12.453499321245445,45.94729656549295],[12.474359020978259,45.92867930793385],[12.507995151016656,45.91979913798024],[12.508841026313972,45.91021784205803],[12.523190899280886,45.9029980082908],[12.511264460024275,45.894428557327046],[12.532297386309104,45.88189768811928],[12.535454281822693,45.86342369546328],[12.54949772914817,45.86069627484672],[12.558995736443268,45.846999939450335],[12.551155239212976,45.83701823461945],[12.558627211534363,45.82637627867634],[12.581997993754062,45.82429640156092],[12.589242266514347,45.816662771680235],[12.59663003433556,45.82228748099881],[12.594404504059327,45.83069849352807],[12.605699744064637,45.83819557038823],[12.61620288763275,45.829623823691136],[12.632196823373524,45.82919640510545],[12.637604082769386,45.81841607556622],[12.65389490469504,45.8095985965767],[12.651340762027488,45.80287958772893],[12.661693172422595,45.792402034288855],[12.656169221627863,45.7793780872227],[12.663996461767509,45.76160030426451],[12.649831541315145,45.746488354899284],[12.670293598225705,45.743399631753306],[12.670998028477905,45.71903430882523],[12.685093166689025,45.71300084378157],[12.677097964239536,45.70520348179279],[12.658333039179482,45.709487628452706],[12.619017576292903,45.694757977070395],[12.60239962498762,45.680104896288775],[12.575508697335575,45.69662833605977],[12.5336000822442,45.6790032928045],[12.517150167237949,45.68812103307966],[12.505862077575912,45.687260690838464],[12.496078795595462,45.674089688823464],[12.504791161007653,45.66540317621393],[12.48774297927699,45.661117055915454],[12.485592535259615,45.639708289762936],[12.477928091597397,45.64398961285016],[12.441494435062683,45.6393053666748],[12.435597547799638,45.62660400226262],[12.425050107293501,45.62238590087589],[12.444195848847484,45.60119989465707],[12.442954711223955,45.58093209734897],[12.453094823097215,45.571799790524956],[12.44113047607822,45.56017268703073],[12.391201865360172,45.56880415801929],[12.374005585694148,45.58153888990412],[12.353085648609449,45.58699537146799],[12.335298783070096,45.5618041135292],[12.307625674390886,45.57326119884698],[12.279839815014727,45.567786111160274],[12.274754467702193,45.5588555408575],[12.281095959252122,45.55379775809676],[12.279793040088379,45.53570427149395],[12.246201136830836,45.530503811561836],[12.238154924318394,45.53727839840264],[12.205603357240129,45.54130283401017],[12.210311294199128,45.56963362463982],[12.194202847842298,45.573503173725214],[12.1904921673391,45.58362724943457],[12.166300927571656,45.5738036435302],[12.144187836849033,45.59490549248186],[12.123103909290203,45.60000183830939],[12.12337483522336,45.60706536162983],[12.113987434485058,45.612229435747885],[12.087304032896528,45.599802449160585],[12.087962808607822,45.615740603403],[12.07485316312742,45.638756587336324],[12.060301272627871,45.63830318096177],[12.049961584940453,45.64534131707395],[12.01562070473453,45.64582974302593],[12.006446058741545,45.640357826488966],[12.004297047832303,45.6267020584057],[11.980666465109385,45.62266894883649],[11.965197153295053,45.60790467229796],[11.904092651584556,45.62682713931176],[11.89810026443497,45.61310585302163],[11.889503119979073,45.626100991996],[11.89205620438729,45.63670992697732],[11.880946600169384,45.665076284224476],[11.86810298795441,45.666503097587594],[11.844462525630382,45.68179518806689],[11.84083564082486,45.67723289468952],[11.815404572955236,45.6958998850269],[11.8237291805286,45.70743585089967],[11.814104504385192,45.74329600651915],[11.830016846482486,45.740909414943886],[11.83380373609853,45.74716262023074],[11.818441585543086,45.786668358239815],[11.803017896040943,45.79962882462033],[11.779100459166559,45.791904414781314],[11.764585333731123,45.80323336955241],[11.750303892139998,45.82329962965846],[11.75781011216796,45.842234029330385],[11.744004293929782,45.85010141130079]]]]}},{"type":"Feature","properties":{"id":"venezia","n":"Venezia","rs":"veneto","rn":"Veneto","macro":"nord","mn":"Nord","pop":833934,"nc":44,"nrd":44,"rd":75.58,"co":296.96,"kru":642.27,"kin":167.5,"drd":1.53,"km2":2481.4,"dens":336.1},"geometry":{"type":"MultiPolygon","coordinates":[[[[11.961905338498052,45.14939654206428],[11.98301807849177,45.15622979937722],[11.973013850889402,45.18142728283065],[11.97780207262665,45.18719626312814],[12.123099556044176,45.21039675628031],[12.152900104790286,45.19436443921372],[12.175134790574784,45.194969650907716],[12.176037943388438,45.20017213030664],[12.158663824656117,45.207161498084595],[12.153703581020654,45.21560038295299],[12.156902757963412,45.22529628977372],[12.194726296140836,45.23624144922749],[12.191704039885037,45.24280013976439],[12.205907609928316,45.27271571238393],[12.190803297427397,45.28410248245934],[12.186710325395048,45.30162540750341],[12.136999898476033,45.29960283478063],[12.114070758353229,45.30497866843763],[12.10039036861633,45.325015155148776],[12.087167628345064,45.33163593020767],[12.052198522544293,45.31430352203107],[12.034600784152458,45.31500311215119],[12.021402976923344,45.32220310620724],[12.012205514169892,45.342299982932836],[12.032152289808218,45.36046772475858],[11.992704274749041,45.380701578457646],[11.990557154798193,45.39438151540506],[11.97510333917532,45.39750294196744],[11.980101742730325,45.40849634226925],[11.99682310083091,45.4095175380895],[11.995503177087265,45.42309712687461],[12.018846950063764,45.42910225505739],[12.025415634579872,45.44615734960505],[11.979470010767647,45.454181997231174],[11.976104160155474,45.46100018219752],[11.981402242498497,45.47489605525311],[11.990862758920104,45.475753555583516],[12.00251066743806,45.50769252602917],[11.995004560570418,45.51200261994793],[11.99730234882199,45.51819579183301],[12.007602115854134,45.531995539820805],[12.023766971457931,45.525950154696254],[12.031390594149029,45.532735352576395],[12.035402714571696,45.57129633573349],[12.059591243071603,45.57206487754029],[12.062403015732158,45.577596465728334],[12.082721897160953,45.58109991036879],[12.092403213210138,45.59829800583279],[12.113000704065172,45.612995935639155],[12.128880502936394,45.596567826381516],[12.144997293306051,45.595196754502],[12.166009315133127,45.57437599522808],[12.191697063115122,45.58339702286732],[12.194840798365798,45.573771556372954],[12.209897174283277,45.57129684113032],[12.206200749034647,45.541199639038425],[12.238827036404173,45.53711747015675],[12.246727128143188,45.53071534299348],[12.275753671377812,45.53741123329323],[12.279301896018886,45.56759739170104],[12.307499878384295,45.57329724385783],[12.334889639140181,45.56268546389645],[12.35240114476439,45.58789561449238],[12.391536552990322,45.56874918127736],[12.439228715701972,45.559425566882915],[12.45149323393947,45.57246804985303],[12.44318021755235,45.58007517330107],[12.443371813785356,45.602469142007244],[12.424004228002278,45.6208002275218],[12.435976098688702,45.62798090520426],[12.437705045279571,45.63969638137865],[12.483712396610679,45.64316767474195],[12.487103296065044,45.66139765005074],[12.499643362683987,45.666622144391546],[12.49450549566154,45.67390013427294],[12.504003814439844,45.68749685892287],[12.517898181901023,45.68829619261295],[12.53402054107476,45.679174964359326],[12.575200155464078,45.69719605451055],[12.602436768378787,45.681519973835705],[12.619001093839692,45.69479738475296],[12.65889995421541,45.709896351972844],[12.676806241365673,45.70570241996434],[12.682063530123122,45.71440927130023],[12.670803462210314,45.716804052443926],[12.674059905010848,45.73247871825708],[12.664407362607864,45.7391011569034],[12.667146383041771,45.744913019494426],[12.657699065174983,45.74090452991359],[12.646606536171323,45.74739988421686],[12.663842764290019,45.76117955672233],[12.656703137249933,45.79139730664956],[12.678712401111799,45.794696032319564],[12.73000021885686,45.83729548656662],[12.74472142509069,45.828081010266374],[12.77979970522229,45.85439611582871],[12.804395439562514,45.844697960593194],[12.798919820308049,45.831522167021554],[12.809338822495585,45.820600084621724],[12.818310330371313,45.8246294075058],[12.818903466563349,45.833697080789776],[12.836207520041459,45.84059926987266],[12.836803810204023,45.84749686494215],[12.874823304705576,45.850401679459004],[12.871395480036332,45.83304790329234],[12.888963665070218,45.82109671106107],[12.914957191828641,45.82528725667548],[12.92049967137993,45.83129417698622],[12.93125312060068,45.81782606785528],[12.950687623998535,45.82243991038558],[12.95130341583035,45.84289762377257],[12.961399037622181,45.846896086450506],[12.968019398317317,45.83620459400614],[12.978991112299422,45.83399814505644],[12.981231416367415,45.81906563149442],[12.993195047605708,45.81499780418635],[12.990598342618517,45.80940432929401],[12.979553051493031,45.81373608420347],[12.974950174354229,45.808636316816255],[12.98061931202083,45.797267660949764],[12.989086455749685,45.79579838995407],[12.981449749405428,45.78637826389161],[13.007696103284227,45.76569745850806],[13.002203806694068,45.749694218151085],[13.015596392957,45.741297542561256],[13.01645464276428,45.7334110457889],[13.028996319991704,45.73509782549791],[13.040577453729703,45.706173049915755],[13.038238870671227,45.698686282295014],[13.053193602448424,45.694496031784524],[13.04724918308939,45.68293707355057],[13.063497941010718,45.678396303364444],[13.066968190543045,45.67086907196367],[13.063914717428865,45.65788304724838],[13.084197770097557,45.657397041901355],[13.100895560759728,45.643498518414425],[13.097525155560476,45.635988871526486],[12.976421436025973,45.626074953305015],[12.908161119831261,45.61416880131807],[12.862574629901216,45.58663602822817],[12.736453230237554,45.531823262032944],[12.479936842730163,45.44925869880773],[12.452810507383898,45.43868041489187],[12.426900240457092,45.41800379833537],[12.398863291507329,45.429281188408474],[12.360208502163978,45.39609294775562],[12.33113822701135,45.3542313439994],[12.32962098388897,45.338293467631914],[12.342790109963701,45.333799488990216],[12.32536551740303,45.33089064253039],[12.30594734151102,45.28755760378089],[12.296131940376258,45.24335206860821],[12.299031640713261,45.23496987787767],[12.31429610953421,45.233796844854695],[12.302092798724548,45.22802015782621],[12.299375938046206,45.21454028893825],[12.311501511541488,45.18600457786287],[12.332495577237019,45.1628004315541],[12.314031002242675,45.145574125841],[12.283122578827891,45.142919901056075],[12.280597652149766,45.12290261218734],[12.260181198083401,45.11313881664475],[12.202717352464427,45.10485503301585],[12.187997896235535,45.08900339983334],[12.167586732316648,45.09339617261461],[12.148331271987056,45.06828485495811],[12.148396373448108,45.05820291721078],[12.12290076591624,45.05840306421441],[12.089936126741515,45.07697722057678],[12.047704109767556,45.105301513752444],[12.048216128378813,45.11433623385696],[12.025505752252624,45.11960220566306],[12.035183123913576,45.130426528627105],[12.026220614196449,45.13842668336796],[11.968802192817696,45.13400405765856],[11.961905338498052,45.14939654206428]],[[13.013930925987786,45.725492531994654],[13.012483131318264,45.73351028128681],[13.007946720451685,45.72798738748288],[13.013930925987786,45.725492531994654]]]]}},{"type":"Feature","properties":{"id":"verona","n":"Verona","rs":"veneto","rn":"Veneto","macro":"nord","mn":"Nord","pop":928907,"nc":98,"nrd":98,"rd":73.79,"co":172.27,"kru":532.91,"kin":143.08,"drd":0.96,"km2":3099.4,"dens":299.7},"geometry":{"type":"MultiPolygon","coordinates":[[[[10.623705975860123,45.44359696966029],[10.642653489764779,45.44440509245581],[10.647060351802704,45.45106061927394],[10.631103168759207,45.60949789084475],[10.702126403358404,45.672840778642296],[10.808138399450542,45.796641787637355],[10.834231344308426,45.81778847736754],[10.840202000792257,45.83279542185868],[10.883497490719122,45.81699653540773],[10.887295326161928,45.81230026580491],[10.876725726887177,45.80294274643105],[10.873282827091513,45.78950875390413],[10.883496608766439,45.77979852704655],[10.88299681349435,45.77200262138897],[10.86727855890932,45.76470698118635],[10.86259687166755,45.74370283496382],[10.850015231664134,45.7357899187784],[10.845081946891485,45.7192362439927],[10.889666987529564,45.71506639113637],[10.918695041199264,45.70049845638273],[10.91339395049321,45.68738570369633],[10.938151525861462,45.6733638041188],[10.962184775993462,45.68623076676128],[10.972299287077973,45.70189297766082],[10.970632543686886,45.6832641401894],[10.986293479781747,45.688810831372],[10.997202205403555,45.69697993116695],[10.998902969260993,45.707597551304595],[11.011899061490434,45.71489400379166],[11.016744991321278,45.70605925944243],[11.027599788677811,45.70471599977751],[11.057798634094977,45.717596156707884],[11.092411867396992,45.69525651090871],[11.113871958531565,45.69668759335663],[11.12569752068071,45.6908926136538],[11.138398125011985,45.69679530739927],[11.143890109581328,45.68359076210255],[11.154824911888591,45.68423112595507],[11.149820634608314,45.65468597354487],[11.159186857664897,45.63960132949422],[11.183234391917118,45.61845276279023],[11.212251746370214,45.62605032348459],[11.221259688115737,45.60240487915786],[11.235897250095256,45.600097422113016],[11.244496847935736,45.58709762954805],[11.243728346207382,45.56041527722961],[11.251571808835795,45.542242529465234],[11.279397091775255,45.52289724699704],[11.28266216188025,45.51119135600794],[11.323796391646397,45.49399877897434],[11.32899550278795,45.46410063952703],[11.322867069853121,45.45651177049909],[11.3289963250245,45.44250200776291],[11.320673323132649,45.43567060131099],[11.32472127829472,45.429793234957934],[11.335926010053061,45.4300322757109],[11.345895726703107,45.39750371862536],[11.335892263464824,45.397837800018],[11.332303784174242,45.38821859510741],[11.353296776877608,45.37149788149524],[11.354987580583007,45.353750308965694],[11.39437259586048,45.34787376788235],[11.452635821757783,45.323632723293464],[11.447798129863953,45.31530402061491],[11.432873913529692,45.3135425052153],[11.432741835164178,45.307912800406356],[11.491195982755526,45.282598758326216],[11.481398549486139,45.25890403205894],[11.450601164862267,45.26138975869253],[11.427099740305511,45.25330404967101],[11.402749893778129,45.26454711895167],[11.391779280281515,45.25611712112606],[11.404996065663946,45.24669806372492],[11.399837208343394,45.22580507936544],[11.40913563097666,45.17556425989956],[11.421795790412876,45.166398545689894],[11.419571339704367,45.157210691030805],[11.428695774985258,45.15049869166513],[11.410945356823825,45.12329432317271],[11.441996364156251,45.097098953160156],[11.443796500801298,45.07390164495058],[11.400699273062015,45.052803804610484],[11.360802340758607,45.05740386020762],[11.354699812231887,45.06988872393317],[11.304569894857144,45.09230690762264],[11.24380717306021,45.09232242864238],[11.226899925512727,45.083504634069904],[11.210002900152126,45.095002146282276],[11.203708353907514,45.11109695024173],[11.18930046134955,45.109803764043264],[11.147658405779254,45.125658158044494],[11.138502002380779,45.123281069995684],[11.127298924380094,45.10320341641827],[11.100297175275708,45.11119659954091],[11.094739981659256,45.10510788628738],[11.097491604850768,45.09520589286912],[11.042701947674782,45.11160422656708],[11.028903235226009,45.12779783319672],[11.042859757394597,45.134299262475366],[11.047583909077652,45.15184368973116],[11.035501322114024,45.1501040016141],[11.027499682805983,45.15828565164026],[11.010199093314627,45.14860425879333],[10.99450193311149,45.150303215951645],[10.997223082214939,45.185736339834634],[10.990659687099551,45.19559274896217],[10.946902024963387,45.20570357737892],[10.930703193904408,45.21800160885189],[10.932190492759334,45.233241997332776],[10.903502498809493,45.23710319864786],[10.898301164924614,45.24689353040344],[10.846702297671442,45.25650365948109],[10.839364616314048,45.272403907408986],[10.815722680262528,45.2945183636881],[10.783652910901234,45.31475808130086],[10.737499736008434,45.28720396826931],[10.728404292123972,45.291301869359366],[10.730559711900648,45.31511394865914],[10.706308062681362,45.316303520392815],[10.714157925573733,45.33421352743344],[10.686803102128366,45.34220284510647],[10.685508029447524,45.3536289702719],[10.710674694647818,45.36461663461261],[10.697704562364885,45.380098196151536],[10.716694138487375,45.39554774252511],[10.714859094730892,45.41682960275509],[10.666157449592399,45.427216155848015],[10.654598571791434,45.41580418451688],[10.643905759757148,45.41780223707714],[10.651251340089644,45.42796233831003],[10.649227037845886,45.44039898970083],[10.62730145812276,45.438304518664225],[10.623705975860123,45.44359696966029]]]]}},{"type":"Feature","properties":{"id":"vicenza","n":"Vicenza","rs":"veneto","rn":"Veneto","macro":"nord","mn":"Nord","pop":854131,"nc":113,"nrd":113,"rd":80.32,"co":135.63,"kru":469.65,"kin":94.58,"drd":1.89,"km2":2718.4,"dens":314.2},"geometry":{"type":"MultiPolygon","coordinates":[[[[11.136003587480408,45.70000072331939],[11.145902068990184,45.716996159478086],[11.177660031678657,45.73734499721773],[11.180642277421637,45.76370710158494],[11.173904860067687,45.78709713650414],[11.199320932505007,45.78401941151],[11.188503182635355,45.81189947820973],[11.198761393066812,45.82424046361221],[11.21813075491388,45.832954312438744],[11.221901890659561,45.84899646727029],[11.239156064329432,45.85618632376034],[11.24368873690868,45.87536226172083],[11.234907835249304,45.879800883336024],[11.254434358908057,45.88661963265629],[11.248905166402704,45.89919864614734],[11.260228448636461,45.90892497745886],[11.258412144734706,45.9206932676232],[11.300173590964464,45.9180876881228],[11.313098623077346,45.92989558196353],[11.324051907839044,45.91755861629963],[11.345841716223152,45.90974854713773],[11.349599164898553,45.914432225683996],[11.345005502158974,45.92099836654067],[11.357690284623466,45.926254701720595],[11.358304382140282,45.94369607906393],[11.38130240455224,45.944421748276675],[11.373403182217524,45.983297143202684],[11.44678249447543,45.98097229051039],[11.468001512373585,45.997597054147604],[11.510699581088932,46.01199635981038],[11.577197655750084,46.00649609000087],[11.587774743318224,45.97058723764591],[11.630628236576742,45.969412454808996],[11.631580082256198,45.96131970419026],[11.682757041691064,45.96807773843541],[11.684401737227255,45.984092840724955],[11.715997186453723,45.971497546956996],[11.711451536775582,45.958778849534056],[11.72789642246981,45.94819769517292],[11.730047086596825,45.93390589027341],[11.74580117146243,45.935495765111526],[11.76988846306933,45.92227669869741],[11.787198203869401,45.92429634964124],[11.792095508912189,45.9160010808414],[11.780812176949189,45.90844615547051],[11.775715141028206,45.890097826897005],[11.799496428355694,45.880497545487145],[11.79919679464587,45.872002720894756],[11.76770202058783,45.869003013312714],[11.762097397229063,45.858803418297114],[11.74620557812239,45.85579290107227],[11.745218987805837,45.849419978780816],[11.759396297557217,45.83860023013504],[11.750695852216742,45.822247289673385],[11.77813549003924,45.792731560509175],[11.803298307909719,45.7998959820496],[11.81839731433437,45.787197596673735],[11.833995943955516,45.74700020692403],[11.831198020424614,45.74050361607798],[11.815363911486248,45.74016000855318],[11.823995837847853,45.70660091925954],[11.816181151161954,45.69603077855159],[11.821694253100006,45.6872023658786],[11.758399858751362,45.67790255785409],[11.709581120709247,45.680775071186794],[11.710396231229106,45.670100411629626],[11.701893171964244,45.66080254524989],[11.68619328175133,45.65770611461199],[11.68773697431581,45.64775684727929],[11.646643024116944,45.633667862300555],[11.64537696707717,45.596664267043536],[11.674294739625887,45.59179830073417],[11.665585621843709,45.574635745194826],[11.665497044017307,45.55820236452468],[11.655137062101893,45.55102783288306],[11.65896199145159,45.54079468687097],[11.675598643863992,45.53956828242328],[11.683200685260646,45.55239653967589],[11.703786141631252,45.543074234928014],[11.721433368089768,45.54442645187875],[11.730027073198352,45.55991215446694],[11.758894432788273,45.520402643603745],[11.732733265221679,45.51476465774842],[11.739363544985709,45.4888287914409],[11.750092247914381,45.487896449126],[11.74569667385828,45.47220292173144],[11.709098563327432,45.4750432327505],[11.708697619200699,45.460003432602534],[11.70131695386497,45.45829585848567],[11.683197712796417,45.429403763122544],[11.654082827309749,45.41750067046076],[11.653196429603257,45.410302148741614],[11.61574790616802,45.387645104385925],[11.61176500812397,45.37403573434232],[11.627396042503785,45.35629890233288],[11.619696115278137,45.330201500307325],[11.61300202540588,45.32528012131863],[11.6143959086987,45.317202373546536],[11.588148168106926,45.31270562971063],[11.580327246831503,45.2971279695488],[11.581959815881595,45.2733283040613],[11.617792880682494,45.25849941688831],[11.612999119129503,45.25560329277324],[11.564201491909166,45.26218211015126],[11.526300206778293,45.25860225605283],[11.487004130601699,45.26590244411115],[11.488140354375421,45.285291558473496],[11.432702532307115,45.30770212979213],[11.437700872523564,45.316996230322005],[11.448279713936426,45.316377995722455],[11.450106919283467,45.32490664736813],[11.394296148542335,45.34788451981387],[11.354303434357483,45.35360261678286],[11.352827123535928,45.371360681193515],[11.331504563837738,45.38760167738927],[11.335602480842102,45.398595988057984],[11.344918764073343,45.40052211978985],[11.33616523837006,45.42940937933833],[11.331184970698677,45.43268653993495],[11.323502552562536,45.426706465091286],[11.318905492034231,45.43719893148684],[11.328819300697269,45.443903715035184],[11.320406417644174,45.45560139749577],[11.328256638112078,45.464357153095584],[11.323423817311179,45.4944972122437],[11.27980518514996,45.510203857374755],[11.279144463467851,45.52245744991852],[11.251403051389591,45.5423023578138],[11.243603542882594,45.560400421714306],[11.244610580920899,45.5862676639667],[11.235024525051875,45.60024277304109],[11.222101827633175,45.60110392780599],[11.213070664621778,45.62526416196309],[11.183800378417555,45.618203744649335],[11.15904659433061,45.63975046005079],[11.149703800816035,45.65420086808447],[11.15563099746764,45.682002536413],[11.143702208653105,45.682703734845525],[11.136003587480408,45.70000072331939]],[[11.425196887401446,45.592099767625015],[11.423885001060961,45.572751635761875],[11.445410753903712,45.56174214227371],[11.448303217478113,45.57499774442226],[11.456557774134936,45.58051516128886],[11.451383793115848,45.59531456206291],[11.43181820259616,45.60031627399507],[11.425196887401446,45.592099767625015]]]]}}]}