{"type":"FeatureCollection","features":[{"type":"Feature","properties":{"id":"piemonte","n":"Piemonte","macro":"nord","mn":"Nord","pop":4255295,"nc":1179,"nrd":1179,"rd":68.76,"co":206.62,"kru":522.14,"kin":162.17,"drd":1.87,"km2":25396.1,"dens":167.6},"geometry":{"type":"Polygon","coordinates":[[[7.1361,45.2799],[7.1353,45.2824],[7.1215,45.2986],[7.118,45.3109],[7.1092,45.3188],[7.1093,45.3278],[7.1262,45.3274],[7.1333,45.3309],[7.1351,45.3338],[7.1308,45.3391],[7.133,45.3473],[7.1385,45.3512],[7.1523,45.3536],[7.1594,45.3594],[7.1594,45.3731],[7.1633,45.3818],[7.1824,45.401],[7.1856,45.4031],[7.1837,45.4074],[7.1643,45.413],[7.1556,45.4177],[7.1523,45.4226],[7.1338,45.4263],[7.1143,45.4335],[7.1147,45.4409],[7.1108,45.4465],[7.1012,45.4542],[7.0989,45.4613],[7.1042,45.467],[7.1133,45.473],[7.1148,45.4871],[7.1215,45.4988],[7.1217,45.5063],[7.1263,45.5117],[7.1376,45.5163],[7.141,45.5109],[7.1436,45.4971],[7.137,45.4919],[7.1411,45.4808],[7.148,45.4781],[7.1511,45.4835],[7.1573,45.4866],[7.1995,45.4812],[7.2139,45.4712],[7.2227,45.4704],[7.2303,45.4755],[7.2358,45.4854],[7.2476,45.4941],[7.2633,45.4986],[7.2664,45.5038],[7.2694,45.5147],[7.2789,45.5135],[7.3011,45.5172],[7.323,45.5145],[7.3337,45.5208],[7.3496,45.522],[7.3593,45.5258],[7.3641,45.5251],[7.3756,45.5166],[7.3834,45.5196],[7.3967,45.5285],[7.3959,45.5316],[7.4089,45.5352],[7.4222,45.546],[7.4478,45.5556],[7.4482,45.5599],[7.4635,45.5729],[7.471,45.5778],[7.4893,45.583],[7.5057,45.582],[7.52,45.5772],[7.5327,45.5772],[7.5407,45.5842],[7.5485,45.5887],[7.5655,45.5916],[7.574,45.5892],[7.5816,45.5826],[7.5901,45.582],[7.5991,45.5785],[7.6062,45.5728],[7.6091,45.5629],[7.6169,45.5645],[7.634,45.5708],[7.6459,45.569],[7.6768,45.5522],[7.6883,45.5573],[7.7033,45.5556],[7.7162,45.5589],[7.7224,45.5578],[7.7304,45.5508],[7.7327,45.5503],[7.7377,45.5522],[7.7557,45.5636],[7.7685,45.5672],[7.7853,45.5748],[7.7968,45.5826],[7.7956,45.5864],[7.8054,45.5876],[7.8183,45.5936],[7.8309,45.5978],[7.8414,45.5973],[7.8489,45.6023],[7.8622,45.597],[7.8647,45.5973],[7.8773,45.6003],[7.8906,45.597],[7.8958,45.59],[7.9006,45.5917],[7.8961,45.5998],[7.8973,45.6064],[7.8966,45.6113],[7.8975,45.6124],[7.9159,45.6332],[7.9297,45.6362],[7.9361,45.6358],[7.9394,45.6432],[7.9259,45.6552],[7.9209,45.6606],[7.9216,45.6665],[7.9118,45.6707],[7.9111,45.6797],[7.9051,45.682],[7.9064,45.6915],[7.9118,45.7007],[7.9203,45.7018],[7.9239,45.7063],[7.9301,45.7148],[7.9366,45.7243],[7.9273,45.7346],[7.9291,45.7425],[7.9173,45.7436],[7.9001,45.7493],[7.885,45.7602],[7.8808,45.7672],[7.8828,45.7711],[7.8733,45.7783],[7.863,45.791],[7.8665,45.8017],[7.8622,45.8199],[7.8735,45.8259],[7.8683,45.8355],[7.8638,45.8396],[7.8663,45.8476],[7.874,45.8532],[7.876,45.8617],[7.8688,45.8676],[7.8653,45.88],[7.8619,45.9087],[7.864,45.9164],[7.866,45.9194],[7.877,45.9264],[7.8683,45.9377],[7.8707,45.9478],[7.8765,45.949],[7.8777,45.9542],[7.8778,45.9723],[7.8955,45.9821],[7.9088,45.9974],[7.9441,45.9978],[7.9544,45.9971],[7.9778,45.9995],[7.9882,45.9963],[7.9933,45.9998],[8.0005,46.0114],[8.0121,46.0119],[8.0168,46.0248],[8.0126,46.032],[8.0236,46.0397],[8.0326,46.0421],[8.0344,46.0453],[8.0273,46.0576],[8.0226,46.0682],[8.0229,46.0743],[8.0266,46.0794],[8.0328,46.0983],[8.0539,46.1017],[8.0705,46.1063],[8.0825,46.1054],[8.1081,46.1116],[8.1133,46.117],[8.115,46.1303],[8.1263,46.1355],[8.1434,46.1367],[8.1502,46.1413],[8.1541,46.1478],[8.1496,46.1593],[8.1512,46.1652],[8.1584,46.1735],[8.1647,46.1768],[8.1646,46.1833],[8.1536,46.1916],[8.1512,46.2029],[8.1411,46.2202],[8.1389,46.2261],[8.1249,46.2296],[8.1156,46.2369],[8.1115,46.2423],[8.1101,46.2494],[8.0997,46.2527],[8.0875,46.2542],[8.0813,46.2583],[8.1008,46.2738],[8.1135,46.2813],[8.1211,46.2919],[8.1378,46.3016],[8.1476,46.3015],[8.1612,46.2962],[8.1814,46.2983],[8.1963,46.3024],[8.2032,46.3042],[8.2116,46.3092],[8.2155,46.32],[8.2233,46.3244],[8.2238,46.3337],[8.2338,46.3398],[8.2478,46.3403],[8.2531,46.3462],[8.2647,46.3514],[8.2634,46.3637],[8.273,46.3667],[8.2837,46.3633],[8.285,46.366],[8.301,46.3743],[8.312,46.3765],[8.3186,46.3863],[8.3142,46.3904],[8.3168,46.3972],[8.3098,46.4035],[8.3047,46.4022],[8.2953,46.4047],[8.2897,46.4085],[8.3003,46.4194],[8.3095,46.4243],[8.3208,46.4254],[8.3394,46.4328],[8.3561,46.4475],[8.3644,46.4511],[8.3744,46.4533],[8.3817,46.451],[8.3935,46.4524],[8.4073,46.4586],[8.431,46.4632],[8.4455,46.4637],[8.4498,46.4617],[8.4618,46.4509],[8.4658,46.4429],[8.4576,46.4348],[8.4578,46.4223],[8.4684,46.4117],[8.4639,46.4066],[8.4674,46.3996],[8.4656,46.3918],[8.4611,46.3866],[8.4663,46.3806],[8.4684,46.365],[8.4621,46.3532],[8.4644,46.333],[8.4539,46.3215],[8.444,46.3196],[8.4401,46.3047],[8.4276,46.2984],[8.4341,46.288],[8.4501,46.2728],[8.4563,46.2635],[8.4489,46.261],[8.4425,46.2537],[8.4443,46.2495],[8.4638,46.2448],[8.4687,46.2335],[8.4772,46.2306],[8.4965,46.228],[8.5165,46.2202],[8.5222,46.2215],[8.5326,46.2181],[8.5345,46.2096],[8.5406,46.1977],[8.5456,46.1962],[8.553,46.1922],[8.5638,46.1839],[8.5694,46.177],[8.5731,46.165],[8.5881,46.157],[8.6029,46.1542],[8.5949,46.1423],[8.6105,46.132],[8.611,46.1244],[8.6185,46.1214],[8.6478,46.1232],[8.6583,46.1126],[8.6689,46.1092],[8.6793,46.1104],[8.6909,46.1021],[8.6967,46.102],[8.7149,46.098],[8.7079,46.0908],[8.7057,46.0815],[8.714,46.0659],[8.7204,46.0422],[8.7263,46.0341],[8.7292,46.0268],[8.7265,46.018],[8.7147,46.0082],[8.7124,46.0067],[8.7007,46.0],[8.6906,45.9928],[8.6824,45.9868],[8.654,45.9661],[8.6169,45.9384],[8.6087,45.9324],[8.5879,45.9169],[8.5718,45.9013],[8.5703,45.8913],[8.5869,45.8604],[8.5922,45.8525],[8.5946,45.8448],[8.5951,45.8384],[8.5952,45.8337],[8.5937,45.8283],[8.5879,45.8189],[8.5801,45.8129],[8.5636,45.8073],[8.5548,45.7982],[8.5523,45.788],[8.5556,45.775],[8.5796,45.7516],[8.5824,45.7493],[8.5937,45.7304],[8.607,45.7258],[8.6347,45.723],[8.6401,45.7235],[8.6488,45.7196],[8.6541,45.712],[8.6543,45.7079],[8.647,45.6939],[8.6415,45.6873],[8.6405,45.6847],[8.6408,45.6768],[8.6526,45.6745],[8.6636,45.6745],[8.6751,45.6776],[8.6813,45.6764],[8.6804,45.6679],[8.6724,45.6663],[8.6698,45.6615],[8.6736,45.6569],[8.6809,45.6509],[8.6886,45.6398],[8.6852,45.6344],[8.6786,45.6337],[8.6723,45.6401],[8.6616,45.6426],[8.659,45.6378],[8.6616,45.6345],[8.6659,45.6303],[8.6628,45.6226],[8.6661,45.6208],[8.6779,45.6215],[8.6857,45.6177],[8.6937,45.6097],[8.6917,45.6041],[8.7031,45.6],[8.7047,45.5942],[8.7029,45.5867],[8.6949,45.5813],[8.6937,45.5768],[8.7049,45.57],[8.7069,45.5583],[8.7064,45.5554],[8.711,45.5413],[8.7195,45.531],[8.7144,45.5279],[8.7132,45.5199],[8.7229,45.5076],[8.728,45.5024],[8.7393,45.4981],[8.7571,45.4979],[8.7605,45.4969],[8.7701,45.4865],[8.7753,45.4844],[8.7874,45.4863],[8.7889,45.4842],[8.7907,45.4787],[8.7912,45.4674],[8.7883,45.4643],[8.7894,45.4621],[8.7929,45.4598],[8.8001,45.4558],[8.8101,45.4459],[8.8114,45.438],[8.8099,45.4326],[8.818,45.4347],[8.8229,45.4294],[8.8245,45.4195],[8.8292,45.4154],[8.8423,45.399],[8.843,45.3938],[8.8295,45.3903],[8.8217,45.3914],[8.8104,45.3888],[8.8119,45.3833],[8.8016,45.3792],[8.7934,45.379],[8.7768,45.3839],[8.7655,45.3889],[8.7638,45.3782],[8.7483,45.3744],[8.7417,45.3769],[8.7307,45.3756],[8.7192,45.3781],[8.7205,45.3748],[8.7237,45.3708],[8.7367,45.3617],[8.7467,45.3563],[8.7608,45.3558],[8.7626,45.3487],[8.7576,45.3447],[8.7437,45.3402],[8.7422,45.332],[8.7249,45.3356],[8.7267,45.3329],[8.7224,45.3189],[8.7162,45.3029],[8.7142,45.3016],[8.7072,45.2986],[8.7039,45.3015],[8.6972,45.2948],[8.6907,45.2926],[8.6891,45.294],[8.6666,45.2922],[8.6588,45.3036],[8.6629,45.3093],[8.6548,45.3233],[8.6556,45.3257],[8.6317,45.3384],[8.6288,45.3499],[8.6135,45.3545],[8.601,45.3512],[8.5874,45.3519],[8.5787,45.3473],[8.5689,45.3489],[8.5573,45.3534],[8.5531,45.3615],[8.5503,45.3549],[8.5378,45.3466],[8.5263,45.3422],[8.5331,45.3354],[8.5385,45.3194],[8.538,45.3173],[8.5312,45.3194],[8.5217,45.3123],[8.5135,45.3133],[8.5077,45.3077],[8.5,45.2973],[8.4984,45.2923],[8.512,45.2911],[8.516,45.2862],[8.513,45.2752],[8.5233,45.2743],[8.5245,45.2784],[8.5351,45.2778],[8.5361,45.2722],[8.531,45.2682],[8.5363,45.2627],[8.5331,45.2588],[8.5411,45.2563],[8.5426,45.2524],[8.5361,45.2476],[8.531,45.2537],[8.5228,45.2546],[8.5222,45.2498],[8.5277,45.2457],[8.5461,45.2419],[8.5548,45.2433],[8.5553,45.2389],[8.5441,45.2399],[8.5295,45.2383],[8.5416,45.2364],[8.5405,45.2307],[8.5312,45.2302],[8.5245,45.2271],[8.5257,45.2193],[8.5338,45.2166],[8.5446,45.209],[8.5471,45.2034],[8.5405,45.201],[8.5245,45.1983],[8.531,45.1933],[8.5523,45.1964],[8.5506,45.2012],[8.5569,45.2053],[8.5779,45.208],[8.5811,45.2023],[8.5754,45.199],[8.5631,45.1962],[8.544,45.1813],[8.543,45.1726],[8.5478,45.1681],[8.5549,45.1643],[8.5525,45.1601],[8.5799,45.1527],[8.5852,45.1479],[8.5901,45.133],[8.599,45.1314],[8.611,45.1237],[8.6089,45.1178],[8.6085,45.1083],[8.6135,45.1023],[8.6223,45.0978],[8.622,45.0913],[8.6275,45.0883],[8.6355,45.089],[8.6401,45.0766],[8.646,45.0752],[8.637,45.0665],[8.6426,45.0629],[8.6448,45.061],[8.647,45.0555],[8.6397,45.0451],[8.6347,45.041],[8.6451,45.0357],[8.6523,45.0349],[8.657,45.0294],[8.652,45.0233],[8.6593,45.0179],[8.6651,45.02],[8.6711,45.0272],[8.6813,45.029],[8.6919,45.0233],[8.7007,45.0264],[8.7009,45.0318],[8.708,45.0382],[8.7087,45.0382],[8.7139,45.037],[8.7224,45.0237],[8.742,45.0243],[8.751,45.0203],[8.7541,45.0154],[8.7481,45.0143],[8.7476,45.0093],[8.7603,45.0107],[8.7751,45.0079],[8.7783,45.0131],[8.7774,45.0223],[8.7814,45.0236],[8.7909,45.02],[8.7984,45.0211],[8.8024,45.0261],[8.7944,45.0326],[8.7979,45.0362],[8.8127,45.0375],[8.8239,45.0466],[8.8422,45.0427],[8.8407,45.0474],[8.8605,45.0511],[8.8706,45.052],[8.8804,45.06],[8.8876,45.0591],[8.8809,45.054],[8.8916,45.0513],[8.8981,45.0506],[8.9001,45.0437],[8.8951,45.0405],[8.9026,45.0361],[8.9047,45.0261],[8.9032,45.0189],[8.9012,45.0078],[8.9106,44.9954],[8.9255,44.9822],[8.9427,44.9858],[8.9487,44.9886],[8.9605,44.9873],[8.9617,44.9837],[8.9781,44.9672],[8.977,44.9586],[8.9696,44.9435],[8.9771,44.94],[8.9826,44.9317],[8.9883,44.9309],[8.9991,44.9144],[8.9996,44.9093],[9.0081,44.903],[9.0184,44.9009],[9.0232,44.897],[9.0304,44.8885],[9.0435,44.8847],[9.0557,44.8891],[9.0593,44.8814],[9.0702,44.866],[9.0677,44.86],[9.0538,44.8512],[9.0492,44.8502],[9.0497,44.8482],[9.065,44.8327],[9.0642,44.8302],[9.0703,44.8307],[9.0753,44.8218],[9.0721,44.8176],[9.0816,44.8145],[9.0893,44.8173],[9.0951,44.8191],[9.1033,44.8146],[9.1089,44.8054],[9.1189,44.8085],[9.1266,44.8056],[9.1464,44.8089],[9.156,44.8155],[9.155,44.8094],[9.1643,44.8029],[9.1653,44.8003],[9.1735,44.7961],[9.1733,44.787],[9.1703,44.7755],[9.1718,44.7716],[9.1941,44.7568],[9.2136,44.7524],[9.2143,44.7448],[9.2111,44.732],[9.2028,44.7221],[9.2054,44.7095],[9.2084,44.7029],[9.2003,44.6864],[9.2001,44.6861],[9.1995,44.6786],[9.2019,44.6717],[9.2054,44.6671],[9.2064,44.6602],[9.2036,44.6538],[9.198,44.6499],[9.2005,44.6154],[9.2029,44.6135],[9.2049,44.6027],[9.2033,44.5957],[9.199,44.5928],[9.1836,44.5917],[9.1692,44.5847],[9.1525,44.5742],[9.146,44.5742],[9.1341,44.5748],[9.1217,44.5804],[9.1106,44.582],[9.1023,44.5942],[9.1046,44.6066],[9.1033,44.6098],[9.0918,44.6135],[9.0758,44.6236],[9.0537,44.621],[9.0434,44.6158],[9.0452,44.6274],[9.0387,44.6409],[9.0315,44.6425],[9.0332,44.6474],[9.0246,44.651],[9.0206,44.6615],[9.0131,44.6668],[9.0001,44.6676],[8.9934,44.663],[8.9861,44.6641],[8.9725,44.6633],[8.9656,44.6722],[8.9595,44.6761],[8.9497,44.6745],[8.931,44.6761],[8.9279,44.6743],[8.9192,44.6621],[8.9157,44.6549],[8.9082,44.6468],[8.8919,44.6412],[8.8826,44.639],[8.8849,44.6317],[8.8911,44.6294],[8.8926,44.6257],[8.9022,44.6226],[8.9052,44.6158],[8.9076,44.6113],[8.9077,44.5954],[8.9124,44.5891],[8.9119,44.58],[8.9194,44.5719],[8.9217,44.5671],[8.9176,44.5611],[8.9056,44.5563],[8.8949,44.5554],[8.8913,44.5506],[8.8911,44.5506],[8.8798,44.5555],[8.875,44.5623],[8.865,44.566],[8.863,44.5606],[8.839,44.562],[8.8269,44.5619],[8.8232,44.5565],[8.8224,44.5493],[8.8284,44.5424],[8.8244,44.5385],[8.8064,44.5347],[8.7991,44.5302],[8.7951,44.5219],[8.7976,44.5051],[8.7927,44.4979],[8.7893,44.4964],[8.7871,44.4897],[8.7824,44.4884],[8.7711,44.4895],[8.7703,44.4895],[8.7696,44.4894],[8.7668,44.4927],[8.7708,44.4976],[8.7731,44.5055],[8.7688,44.5107],[8.7675,44.525],[8.7605,44.5302],[8.754,44.5241],[8.7498,44.5267],[8.7558,44.5306],[8.757,44.5368],[8.7508,44.5434],[8.7486,44.5503],[8.7382,44.5518],[8.7402,44.5562],[8.7313,44.5708],[8.721,44.5799],[8.714,44.5815],[8.6969,44.5795],[8.6901,44.582],[8.6814,44.5749],[8.6668,44.5825],[8.6616,44.5793],[8.6468,44.5824],[8.6325,44.5805],[8.6238,44.5865],[8.619,44.5826],[8.6202,44.5767],[8.6139,44.5681],[8.6099,44.5708],[8.6009,44.5677],[8.5979,44.5565],[8.6135,44.5466],[8.6072,44.5375],[8.5957,44.5374],[8.5901,44.5321],[8.5901,44.5276],[8.5834,44.5234],[8.5779,44.5257],[8.5729,44.5214],[8.5718,44.5161],[8.5762,44.5092],[8.5631,44.5062],[8.5601,44.5029],[8.5475,44.5051],[8.5431,44.5122],[8.5348,44.5133],[8.5142,44.5098],[8.4781,44.5106],[8.4752,44.5174],[8.4694,44.5218],[8.4589,44.5162],[8.4531,44.5097],[8.4494,44.4974],[8.444,44.5005],[8.4261,44.5053],[8.4187,44.5132],[8.4038,44.509],[8.4007,44.5024],[8.401,44.4933],[8.3907,44.4877],[8.3944,44.4803],[8.3915,44.4769],[8.3862,44.4772],[8.3749,44.4745],[8.3726,44.4704],[8.3584,44.4649],[8.3501,44.4848],[8.3363,44.488],[8.3208,44.4884],[8.3147,44.4963],[8.3047,44.5026],[8.2905,44.5029],[8.2842,44.5055],[8.2714,44.5069],[8.2687,44.5135],[8.2616,44.5194],[8.2527,44.5287],[8.2379,44.5187],[8.2241,44.5141],[8.217,44.4999],[8.2166,44.4952],[8.2233,44.4856],[8.2185,44.4818],[8.1973,44.4776],[8.1975,44.4676],[8.1965,44.4635],[8.2101,44.4555],[8.2072,44.4481],[8.2188,44.4366],[8.2218,44.4295],[8.2195,44.4263],[8.2145,44.4238],[8.208,44.4163],[8.208,44.4104],[8.2035,44.4049],[8.1865,44.3954],[8.1812,44.3971],[8.1699,44.3926],[8.1619,44.3858],[8.1496,44.3848],[8.1504,44.3752],[8.1414,44.3682],[8.1487,44.3549],[8.1442,44.3448],[8.1384,44.342],[8.1343,44.3321],[8.1248,44.3331],[8.113,44.3334],[8.107,44.3329],[8.1051,44.3266],[8.1088,44.3163],[8.1048,44.3103],[8.102,44.301],[8.0847,44.3067],[8.0823,44.311],[8.076,44.3139],[8.071,44.3118],[8.0597,44.3007],[8.0635,44.2882],[8.0732,44.2887],[8.0808,44.2836],[8.083,44.2779],[8.0907,44.2748],[8.0872,44.2671],[8.0807,44.2616],[8.0724,44.2589],[8.063,44.2532],[8.0807,44.2417],[8.0774,44.2338],[8.0687,44.2273],[8.0654,44.2169],[8.0747,44.2057],[8.0878,44.2031],[8.0955,44.197],[8.093,44.1922],[8.0947,44.1821],[8.0972,44.1787],[8.0907,44.1731],[8.0828,44.1689],[8.0737,44.1588],[8.075,44.1526],[8.0674,44.1446],[8.0526,44.1428],[8.0431,44.1429],[8.0288,44.1541],[8.0095,44.1556],[7.989,44.1446],[7.9795,44.1386],[7.9788,44.1336],[7.9918,44.1321],[7.9918,44.1274],[8.0066,44.1256],[8.0128,44.1197],[8.004,44.1143],[8.0156,44.1107],[8.0108,44.1042],[8.0046,44.1023],[7.9897,44.1086],[7.9717,44.1131],[7.9647,44.111],[7.958,44.1037],[7.9447,44.1019],[7.9424,44.1001],[7.9354,44.1011],[7.9261,44.1104],[7.9148,44.1094],[7.884,44.1047],[7.8802,44.1135],[7.866,44.1181],[7.8512,44.1187],[7.8434,44.1203],[7.8311,44.1201],[7.8154,44.1233],[7.7945,44.1306],[7.7752,44.14],[7.7627,44.1409],[7.7459,44.1353],[7.7372,44.128],[7.7289,44.1277],[7.7231,44.1208],[7.7234,44.1162],[7.7192,44.1045],[7.7216,44.0986],[7.7321,44.0843],[7.7402,44.0834],[7.7572,44.085],[7.7489,44.0796],[7.7402,44.0773],[7.7345,44.0736],[7.7297,44.0672],[7.7277,44.0602],[7.7142,44.0616],[7.7144,44.0758],[7.7174,44.0818],[7.7132,44.0878],[7.6954,44.1025],[7.6905,44.1085],[7.6718,44.1204],[7.6665,44.1307],[7.667,44.1336],[7.6763,44.1415],[7.6786,44.1466],[7.6705,44.1526],[7.6723,44.1597],[7.6818,44.169],[7.6846,44.1738],[7.6733,44.1773],[7.6691,44.1756],[7.645,44.178],[7.636,44.177],[7.6325,44.1736],[7.6275,44.1595],[7.6174,44.1499],[7.565,44.1523],[7.5575,44.1479],[7.5487,44.1456],[7.535,44.1474],[7.5214,44.1378],[7.5152,44.1384],[7.5114,44.1425],[7.5039,44.1436],[7.4972,44.1419],[7.4829,44.1337],[7.4731,44.1337],[7.46,44.1259],[7.4472,44.1294],[7.4282,44.1304],[7.429,44.1263],[7.4259,44.1143],[7.4215,44.1136],[7.4036,44.1182],[7.3927,44.1255],[7.3799,44.1223],[7.3665,44.1168],[7.3555,44.1171],[7.3488,44.1309],[7.3433,44.1453],[7.3312,44.1438],[7.3154,44.1439],[7.3105,44.1474],[7.3072,44.1441],[7.2867,44.1455],[7.2789,44.1413],[7.2729,44.1458],[7.2633,44.1481],[7.2485,44.1579],[7.243,44.166],[7.244,44.1715],[7.2358,44.1749],[7.2285,44.1682],[7.2197,44.1684],[7.2109,44.1766],[7.2039,44.1852],[7.1936,44.1869],[7.1887,44.1989],[7.1847,44.2005],[7.1764,44.199],[7.1636,44.2078],[7.1471,44.2],[7.1416,44.2009],[7.1263,44.2111],[7.1125,44.2175],[7.0972,44.2205],[7.0907,44.2242],[7.0864,44.2292],[7.0684,44.2337],[7.0333,44.2244],[7.0291,44.2306],[7.0212,44.2343],[7.0142,44.2329],[7.0052,44.2374],[6.999,44.2442],[6.9967,44.2507],[6.9945,44.277],[6.9957,44.2802],[6.981,44.2872],[6.9741,44.2841],[6.9701,44.2853],[6.9563,44.2982],[6.9599,44.3122],[6.9529,44.3192],[6.9468,44.3205],[6.9268,44.3333],[6.9231,44.3412],[6.922,44.3518],[6.9058,44.3584],[6.899,44.3581],[6.8889,44.3611],[6.8882,44.3674],[6.8962,44.3719],[6.8968,44.3755],[6.8958,44.3968],[6.8978,44.405],[6.8943,44.4101],[6.8935,44.4209],[6.9137,44.4244],[6.9253,44.4227],[6.9318,44.4244],[6.9346,44.4299],[6.9454,44.4279],[6.9484,44.4298],[6.9351,44.4401],[6.9308,44.4408],[6.912,44.4522],[6.9063,44.4679],[6.9017,44.4709],[6.8912,44.4726],[6.8757,44.4822],[6.877,44.4881],[6.8669,44.494],[6.8627,44.4999],[6.8566,44.5137],[6.8534,44.5279],[6.8566,44.5341],[6.8706,44.5403],[6.8772,44.5528],[6.8914,44.5546],[6.9143,44.559],[6.9163,44.5618],[6.9123,44.5685],[6.926,44.5706],[6.9336,44.575],[6.9331,44.5927],[6.9386,44.6039],[6.9463,44.6061],[6.9508,44.6127],[6.9503,44.6195],[6.9549,44.6219],[6.9674,44.6194],[6.9686,44.626],[6.9607,44.6296],[6.9526,44.6379],[6.9476,44.6525],[6.9529,44.66],[6.9592,44.6647],[6.9574,44.6695],[6.9636,44.6784],[6.9712,44.6776],[6.9825,44.6847],[6.987,44.6895],[6.9985,44.6907],[7.0035,44.6868],[7.0223,44.6913],[7.0303,44.6914],[7.0489,44.6831],[7.0624,44.6799],[7.0739,44.6817],[7.0761,44.6838],[7.0732,44.696],[7.0656,44.708],[7.0652,44.7138],[7.0541,44.715],[7.0411,44.7196],[7.0325,44.7279],[7.0238,44.7397],[7.0213,44.7494],[7.025,44.757],[7.0248,44.7624],[7.0193,44.776],[7.0113,44.7839],[7.0,44.7891],[7.0093,44.7983],[7.024,44.8233],[7.0097,44.8264],[7.0065,44.8395],[7.0012,44.8425],[6.9934,44.8424],[6.9827,44.8465],[6.9696,44.8467],[6.9556,44.8544],[6.9315,44.8634],[6.9215,44.8505],[6.9128,44.8449],[6.882,44.849],[6.8631,44.8507],[6.8549,44.8576],[6.8404,44.8597],[6.8301,44.8679],[6.809,44.8756],[6.7927,44.8893],[6.785,44.8887],[6.7784,44.8982],[6.7712,44.9031],[6.7599,44.9029],[6.7501,44.9075],[6.7509,44.9143],[6.7509,44.9241],[6.7537,44.9291],[6.7599,44.9337],[6.7592,44.9353],[6.7532,44.9384],[6.7462,44.9385],[6.7579,44.9482],[6.765,44.9591],[6.7635,44.9714],[6.7504,44.9781],[6.7494,44.9838],[6.7374,44.9935],[6.7497,44.9958],[6.7514,44.998],[6.7477,45.0069],[6.7432,45.016],[6.7259,45.0216],[6.7148,45.0203],[6.7076,45.0213],[6.6755,45.0192],[6.6654,45.0317],[6.6657,45.0398],[6.6699,45.0442],[6.6619,45.054],[6.6639,45.0577],[6.6615,45.0718],[6.6541,45.0718],[6.6462,45.075],[6.6464,45.0818],[6.6407,45.0899],[6.6273,45.1018],[6.6274,45.1058],[6.6334,45.1149],[6.6427,45.1165],[6.6486,45.1151],[6.673,45.1245],[6.6742,45.1309],[6.6803,45.1404],[6.6925,45.1394],[6.701,45.1429],[6.7121,45.1448],[6.7268,45.1386],[6.7403,45.137],[6.7511,45.1433],[6.7576,45.1512],[6.769,45.1598],[6.7799,45.1581],[6.7872,45.1536],[6.7967,45.1531],[6.8131,45.1485],[6.8411,45.1357],[6.8483,45.1274],[6.8522,45.128],[6.8667,45.1321],[6.8734,45.1361],[6.8945,45.1375],[6.898,45.1413],[6.89,45.1485],[6.8844,45.1576],[6.8935,45.169],[6.9075,45.1663],[6.9173,45.1674],[6.932,45.1711],[6.9476,45.1705],[6.9433,45.1759],[6.9506,45.18],[6.9528,45.1865],[6.9676,45.1966],[6.9606,45.203],[6.9657,45.2077],[6.9759,45.2077],[6.994,45.212],[7.0032,45.22],[7.0063,45.2172],[7.0197,45.2147],[7.0298,45.2164],[7.0421,45.2257],[7.0509,45.2257],[7.0669,45.2103],[7.0831,45.2163],[7.0839,45.2234],[7.097,45.2336],[7.107,45.2435],[7.115,45.2464],[7.1243,45.244],[7.137,45.2555],[7.1328,45.264],[7.1315,45.2739],[7.1361,45.2799]],[[8.0477,45.1079],[8.0449,45.1158],[8.0457,45.123],[8.0469,45.1283],[8.0308,45.13],[8.0241,45.1326],[8.0203,45.1268],[8.0144,45.1253],[8.0063,45.1288],[7.9923,45.1284],[7.9802,45.1239],[7.99,45.1139],[8.011,45.1024],[8.0221,45.1088],[8.0294,45.1069],[8.0477,45.1079]]]}},{"type":"Feature","properties":{"id":"valle-d-aosta","n":"Valle d'Aosta","macro":"nord","mn":"Nord","pop":122714,"nc":74,"nrd":74,"rd":72.65,"co":254.07,"kru":649.74,"kin":183.82,"drd":5.59,"km2":3259.4,"dens":37.6},"geometry":{"type":"Polygon","coordinates":[[[7.7345,45.9236],[7.7365,45.9285],[7.7472,45.9378],[7.7537,45.9396],[7.7687,45.9372],[7.798,45.918],[7.8011,45.9173],[7.8101,45.923],[7.8196,45.9266],[7.8327,45.9245],[7.8369,45.9216],[7.8565,45.921],[7.864,45.9164],[7.8619,45.9087],[7.8653,45.88],[7.8688,45.8676],[7.876,45.8617],[7.874,45.8532],[7.8663,45.8476],[7.8638,45.8396],[7.8683,45.8355],[7.8735,45.8259],[7.8622,45.8199],[7.8665,45.8017],[7.863,45.791],[7.8733,45.7783],[7.8828,45.7711],[7.8808,45.7672],[7.885,45.7602],[7.9001,45.7493],[7.9173,45.7436],[7.9291,45.7425],[7.9273,45.7346],[7.9366,45.7243],[7.9301,45.7148],[7.9239,45.7063],[7.9203,45.7018],[7.9118,45.7007],[7.9064,45.6915],[7.9051,45.682],[7.9111,45.6797],[7.9118,45.6707],[7.9216,45.6665],[7.9209,45.6606],[7.9259,45.6552],[7.9394,45.6432],[7.9361,45.6358],[7.9297,45.6362],[7.9159,45.6332],[7.8975,45.6124],[7.8966,45.6113],[7.8973,45.6064],[7.8961,45.5998],[7.9006,45.5917],[7.8958,45.59],[7.8906,45.597],[7.8773,45.6003],[7.8647,45.5973],[7.8622,45.597],[7.8489,45.6023],[7.8414,45.5973],[7.8309,45.5978],[7.8183,45.5936],[7.8054,45.5876],[7.7956,45.5864],[7.7968,45.5826],[7.7853,45.5748],[7.7685,45.5672],[7.7557,45.5636],[7.7377,45.5522],[7.7327,45.5503],[7.7304,45.5508],[7.7224,45.5578],[7.7162,45.5589],[7.7033,45.5556],[7.6883,45.5573],[7.6768,45.5522],[7.6459,45.569],[7.634,45.5708],[7.6169,45.5645],[7.6091,45.5629],[7.6062,45.5728],[7.5991,45.5785],[7.5901,45.582],[7.5816,45.5826],[7.574,45.5892],[7.5655,45.5916],[7.5485,45.5887],[7.5407,45.5842],[7.5327,45.5772],[7.52,45.5772],[7.5057,45.582],[7.4893,45.583],[7.471,45.5778],[7.4635,45.5729],[7.4482,45.5599],[7.4478,45.5556],[7.4222,45.546],[7.4089,45.5352],[7.3959,45.5316],[7.3967,45.5285],[7.3834,45.5196],[7.3756,45.5166],[7.3641,45.5251],[7.3593,45.5258],[7.3496,45.522],[7.3337,45.5208],[7.323,45.5145],[7.3011,45.5172],[7.2789,45.5135],[7.2694,45.5147],[7.2664,45.5038],[7.2633,45.4986],[7.2476,45.4941],[7.2358,45.4854],[7.2303,45.4755],[7.2227,45.4704],[7.2139,45.4712],[7.1995,45.4812],[7.1573,45.4866],[7.1511,45.4835],[7.148,45.4781],[7.1411,45.4808],[7.137,45.4919],[7.1436,45.4971],[7.141,45.5109],[7.1376,45.5163],[7.1263,45.5117],[7.1217,45.5063],[7.1215,45.4988],[7.1148,45.4871],[7.1133,45.473],[7.1042,45.467],[7.0999,45.4695],[7.0756,45.4742],[7.0651,45.4746],[7.0593,45.4721],[7.0479,45.4725],[7.0446,45.4799],[7.0491,45.4863],[7.0536,45.488],[7.0551,45.4931],[7.0435,45.4977],[7.0365,45.4963],[7.0208,45.4972],[7.0087,45.5004],[6.9997,45.5045],[7.0007,45.511],[7.0048,45.5173],[7.0037,45.5207],[6.994,45.5287],[6.9925,45.5387],[6.9955,45.5449],[6.991,45.5557],[6.9895,45.5631],[6.9952,45.5685],[6.995,45.5762],[6.9802,45.5841],[6.9779,45.589],[6.9852,45.6081],[6.9839,45.6163],[6.9845,45.6255],[6.9972,45.6312],[7.0013,45.6365],[7.0,45.6405],[6.9885,45.6445],[6.9721,45.6478],[6.9701,45.6539],[6.9607,45.655],[6.9301,45.6471],[6.9151,45.6525],[6.9165,45.6595],[6.9107,45.6622],[6.9062,45.6673],[6.9062,45.6764],[6.8992,45.6802],[6.8935,45.6759],[6.8697,45.6806],[6.8541,45.6869],[6.8469,45.691],[6.8428,45.6974],[6.8279,45.704],[6.8206,45.7143],[6.82,45.7186],[6.8091,45.7247],[6.8173,45.7397],[6.8055,45.7483],[6.8047,45.7564],[6.8065,45.7617],[6.8013,45.7812],[6.8047,45.7913],[6.8121,45.7967],[6.8133,45.8076],[6.8093,45.8208],[6.8186,45.8362],[6.8424,45.8422],[6.8592,45.8338],[6.8659,45.8338],[6.873,45.8406],[6.8739,45.8461],[6.883,45.8495],[6.8955,45.8428],[6.91,45.842],[6.9161,45.8444],[6.9396,45.8468],[6.9506,45.8589],[6.9774,45.8686],[6.9892,45.868],[6.9992,45.8741],[7.0065,45.8866],[7.0033,45.8916],[7.0043,45.8998],[7.0185,45.9147],[7.0286,45.9202],[7.0458,45.9221],[7.0521,45.9164],[7.0644,45.9095],[7.0652,45.8998],[7.0856,45.8828],[7.0952,45.8759],[7.0949,45.87],[7.1015,45.8591],[7.1183,45.8596],[7.1318,45.8671],[7.1351,45.8727],[7.1541,45.8793],[7.1646,45.8768],[7.1619,45.871],[7.1754,45.863],[7.1902,45.8587],[7.1929,45.8596],[7.2004,45.8632],[7.1975,45.8704],[7.206,45.8802],[7.2155,45.884],[7.2163,45.8889],[7.228,45.892],[7.236,45.8902],[7.246,45.8921],[7.2596,45.8905],[7.2714,45.8997],[7.2769,45.9012],[7.2849,45.9149],[7.2906,45.9205],[7.2967,45.9211],[7.3014,45.9175],[7.3154,45.9168],[7.318,45.9118],[7.3297,45.9106],[7.3438,45.9153],[7.3561,45.9085],[7.3739,45.9005],[7.3818,45.8968],[7.3927,45.9012],[7.3974,45.9055],[7.4054,45.9091],[7.4105,45.9086],[7.4202,45.9121],[7.4317,45.9184],[7.4442,45.9315],[7.459,45.9354],[7.4711,45.9341],[7.4748,45.9362],[7.4715,45.9462],[7.4783,45.9526],[7.5024,45.9606],[7.5382,45.955],[7.5462,45.9627],[7.542,45.9776],[7.5455,45.9836],[7.5503,45.9862],[7.5748,45.9875],[7.5781,45.9862],[7.5841,45.9722],[7.5886,45.9708],[7.6099,45.9695],[7.6171,45.9722],[7.6392,45.9703],[7.658,45.9767],[7.6685,45.9731],[7.6801,45.958],[7.6878,45.9552],[7.7026,45.9534],[7.7099,45.9476],[7.7076,45.9342],[7.7177,45.925],[7.7222,45.9234],[7.7345,45.9236]]]}},{"type":"Feature","properties":{"id":"lombardia","n":"Lombardia","macro":"nord","mn":"Nord","pop":10024974,"nc":1503,"nrd":1500,"rd":74.55,"co":156.8,"kru":484.93,"kin":124.22,"drd":1.03,"km2":23864.7,"dens":420.1},"geometry":{"type":"MultiPolygon","coordinates":[[[[9.2003,44.6864],[9.2084,44.7029],[9.2054,44.7095],[9.2028,44.7221],[9.2111,44.732],[9.2143,44.7448],[9.2136,44.7524],[9.1941,44.7568],[9.1718,44.7716],[9.1703,44.7755],[9.1733,44.787],[9.1735,44.7961],[9.1653,44.8003],[9.1643,44.8029],[9.155,44.8094],[9.156,44.8155],[9.1464,44.8089],[9.1266,44.8056],[9.1189,44.8085],[9.1089,44.8054],[9.1033,44.8146],[9.0951,44.8191],[9.0893,44.8173],[9.0816,44.8145],[9.0721,44.8176],[9.0753,44.8218],[9.0703,44.8307],[9.0642,44.8302],[9.065,44.8327],[9.0497,44.8482],[9.0492,44.8502],[9.0538,44.8512],[9.0677,44.86],[9.0702,44.866],[9.0593,44.8814],[9.0557,44.8891],[9.0435,44.8847],[9.0304,44.8885],[9.0232,44.897],[9.0184,44.9009],[9.0081,44.903],[8.9996,44.9093],[8.9991,44.9144],[8.9883,44.9309],[8.9826,44.9317],[8.9771,44.94],[8.9696,44.9435],[8.977,44.9586],[8.9781,44.9672],[8.9617,44.9837],[8.9605,44.9873],[8.9487,44.9886],[8.9427,44.9858],[8.9255,44.9822],[8.9106,44.9954],[8.9012,45.0078],[8.9032,45.0189],[8.9047,45.0261],[8.9026,45.0361],[8.8951,45.0405],[8.9001,45.0437],[8.8981,45.0506],[8.8916,45.0513],[8.8809,45.054],[8.8876,45.0591],[8.8804,45.06],[8.8706,45.052],[8.8605,45.0511],[8.8407,45.0474],[8.8422,45.0427],[8.8239,45.0466],[8.8127,45.0375],[8.7979,45.0362],[8.7944,45.0326],[8.8024,45.0261],[8.7984,45.0211],[8.7909,45.02],[8.7814,45.0236],[8.7774,45.0223],[8.7783,45.0131],[8.7751,45.0079],[8.7603,45.0107],[8.7476,45.0093],[8.7481,45.0143],[8.7541,45.0154],[8.751,45.0203],[8.742,45.0243],[8.7224,45.0237],[8.7139,45.037],[8.7087,45.0382],[8.708,45.0382],[8.7009,45.0318],[8.7007,45.0264],[8.6919,45.0233],[8.6813,45.029],[8.6711,45.0272],[8.6651,45.02],[8.6593,45.0179],[8.652,45.0233],[8.657,45.0294],[8.6523,45.0349],[8.6451,45.0357],[8.6347,45.041],[8.6397,45.0451],[8.647,45.0555],[8.6448,45.061],[8.6426,45.0629],[8.637,45.0665],[8.646,45.0752],[8.6401,45.0766],[8.6355,45.089],[8.6275,45.0883],[8.622,45.0913],[8.6223,45.0978],[8.6135,45.1023],[8.6085,45.1083],[8.6089,45.1178],[8.611,45.1237],[8.599,45.1314],[8.5901,45.133],[8.5852,45.1479],[8.5799,45.1527],[8.5525,45.1601],[8.5549,45.1643],[8.5478,45.1681],[8.543,45.1726],[8.544,45.1813],[8.5631,45.1962],[8.5754,45.199],[8.5811,45.2023],[8.5779,45.208],[8.5569,45.2053],[8.5506,45.2012],[8.5523,45.1964],[8.531,45.1933],[8.5245,45.1983],[8.5405,45.201],[8.5471,45.2034],[8.5446,45.209],[8.5338,45.2166],[8.5257,45.2193],[8.5245,45.2271],[8.5312,45.2302],[8.5405,45.2307],[8.5416,45.2364],[8.5295,45.2383],[8.5441,45.2399],[8.5553,45.2389],[8.5548,45.2433],[8.5461,45.2419],[8.5277,45.2457],[8.5222,45.2498],[8.5228,45.2546],[8.531,45.2537],[8.5361,45.2476],[8.5426,45.2524],[8.5411,45.2563],[8.5331,45.2588],[8.5363,45.2627],[8.531,45.2682],[8.5361,45.2722],[8.5351,45.2778],[8.5245,45.2784],[8.5233,45.2743],[8.513,45.2752],[8.516,45.2862],[8.512,45.2911],[8.4984,45.2923],[8.5,45.2973],[8.5077,45.3077],[8.5135,45.3133],[8.5217,45.3123],[8.5312,45.3194],[8.538,45.3173],[8.5385,45.3194],[8.5331,45.3354],[8.5263,45.3422],[8.5378,45.3466],[8.5503,45.3549],[8.5531,45.3615],[8.5573,45.3534],[8.5689,45.3489],[8.5787,45.3473],[8.5874,45.3519],[8.601,45.3512],[8.6135,45.3545],[8.6288,45.3499],[8.6317,45.3384],[8.6556,45.3257],[8.6548,45.3233],[8.6629,45.3093],[8.6588,45.3036],[8.6666,45.2922],[8.6891,45.294],[8.6907,45.2926],[8.6972,45.2948],[8.7039,45.3015],[8.7072,45.2986],[8.7142,45.3016],[8.7162,45.3029],[8.7224,45.3189],[8.7267,45.3329],[8.7249,45.3356],[8.7422,45.332],[8.7437,45.3402],[8.7576,45.3447],[8.7626,45.3487],[8.7608,45.3558],[8.7467,45.3563],[8.7367,45.3617],[8.7237,45.3708],[8.7205,45.3748],[8.7192,45.3781],[8.7307,45.3756],[8.7417,45.3769],[8.7483,45.3744],[8.7638,45.3782],[8.7655,45.3889],[8.7768,45.3839],[8.7934,45.379],[8.8016,45.3792],[8.8119,45.3833],[8.8104,45.3888],[8.8217,45.3914],[8.8295,45.3903],[8.843,45.3938],[8.8423,45.399],[8.8292,45.4154],[8.8245,45.4195],[8.8229,45.4294],[8.818,45.4347],[8.8099,45.4326],[8.8114,45.438],[8.8101,45.4459],[8.8001,45.4558],[8.7929,45.4598],[8.7894,45.4621],[8.7883,45.4643],[8.7912,45.4674],[8.7907,45.4787],[8.7889,45.4842],[8.7874,45.4863],[8.7753,45.4844],[8.7701,45.4865],[8.7605,45.4969],[8.7571,45.4979],[8.7393,45.4981],[8.728,45.5024],[8.7229,45.5076],[8.7132,45.5199],[8.7144,45.5279],[8.7195,45.531],[8.711,45.5413],[8.7064,45.5554],[8.7069,45.5583],[8.7049,45.57],[8.6937,45.5768],[8.6949,45.5813],[8.7029,45.5867],[8.7047,45.5942],[8.7031,45.6],[8.6917,45.6041],[8.6937,45.6097],[8.6857,45.6177],[8.6779,45.6215],[8.6661,45.6208],[8.6628,45.6226],[8.6659,45.6303],[8.6616,45.6345],[8.659,45.6378],[8.6616,45.6426],[8.6723,45.6401],[8.6786,45.6337],[8.6852,45.6344],[8.6886,45.6398],[8.6809,45.6509],[8.6736,45.6569],[8.6698,45.6615],[8.6724,45.6663],[8.6804,45.6679],[8.6813,45.6764],[8.6751,45.6776],[8.6636,45.6745],[8.6526,45.6745],[8.6408,45.6768],[8.6405,45.6847],[8.6415,45.6873],[8.647,45.6939],[8.6543,45.7079],[8.6541,45.712],[8.6488,45.7196],[8.6401,45.7235],[8.6347,45.723],[8.607,45.7258],[8.5937,45.7304],[8.5824,45.7493],[8.5796,45.7516],[8.5556,45.775],[8.5523,45.788],[8.5548,45.7982],[8.5636,45.8073],[8.5801,45.8129],[8.5879,45.8189],[8.5937,45.8283],[8.5952,45.8337],[8.5951,45.8384],[8.5946,45.8448],[8.5922,45.8525],[8.5869,45.8604],[8.5703,45.8913],[8.5718,45.9013],[8.5879,45.9169],[8.6087,45.9324],[8.6169,45.9384],[8.654,45.9661],[8.6824,45.9868],[8.6906,45.9928],[8.7007,46.0],[8.7124,46.0067],[8.7147,46.0082],[8.7265,46.018],[8.7292,46.0268],[8.7263,46.0341],[8.7204,46.0422],[8.714,46.0659],[8.7057,46.0815],[8.7079,46.0908],[8.7149,46.098],[8.7184,46.102],[8.7247,46.1101],[8.7427,46.1221],[8.7568,46.1038],[8.7686,46.1],[8.7834,46.0939],[8.7997,46.0945],[8.8061,46.101],[8.8152,46.0972],[8.8327,46.0834],[8.8418,46.0803],[8.847,46.0759],[8.852,46.0755],[8.8545,46.0617],[8.8442,46.0486],[8.8345,46.0514],[8.83,46.0416],[8.828,46.0334],[8.8197,46.0253],[8.8059,46.0216],[8.7921,46.0051],[8.7901,45.9999],[8.7859,45.9889],[8.7957,45.9921],[8.8082,45.9906],[8.821,45.9876],[8.8314,45.988],[8.8372,45.9849],[8.8477,45.9752],[8.8492,45.9732],[8.8683,45.9604],[8.8828,45.9565],[8.8943,45.9584],[8.8973,45.9538],[8.8987,45.9452],[8.8928,45.9351],[8.8983,45.9252],[8.9069,45.9179],[8.9121,45.9174],[8.9245,45.9059],[8.9237,45.8983],[8.9222,45.8949],[8.9242,45.8921],[8.9285,45.8906],[8.9322,45.8848],[8.934,45.87],[8.9457,45.8671],[8.9344,45.8622],[8.9154,45.8435],[8.9126,45.8304],[8.9194,45.8341],[8.9294,45.8334],[8.934,45.8393],[8.9497,45.8434],[8.9623,45.8379],[8.9698,45.8324],[8.9758,45.8362],[8.9868,45.8383],[8.9974,45.8348],[8.9943,45.8261],[8.9979,45.8229],[9.0127,45.8191],[9.0212,45.8208],[9.0337,45.8225],[9.032,45.8268],[9.0377,45.8355],[9.0387,45.8422],[9.0404,45.8465],[9.0494,45.8522],[9.0485,45.8625],[9.054,45.8728],[9.0657,45.8759],[9.0778,45.8856],[9.0888,45.9007],[9.08,45.9004],[9.0761,45.9035],[9.0763,45.9115],[9.0683,45.9132],[9.0495,45.9211],[9.0419,45.9271],[9.0294,45.9264],[9.0194,45.9286],[9.0219,45.9377],[9.0132,45.9418],[9.0151,45.9505],[9.0141,45.9601],[8.9941,45.9666],[8.9884,45.9727],[9.0081,45.981],[9.0227,45.9927],[9.0284,45.9937],[9.0242,46.0035],[9.0226,46.0165],[9.0091,46.0272],[9.0089,46.0369],[9.0162,46.0489],[9.0221,46.0524],[9.0494,46.0623],[9.0733,46.0626],[9.0778,46.0653],[9.0783,46.0749],[9.0895,46.0851],[9.0893,46.09],[9.0783,46.1097],[9.0738,46.1129],[9.0715,46.1195],[9.0991,46.1272],[9.1053,46.1318],[9.1152,46.135],[9.1207,46.1346],[9.1286,46.1462],[9.1356,46.1537],[9.1517,46.1612],[9.1603,46.1709],[9.1675,46.172],[9.1826,46.1706],[9.193,46.1792],[9.1963,46.187],[9.1938,46.1941],[9.2003,46.2071],[9.2056,46.2104],[9.2148,46.2117],[9.2188,46.2155],[9.2214,46.23],[9.2349,46.2338],[9.2462,46.2322],[9.2477,46.2336],[9.2499,46.2404],[9.2484,46.248],[9.2517,46.2655],[9.274,46.2911],[9.2845,46.2969],[9.2815,46.3093],[9.2855,46.3147],[9.2953,46.318],[9.3,46.3266],[9.294,46.3308],[9.2925,46.3383],[9.2991,46.3439],[9.2958,46.3556],[9.2815,46.3589],[9.2767,46.3694],[9.2765,46.3742],[9.2843,46.3861],[9.2778,46.3897],[9.2757,46.3948],[9.2807,46.3995],[9.2822,46.4058],[9.2807,46.4124],[9.275,46.4186],[9.2692,46.4185],[9.2495,46.4312],[9.2465,46.4464],[9.252,46.4495],[9.2625,46.4504],[9.2717,46.4546],[9.2778,46.4616],[9.2738,46.4636],[9.274,46.4836],[9.282,46.4965],[9.2901,46.497],[9.3096,46.5045],[9.3364,46.5063],[9.3389,46.5042],[9.3577,46.5078],[9.3647,46.5078],[9.3724,46.5037],[9.3737,46.4998],[9.3684,46.494],[9.3755,46.4852],[9.3847,46.4823],[9.3895,46.4732],[9.4091,46.4667],[9.4128,46.4669],[9.4238,46.4765],[9.4248,46.4895],[9.4344,46.4981],[9.4492,46.4997],[9.4532,46.5049],[9.4599,46.5067],[9.4604,46.4963],[9.4592,46.485],[9.4497,46.4839],[9.4496,46.4796],[9.4615,46.4802],[9.463,46.468],[9.4574,46.4632],[9.4591,46.4425],[9.4557,46.4367],[9.4539,46.4184],[9.46,46.4136],[9.4669,46.3981],[9.4687,46.3887],[9.4617,46.3774],[9.4642,46.3742],[9.4875,46.3667],[9.4987,46.3615],[9.5083,46.3491],[9.514,46.3333],[9.5186,46.3272],[9.5371,46.3097],[9.5494,46.3024],[9.5551,46.3062],[9.5829,46.2944],[9.5982,46.2952],[9.6098,46.2944],[9.6185,46.2875],[9.6351,46.2862],[9.6493,46.2897],[9.6511,46.2927],[9.6744,46.3027],[9.6884,46.2937],[9.7032,46.2907],[9.7145,46.2931],[9.718,46.3061],[9.726,46.3138],[9.7218,46.3282],[9.7268,46.3328],[9.723,46.3405],[9.7356,46.3501],[9.7436,46.3514],[9.7559,46.3453],[9.7647,46.3379],[9.7776,46.335],[9.7925,46.3431],[9.8217,46.3516],[9.832,46.359],[9.8504,46.3647],[9.8696,46.3625],[9.8831,46.371],[9.9064,46.3809],[9.9173,46.3702],[9.9245,46.3662],[9.9337,46.3745],[9.9526,46.3795],[9.9555,46.3737],[9.9644,46.3635],[9.9799,46.3555],[9.9964,46.3509],[9.9941,46.3415],[9.9849,46.3335],[9.9814,46.3226],[9.9947,46.314],[9.9982,46.3047],[9.9917,46.2965],[9.9956,46.2855],[9.9982,46.283],[10.03,46.2772],[10.0478,46.2684],[10.0553,46.2629],[10.0605,46.2481],[10.0545,46.2389],[10.0478,46.2321],[10.0493,46.2275],[10.0586,46.2248],[10.063,46.2204],[10.0708,46.2172],[10.0836,46.2266],[10.0944,46.2286],[10.1022,46.2282],[10.1089,46.2258],[10.1234,46.2238],[10.1347,46.2264],[10.1457,46.2305],[10.151,46.2397],[10.1744,46.2547],[10.1763,46.2579],[10.1729,46.2654],[10.1635,46.2744],[10.156,46.2906],[10.1395,46.2995],[10.1388,46.3047],[10.1164,46.3148],[10.1042,46.3335],[10.1077,46.3513],[10.1287,46.3609],[10.1262,46.3713],[10.1279,46.3776],[10.141,46.3857],[10.159,46.3858],[10.164,46.3909],[10.1625,46.4045],[10.1668,46.4078],[10.1606,46.4159],[10.148,46.4192],[10.143,46.4282],[10.1338,46.4288],[10.1307,46.4318],[10.1067,46.4268],[10.1012,46.4223],[10.0796,46.4211],[10.0793,46.4235],[10.062,46.4273],[10.0591,46.4295],[10.0565,46.4406],[10.0431,46.4421],[10.0398,46.4457],[10.044,46.4549],[10.053,46.4612],[10.051,46.4721],[10.0431,46.4795],[10.0468,46.5106],[10.0528,46.5158],[10.0541,46.5209],[10.0531,46.5315],[10.0448,46.5365],[10.0493,46.5439],[10.0596,46.5455],[10.0678,46.5515],[10.0706,46.5578],[10.0783,46.5609],[10.0852,46.5666],[10.0806,46.5752],[10.0944,46.5768],[10.1011,46.5828],[10.1012,46.5896],[10.0972,46.5931],[10.0991,46.6051],[10.1016,46.6101],[10.1209,46.606],[10.1302,46.6056],[10.1516,46.6143],[10.1646,46.6161],[10.1831,46.6241],[10.1906,46.6261],[10.2116,46.6178],[10.2175,46.619],[10.2229,46.6282],[10.2392,46.6352],[10.2435,46.6239],[10.2578,46.6108],[10.2575,46.6092],[10.2423,46.5926],[10.244,46.5784],[10.2547,46.5718],[10.2633,46.5772],[10.2691,46.5778],[10.2834,46.5712],[10.2959,46.5586],[10.2958,46.5504],[10.3154,46.5484],[10.3255,46.5517],[10.337,46.5434],[10.3422,46.5437],[10.3498,46.5496],[10.3523,46.5556],[10.3633,46.5556],[10.3974,46.5439],[10.4141,46.5507],[10.4194,46.551],[10.4335,46.5413],[10.4365,46.5374],[10.4532,46.5306],[10.458,46.5106],[10.4728,46.5006],[10.476,46.4955],[10.4845,46.4936],[10.4933,46.4981],[10.4998,46.4967],[10.5519,46.4914],[10.5607,46.4823],[10.5772,46.4734],[10.6005,46.4687],[10.6219,46.448],[10.6168,46.4439],[10.6196,46.4345],[10.6164,46.4278],[10.6191,46.4181],[10.6244,46.4092],[10.6304,46.4025],[10.6136,46.3879],[10.6074,46.3792],[10.598,46.3774],[10.5787,46.3768],[10.5667,46.3778],[10.5467,46.3665],[10.5424,46.3606],[10.5434,46.3566],[10.5377,46.3542],[10.5291,46.3569],[10.5192,46.3553],[10.5156,46.3432],[10.5201,46.3434],[10.5369,46.3383],[10.5657,46.3263],[10.5637,46.3209],[10.5648,46.3131],[10.579,46.302],[10.5797,46.2988],[10.564,46.2888],[10.5597,46.2831],[10.5705,46.2761],[10.5757,46.2757],[10.5783,46.2662],[10.5856,46.248],[10.5856,46.2454],[10.578,46.2379],[10.5707,46.2358],[10.5677,46.2322],[10.5705,46.2233],[10.5582,46.2117],[10.5507,46.2068],[10.5414,46.1886],[10.5545,46.1802],[10.5652,46.1671],[10.5612,46.1645],[10.5554,46.1553],[10.5542,46.1488],[10.5492,46.1464],[10.548,46.1393],[10.551,46.125],[10.5494,46.1175],[10.5417,46.1033],[10.5247,46.0897],[10.5171,46.0801],[10.5093,46.0753],[10.491,46.0668],[10.4773,46.0513],[10.4813,46.0499],[10.4861,46.0296],[10.4833,46.0219],[10.472,46.0215],[10.4655,46.0175],[10.4572,46.0079],[10.4572,45.9957],[10.453,45.9896],[10.4533,45.9767],[10.4677,45.9717],[10.4743,45.9727],[10.4866,45.9712],[10.49,45.9629],[10.483,45.9518],[10.4861,45.9429],[10.4915,45.942],[10.4913,45.9332],[10.4964,45.9295],[10.5074,45.9249],[10.5099,45.9172],[10.5063,45.9034],[10.4951,45.8998],[10.4901,45.8871],[10.491,45.8823],[10.5024,45.8712],[10.5016,45.8586],[10.5059,45.8433],[10.5021,45.8335],[10.5083,45.8238],[10.5144,45.826],[10.5289,45.8265],[10.5434,45.8183],[10.5434,45.8157],[10.5371,45.8105],[10.5297,45.8095],[10.5261,45.8057],[10.5352,45.8017],[10.5309,45.7958],[10.5327,45.788],[10.5455,45.7847],[10.5635,45.7841],[10.5805,45.7889],[10.5823,45.7942],[10.589,45.7978],[10.5976,45.7998],[10.6005,45.8028],[10.6146,45.8057],[10.6351,45.8068],[10.6414,45.8019],[10.6454,45.8042],[10.651,45.8125],[10.6549,45.8213],[10.6547,45.8327],[10.6698,45.8321],[10.6757,45.8305],[10.6903,45.8362],[10.6968,45.8408],[10.7018,45.8411],[10.7109,45.8361],[10.7171,45.8367],[10.7226,45.8412],[10.7356,45.8427],[10.7452,45.8404],[10.7512,45.8365],[10.7564,45.8301],[10.76,45.8374],[10.7642,45.8406],[10.7768,45.843],[10.7917,45.8331],[10.7988,45.8361],[10.8053,45.835],[10.8254,45.8377],[10.8402,45.8329],[10.8346,45.8182],[10.8303,45.8134],[10.8148,45.804],[10.8081,45.7966],[10.772,45.7509],[10.7632,45.7407],[10.7276,45.7011],[10.702,45.6727],[10.6895,45.6619],[10.6813,45.6548],[10.6311,45.6096],[10.6284,45.6021],[10.6292,45.5954],[10.6309,45.5816],[10.6317,45.5742],[10.6322,45.5685],[10.6354,45.5354],[10.6367,45.5209],[10.6376,45.5115],[10.6379,45.5084],[10.6416,45.472],[10.6429,45.4627],[10.6431,45.4573],[10.6477,45.4514],[10.6434,45.4443],[10.6236,45.4436],[10.6272,45.4383],[10.6421,45.4437],[10.6495,45.4408],[10.6515,45.4279],[10.6439,45.4177],[10.6547,45.4157],[10.6652,45.4278],[10.6687,45.4264],[10.6978,45.4211],[10.6986,45.4228],[10.7146,45.4176],[10.7194,45.4061],[10.7176,45.4008],[10.7168,45.3955],[10.708,45.3849],[10.6978,45.3801],[10.6996,45.375],[10.7075,45.3693],[10.7139,45.3672],[10.7036,45.3582],[10.6918,45.3541],[10.6855,45.3538],[10.6868,45.3422],[10.6991,45.3397],[10.703,45.3414],[10.7149,45.334],[10.7123,45.3225],[10.7063,45.3163],[10.7164,45.3166],[10.7213,45.3188],[10.7306,45.3159],[10.7332,45.3055],[10.7284,45.2913],[10.7374,45.2872],[10.7486,45.2942],[10.7828,45.3154],[10.8165,45.2942],[10.8168,45.2893],[10.8269,45.2839],[10.8356,45.2739],[10.8401,45.2728],[10.8401,45.2665],[10.8467,45.2565],[10.874,45.2524],[10.882,45.2469],[10.889,45.2486],[10.8968,45.247],[10.8997,45.2469],[10.9035,45.2372],[10.9368,45.2329],[10.9359,45.232],[10.9306,45.2262],[10.9306,45.2179],[10.9361,45.2141],[10.9434,45.2113],[10.9469,45.2057],[10.9637,45.2054],[10.9764,45.1998],[10.9842,45.1998],[10.9904,45.1961],[10.9982,45.1851],[10.9935,45.1802],[10.9983,45.1686],[10.998,45.1587],[10.9927,45.1531],[10.9945,45.1504],[11.0102,45.1486],[11.0285,45.1592],[11.0356,45.1501],[11.0466,45.1532],[11.0504,45.1496],[11.0423,45.1439],[11.0438,45.1342],[11.029,45.1279],[11.0288,45.123],[11.034,45.1176],[11.0426,45.1116],[11.0508,45.1094],[11.0731,45.0988],[11.0832,45.0997],[11.0975,45.0952],[11.0939,45.0999],[11.0949,45.106],[11.1022,45.1131],[11.1055,45.109],[11.1157,45.1045],[11.1273,45.1032],[11.1348,45.1099],[11.1345,45.1167],[11.1388,45.1239],[11.1478,45.1259],[11.1593,45.1186],[11.1731,45.1161],[11.1894,45.1098],[11.2034,45.1116],[11.2055,45.1095],[11.1776,45.0973],[11.1769,45.0885],[11.1875,45.0865],[11.1874,45.0824],[11.1747,45.0744],[11.1742,45.0616],[11.2014,45.0602],[11.2068,45.0585],[11.2163,45.0556],[11.2296,45.0478],[11.2385,45.0432],[11.2476,45.0446],[11.2569,45.0539],[11.2674,45.0551],[11.2703,45.0441],[11.2633,45.0336],[11.2648,45.0318],[11.2713,45.0271],[11.2754,45.0174],[11.2989,45.0145],[11.3132,45.0098],[11.3272,44.9956],[11.3383,44.9894],[11.3584,44.9836],[11.3881,44.9738],[11.3959,44.9713],[11.409,44.9696],[11.4149,44.9673],[11.4243,44.9619],[11.4273,44.9579],[11.4267,44.9501],[11.4263,44.9522],[11.4089,44.9501],[11.3986,44.955],[11.3783,44.958],[11.3628,44.9555],[11.3571,44.9501],[11.3376,44.9564],[11.3293,44.9607],[11.3135,44.9584],[11.3017,44.9624],[11.2969,44.9576],[11.2844,44.9566],[11.2722,44.9383],[11.2668,44.944],[11.2568,44.9467],[11.2461,44.9514],[11.2415,44.946],[11.2132,44.9435],[11.202,44.9395],[11.1794,44.9378],[11.1584,44.938],[11.1534,44.9334],[11.1488,44.9342],[11.1295,44.9451],[11.1243,44.9514],[11.118,44.9545],[11.1037,44.9584],[11.0887,44.9594],[11.0731,44.9626],[11.0596,44.9489],[11.0449,44.9521],[11.0226,44.9527],[11.0088,44.9548],[10.994,44.9539],[10.9889,44.9514],[10.9762,44.9419],[10.9671,44.9348],[10.9506,44.9333],[10.9514,44.928],[10.9414,44.9219],[10.9191,44.9239],[10.914,44.9231],[10.8902,44.9124],[10.888,44.9143],[10.898,44.9219],[10.8767,44.917],[10.874,44.9219],[10.8649,44.9236],[10.8654,44.9297],[10.8472,44.9267],[10.8426,44.9292],[10.8198,44.9367],[10.8021,44.9394],[10.7812,44.9412],[10.7707,44.9441],[10.7437,44.9491],[10.7427,44.9539],[10.7481,44.9626],[10.7411,44.9748],[10.7416,44.9804],[10.7386,44.9858],[10.7294,44.9867],[10.7246,44.9913],[10.7144,44.9872],[10.7113,44.983],[10.7108,44.973],[10.7025,44.9652],[10.6923,44.962],[10.6882,44.9656],[10.696,44.9744],[10.6867,44.9867],[10.6798,44.9766],[10.6639,44.9686],[10.6585,44.9624],[10.6504,44.9481],[10.6396,44.9395],[10.6277,44.9242],[10.6251,44.9256],[10.6119,44.9211],[10.5988,44.9147],[10.5925,44.9148],[10.5825,44.9126],[10.5733,44.909],[10.566,44.9085],[10.5377,44.9127],[10.5267,44.9127],[10.5197,44.9127],[10.5134,44.9154],[10.5044,44.9225],[10.4811,44.9302],[10.464,44.9371],[10.4517,44.9405],[10.4377,44.942],[10.4319,44.9471],[10.4252,44.9602],[10.4167,44.9776],[10.4099,44.983],[10.4013,44.9848],[10.3933,44.9836],[10.3835,44.9791],[10.3731,44.9707],[10.3633,44.9656],[10.3588,44.9655],[10.35,44.9679],[10.3374,44.9774],[10.3307,44.9809],[10.3182,44.9838],[10.3089,44.9874],[10.3097,44.9934],[10.3047,44.999],[10.2934,45.0004],[10.2745,44.9979],[10.2651,45.0048],[10.26,45.0143],[10.254,45.0186],[10.2422,45.0228],[10.2111,45.034],[10.1939,45.0282],[10.1809,45.0304],[10.1746,45.0343],[10.1706,45.0421],[10.1578,45.0442],[10.1525,45.0408],[10.1477,45.0355],[10.1307,45.0298],[10.1062,45.0221],[10.0929,45.0237],[10.0846,45.0324],[10.0836,45.0441],[10.0824,45.0466],[10.0573,45.0415],[10.0503,45.0413],[10.053,45.0499],[10.0443,45.0624],[10.0407,45.0638],[10.0327,45.0656],[10.0257,45.0704],[10.0212,45.0771],[10.0277,45.0844],[10.0292,45.095],[10.0243,45.1008],[10.0177,45.104],[10.0099,45.1108],[9.999,45.1242],[9.9927,45.1299],[9.9836,45.1337],[9.9784,45.1337],[9.9664,45.1275],[9.9579,45.1199],[9.9365,45.1048],[9.9227,45.1001],[9.9152,45.1004],[9.9143,45.1094],[9.9215,45.114],[9.9265,45.1244],[9.9263,45.1319],[9.9155,45.1389],[9.908,45.1356],[9.891,45.1309],[9.8811,45.127],[9.8757,45.1225],[9.8757,45.1172],[9.8794,45.1119],[9.8942,45.1019],[9.9007,45.0955],[9.9012,45.0886],[9.8969,45.0805],[9.8844,45.0749],[9.8754,45.0777],[9.8711,45.0849],[9.8634,45.0925],[9.8476,45.0966],[9.8353,45.0941],[9.8321,45.0901],[9.8311,45.0822],[9.8355,45.0719],[9.834,45.0628],[9.8271,45.0535],[9.8238,45.0525],[9.8167,45.0544],[9.8168,45.0708],[9.8152,45.0764],[9.8102,45.0798],[9.7882,45.0844],[9.7791,45.0896],[9.7666,45.1073],[9.7574,45.1125],[9.7454,45.1119],[9.7451,45.1058],[9.7531,45.0865],[9.7478,45.0756],[9.7378,45.0733],[9.7301,45.0636],[9.7221,45.0595],[9.7127,45.0587],[9.6905,45.0673],[9.6822,45.0713],[9.6769,45.0776],[9.6596,45.0821],[9.6433,45.0805],[9.6349,45.0839],[9.6315,45.0878],[9.6376,45.1043],[9.6379,45.1131],[9.6408,45.1166],[9.6366,45.1264],[9.6338,45.1291],[9.6295,45.132],[9.6185,45.133],[9.6151,45.1262],[9.6133,45.1139],[9.609,45.1084],[9.6018,45.104],[9.5875,45.0997],[9.586,45.1049],[9.577,45.105],[9.5685,45.1073],[9.5609,45.1225],[9.5531,45.1306],[9.5487,45.1326],[9.5373,45.1262],[9.5363,45.124],[9.5358,45.1221],[9.5374,45.1149],[9.5506,45.0952],[9.5511,45.0908],[9.5449,45.0847],[9.5319,45.0783],[9.5254,45.0801],[9.5183,45.0906],[9.505,45.1022],[9.4937,45.1033],[9.4802,45.0988],[9.4659,45.0947],[9.4391,45.0935],[9.4387,45.0854],[9.4349,45.0817],[9.4224,45.0841],[9.4126,45.0837],[9.4125,45.0788],[9.406,45.0729],[9.3893,45.0641],[9.3843,45.0583],[9.3709,45.048],[9.3762,45.0417],[9.3695,45.0237],[9.3755,45.0199],[9.3662,45.0036],[9.3609,44.9996],[9.3535,45.0011],[9.3474,44.997],[9.3414,44.9827],[9.3352,44.9738],[9.3374,44.9653],[9.3246,44.956],[9.3229,44.9497],[9.3218,44.9441],[9.3144,44.9368],[9.3098,44.9354],[9.2876,44.9342],[9.285,44.9318],[9.2916,44.9209],[9.2862,44.9032],[9.2773,44.8957],[9.281,44.896],[9.2928,44.8903],[9.2901,44.8821],[9.3071,44.8762],[9.3216,44.8799],[9.3266,44.8729],[9.3304,44.8708],[9.3416,44.8698],[9.3449,44.8603],[9.3494,44.8379],[9.3547,44.833],[9.3582,44.8243],[9.3632,44.8224],[9.3584,44.815],[9.3442,44.8066],[9.3299,44.7999],[9.3216,44.8001],[9.3168,44.784],[9.2948,44.7742],[9.287,44.7725],[9.286,44.7594],[9.298,44.7521],[9.3144,44.7447],[9.3286,44.736],[9.3326,44.7351],[9.3286,44.7265],[9.3233,44.7216],[9.3126,44.7171],[9.3084,44.7057],[9.3094,44.7023],[9.3169,44.6952],[9.3263,44.6938],[9.3246,44.69],[9.3066,44.6882],[9.2985,44.681],[9.291,44.6808],[9.283,44.6859],[9.2705,44.6843],[9.2632,44.6807],[9.2577,44.6812],[9.254,44.696],[9.2351,44.7164],[9.2322,44.7018],[9.2406,44.6883],[9.2371,44.6851],[9.2169,44.6835],[9.2003,44.6864]],[[8.6974,45.8448],[8.6811,45.8352],[8.6711,45.8351],[8.6598,45.8276],[8.6586,45.8208],[8.6663,45.8199],[8.6721,45.814],[8.6862,45.812],[8.6924,45.8142],[8.7059,45.8311],[8.7169,45.8343],[8.7012,45.8356],[8.6974,45.8448]]],[[[8.9738,45.9835],[8.9791,45.9707],[8.9751,45.9616],[8.9681,45.9615],[8.9578,45.9647],[8.9668,45.984],[8.9738,45.9835]]]]}},{"type":"Feature","properties":{"id":"trentino-alto-adige","n":"Trentino-Alto Adige","macro":"nord","mn":"Nord","pop":1086095,"nc":282,"nrd":282,"rd":75.64,"co":163.11,"kru":498.54,"kin":119.51,"drd":0.78,"km2":13603.4,"dens":79.8},"geometry":{"type":"Polygon","coordinates":[[[12.0139,46.5509],[11.9985,46.5329],[11.9875,46.5453],[11.9662,46.5447],[11.9495,46.5393],[11.9455,46.5294],[11.9339,46.5279],[11.9146,46.533],[11.9009,46.5294],[11.885,46.5227],[11.8768,46.5222],[11.8514,46.5178],[11.8284,46.509],[11.8241,46.504],[11.8154,46.5003],[11.8104,46.4849],[11.8131,46.4782],[11.8231,46.4761],[11.8345,46.4764],[11.8742,46.4729],[11.8868,46.4646],[11.8888,46.442],[11.87,46.4331],[11.8504,46.4341],[11.8482,46.429],[11.8382,46.4153],[11.8402,46.413],[11.8437,46.4099],[11.8374,46.4018],[11.8321,46.3872],[11.8319,46.3796],[11.8352,46.3682],[11.8309,46.3669],[11.8202,46.3766],[11.8159,46.3745],[11.8161,46.3693],[11.8039,46.365],[11.7919,46.3678],[11.7796,46.3626],[11.7743,46.3583],[11.7795,46.3516],[11.8023,46.343],[11.8028,46.3333],[11.8319,46.3251],[11.8314,46.3134],[11.8414,46.3064],[11.8302,46.2942],[11.8262,46.285],[11.8375,46.2707],[11.8402,46.27],[11.863,46.2713],[11.868,46.2746],[11.8851,46.2788],[11.8883,46.2737],[11.8863,46.2583],[11.8948,46.251],[11.9003,46.2537],[11.9133,46.2522],[11.9222,46.2479],[11.9291,46.2489],[11.9247,46.2429],[11.9181,46.2383],[11.9096,46.2245],[11.9194,46.2208],[11.9264,46.2145],[11.9277,46.209],[11.9396,46.1988],[11.9622,46.1999],[11.9622,46.1879],[11.9585,46.1843],[11.9494,46.1815],[11.9509,46.1702],[11.9286,46.1757],[11.9284,46.1666],[11.9217,46.1623],[11.9183,46.1552],[11.9217,46.1493],[11.9013,46.1366],[11.9048,46.133],[11.8918,46.1205],[11.8415,46.1113],[11.8271,46.1074],[11.8197,46.108],[11.8136,46.1022],[11.7941,46.1031],[11.7801,46.1027],[11.7731,46.1067],[11.7718,46.1036],[11.7588,46.0956],[11.7508,46.1052],[11.7169,46.1029],[11.7034,46.0904],[11.6951,46.0944],[11.6881,46.0947],[11.6824,46.09],[11.6836,46.0762],[11.6863,46.0662],[11.7039,46.0551],[11.7064,46.0459],[11.7006,46.0445],[11.6836,46.0441],[11.679,46.0461],[11.667,46.038],[11.6726,46.0299],[11.6819,46.0267],[11.6686,46.0176],[11.6666,46.0171],[11.6726,46.0127],[11.6786,46.0029],[11.6899,45.9888],[11.6843,45.9841],[11.6824,45.9759],[11.6858,45.9693],[11.6733,45.9644],[11.6558,45.9647],[11.6275,45.9606],[11.6307,45.9695],[11.6185,45.9716],[11.6091,45.9695],[11.5979,45.9721],[11.5876,45.9691],[11.5798,46.0007],[11.5771,46.0065],[11.5671,46.0057],[11.5525,46.0117],[11.5445,46.0117],[11.5388,46.0133],[11.5172,46.0092],[11.5107,46.0119],[11.4912,46.0084],[11.4836,46.0007],[11.4679,45.9976],[11.454,45.9844],[11.4468,45.9809],[11.4002,45.98],[11.3783,45.9842],[11.3734,45.9832],[11.3724,45.9732],[11.3784,45.9559],[11.3832,45.9509],[11.3807,45.9428],[11.3704,45.9421],[11.3583,45.9437],[11.3606,45.9344],[11.3578,45.9291],[11.3581,45.9252],[11.345,45.9209],[11.3506,45.9139],[11.3455,45.9091],[11.3243,45.9174],[11.3182,45.9213],[11.313,45.9298],[11.3019,45.9246],[11.3039,45.9183],[11.2837,45.9175],[11.2752,45.9198],[11.2711,45.917],[11.2584,45.9206],[11.2613,45.9183],[11.2604,45.9092],[11.2569,45.9029],[11.249,45.8992],[11.2546,45.8913],[11.2551,45.884],[11.2465,45.8865],[11.2348,45.8798],[11.2443,45.8769],[11.2393,45.856],[11.2267,45.849],[11.222,45.849],[11.2185,45.8439],[11.219,45.833],[11.203,45.8271],[11.1987,45.8242],[11.1912,45.8167],[11.1885,45.8119],[11.1895,45.8049],[11.1934,45.7939],[11.2027,45.7833],[11.1902,45.7816],[11.1794,45.7877],[11.1739,45.787],[11.1799,45.7729],[11.1807,45.7629],[11.1751,45.7492],[11.1784,45.7381],[11.1729,45.7318],[11.1533,45.7184],[11.1459,45.717],[11.1386,45.7093],[11.136,45.7],[11.1383,45.697],[11.1385,45.6968],[11.1225,45.6892],[11.1225,45.6951],[11.1138,45.6966],[11.1087,45.6949],[11.0924,45.6951],[11.0739,45.7031],[11.0654,45.7084],[11.0577,45.7176],[11.0528,45.7166],[11.0413,45.7063],[11.0276,45.7047],[11.0165,45.7057],[11.0118,45.7149],[11.0075,45.7104],[10.999,45.7076],[10.9977,45.697],[10.9864,45.6888],[10.9682,45.6801],[10.9704,45.6893],[10.9747,45.6955],[10.9722,45.7018],[10.9621,45.6857],[10.9514,45.6845],[10.9429,45.673],[10.9374,45.6734],[10.918,45.6837],[10.912,45.6883],[10.9188,45.7005],[10.8895,45.7151],[10.8815,45.7174],[10.8725,45.7159],[10.8582,45.7179],[10.8439,45.7186],[10.8444,45.7248],[10.8501,45.7357],[10.8549,45.7418],[10.8625,45.7437],[10.8652,45.7613],[10.8675,45.7651],[10.8759,45.7701],[10.883,45.772],[10.8835,45.7797],[10.8729,45.7885],[10.8767,45.8033],[10.8812,45.8063],[10.8873,45.8122],[10.8835,45.817],[10.8561,45.8274],[10.8412,45.8325],[10.8402,45.8329],[10.8254,45.8377],[10.8053,45.835],[10.7988,45.8361],[10.7917,45.8331],[10.7768,45.843],[10.7642,45.8406],[10.76,45.8374],[10.7564,45.8301],[10.7512,45.8365],[10.7452,45.8404],[10.7356,45.8427],[10.7226,45.8412],[10.7171,45.8367],[10.7109,45.8361],[10.7018,45.8411],[10.6968,45.8408],[10.6903,45.8362],[10.6757,45.8305],[10.6698,45.8321],[10.6547,45.8327],[10.6549,45.8213],[10.651,45.8125],[10.6454,45.8042],[10.6414,45.8019],[10.6351,45.8068],[10.6146,45.8057],[10.6005,45.8028],[10.5976,45.7998],[10.589,45.7978],[10.5823,45.7942],[10.5805,45.7889],[10.5635,45.7841],[10.5455,45.7847],[10.5327,45.788],[10.5309,45.7958],[10.5352,45.8017],[10.5261,45.8057],[10.5297,45.8095],[10.5371,45.8105],[10.5434,45.8157],[10.5434,45.8183],[10.5289,45.8265],[10.5144,45.826],[10.5083,45.8238],[10.5021,45.8335],[10.5059,45.8433],[10.5016,45.8586],[10.5024,45.8712],[10.491,45.8823],[10.4901,45.8871],[10.4951,45.8998],[10.5063,45.9034],[10.5099,45.9172],[10.5074,45.9249],[10.4964,45.9295],[10.4913,45.9332],[10.4915,45.942],[10.4861,45.9429],[10.483,45.9518],[10.49,45.9629],[10.4866,45.9712],[10.4743,45.9727],[10.4677,45.9717],[10.4533,45.9767],[10.453,45.9896],[10.4572,45.9957],[10.4572,46.0079],[10.4655,46.0175],[10.472,46.0215],[10.4833,46.0219],[10.4861,46.0296],[10.4813,46.0499],[10.4773,46.0513],[10.491,46.0668],[10.5093,46.0753],[10.5171,46.0801],[10.5247,46.0897],[10.5417,46.1033],[10.5494,46.1175],[10.551,46.125],[10.548,46.1393],[10.5492,46.1464],[10.5542,46.1488],[10.5554,46.1553],[10.5612,46.1645],[10.5652,46.1671],[10.5545,46.1802],[10.5414,46.1886],[10.5507,46.2068],[10.5582,46.2117],[10.5705,46.2233],[10.5677,46.2322],[10.5707,46.2358],[10.578,46.2379],[10.5856,46.2454],[10.5856,46.248],[10.5783,46.2662],[10.5757,46.2757],[10.5705,46.2761],[10.5597,46.2831],[10.564,46.2888],[10.5797,46.2988],[10.579,46.302],[10.5648,46.3131],[10.5637,46.3209],[10.5657,46.3263],[10.5369,46.3383],[10.5201,46.3434],[10.5156,46.3432],[10.5192,46.3553],[10.5291,46.3569],[10.5377,46.3542],[10.5434,46.3566],[10.5424,46.3606],[10.5467,46.3665],[10.5667,46.3778],[10.5787,46.3768],[10.598,46.3774],[10.6074,46.3792],[10.6136,46.3879],[10.6304,46.4025],[10.6244,46.4092],[10.6191,46.4181],[10.6164,46.4278],[10.6196,46.4345],[10.6168,46.4439],[10.6219,46.448],[10.6005,46.4687],[10.5772,46.4734],[10.5607,46.4823],[10.5519,46.4914],[10.4998,46.4967],[10.4933,46.4981],[10.4845,46.4936],[10.476,46.4955],[10.4728,46.5006],[10.458,46.5106],[10.4532,46.5306],[10.4617,46.5412],[10.4725,46.5435],[10.4775,46.5577],[10.475,46.5668],[10.4836,46.5799],[10.4856,46.5905],[10.4843,46.6041],[10.4913,46.6113],[10.4923,46.6152],[10.485,46.617],[10.4625,46.6333],[10.4459,46.6411],[10.4107,46.6352],[10.4016,46.6403],[10.3999,46.6459],[10.3943,46.6547],[10.3923,46.6713],[10.3861,46.6803],[10.3874,46.6872],[10.3993,46.6997],[10.4033,46.7053],[10.4089,46.7052],[10.4156,46.7091],[10.4182,46.7178],[10.4009,46.7322],[10.4092,46.7376],[10.4347,46.7522],[10.4414,46.752],[10.4439,46.7622],[10.4405,46.7738],[10.4247,46.7888],[10.4299,46.7965],[10.4395,46.7976],[10.4482,46.8013],[10.458,46.8162],[10.4577,46.8288],[10.4687,46.8472],[10.4697,46.8548],[10.48,46.8587],[10.4989,46.8475],[10.5271,46.8467],[10.5507,46.85],[10.5562,46.8469],[10.5507,46.8392],[10.5705,46.8424],[10.5913,46.8522],[10.5965,46.8572],[10.6236,46.864],[10.6439,46.8654],[10.6559,46.869],[10.6678,46.876],[10.6713,46.8707],[10.6883,46.8676],[10.697,46.8627],[10.6938,46.8522],[10.7103,46.8468],[10.7233,46.8373],[10.7369,46.834],[10.7557,46.832],[10.7632,46.8236],[10.7457,46.8043],[10.7336,46.7985],[10.7261,46.7977],[10.7306,46.7879],[10.756,46.7852],[10.7783,46.7904],[10.7888,46.7947],[10.796,46.7913],[10.8136,46.7755],[10.8241,46.7741],[10.8298,46.7757],[10.8368,46.782],[10.8536,46.7739],[10.8669,46.7725],[10.869,46.7658],[10.8822,46.7632],[10.8895,46.764],[10.9058,46.7682],[10.915,46.7738],[10.9233,46.7749],[10.9284,46.7729],[10.9439,46.7751],[10.9737,46.7721],[10.9935,46.7672],[11.0058,46.7692],[11.0136,46.772],[11.0221,46.7652],[11.0288,46.7796],[11.0353,46.7904],[11.0398,46.8051],[11.0604,46.8126],[11.0835,46.8229],[11.0759,46.8359],[11.0716,46.8519],[11.0721,46.8565],[11.0777,46.8586],[11.0819,46.8684],[11.0915,46.8809],[11.1015,46.8899],[11.0992,46.9009],[11.095,46.9075],[11.0975,46.914],[11.109,46.9162],[11.11,46.9269],[11.1152,46.9311],[11.1396,46.9276],[11.1556,46.9344],[11.1682,46.9446],[11.1628,46.9501],[11.1644,46.9655],[11.1749,46.9626],[11.189,46.9701],[11.2024,46.9683],[11.2068,46.9626],[11.2202,46.969],[11.2413,46.9696],[11.2628,46.9804],[11.2842,46.9829],[11.3004,46.9835],[11.3102,46.9857],[11.321,46.9921],[11.3353,46.9866],[11.3471,46.9905],[11.3583,46.9905],[11.3756,46.9798],[11.3807,46.9731],[11.4009,46.9652],[11.424,46.9691],[11.4422,46.9765],[11.4458,46.9846],[11.453,46.9922],[11.4691,46.9948],[11.4708,47.0035],[11.4799,47.0111],[11.4987,47.0096],[11.5125,47.0046],[11.532,46.9921],[11.538,46.9841],[11.5515,46.9898],[11.5706,46.9931],[11.5809,46.9973],[11.5808,47.0015],[11.6094,47.0108],[11.6272,47.0126],[11.6359,47.0026],[11.6641,46.9927],[11.6828,46.9937],[11.7112,46.9931],[11.7171,46.9876],[11.7272,46.9729],[11.7472,46.9688],[11.7667,46.9775],[11.772,46.9844],[11.7818,46.9921],[11.7893,46.9902],[11.8036,46.9913],[11.8098,46.9898],[11.8362,46.9929],[11.8605,47.0085],[11.8781,47.0153],[11.8936,47.0185],[11.9153,47.0326],[11.9321,47.0376],[11.9427,47.036],[11.9683,47.0406],[11.9723,47.0457],[11.98,47.0498],[11.9968,47.0496],[12.0201,47.0468],[12.0306,47.0501],[12.0352,47.0579],[12.0431,47.0612],[12.05,47.0616],[12.0595,47.0586],[12.07,47.0599],[12.093,47.0764],[12.1031,47.0779],[12.1216,47.0746],[12.1364,47.0804],[12.1489,47.0797],[12.161,47.0816],[12.1867,47.0918],[12.2068,47.0862],[12.2151,47.0859],[12.2256,47.0827],[12.2298,47.0771],[12.2403,47.0679],[12.2258,47.0607],[12.2166,47.0585],[12.2163,47.0451],[12.2048,47.0278],[12.1737,47.0234],[12.17,47.0219],[12.1481,47.0244],[12.1273,47.0136],[12.1209,47.0066],[12.1249,47.0026],[12.1367,46.983],[12.1359,46.9696],[12.1316,46.9641],[12.1381,46.9567],[12.1582,46.9507],[12.1682,46.9378],[12.1675,46.9328],[12.1614,46.9297],[12.1549,46.9207],[12.1441,46.914],[12.1589,46.9094],[12.1614,46.907],[12.1709,46.9091],[12.1902,46.9063],[12.1995,46.8958],[12.2001,46.8884],[12.215,46.8742],[12.2185,46.874],[12.2219,46.8799],[12.2319,46.8804],[12.2363,46.8885],[12.2422,46.8911],[12.2479,46.8891],[12.2665,46.8871],[12.274,46.8844],[12.2777,46.8799],[12.2759,46.8727],[12.2918,46.8652],[12.2893,46.8568],[12.296,46.8435],[12.307,46.8409],[12.3062,46.8339],[12.2825,46.815],[12.2893,46.8092],[12.2925,46.8024],[12.285,46.7936],[12.2805,46.7914],[12.2835,46.7833],[12.3018,46.7822],[12.3086,46.7848],[12.3241,46.7821],[12.3298,46.7797],[12.3512,46.777],[12.3589,46.7729],[12.3597,46.7642],[12.3661,46.7528],[12.3691,46.7404],[12.3779,46.722],[12.3837,46.7165],[12.4158,46.6997],[12.4213,46.6991],[12.4428,46.6881],[12.4513,46.6897],[12.4736,46.6868],[12.4777,46.6799],[12.4587,46.6742],[12.4343,46.6683],[12.4176,46.6529],[12.4057,46.6432],[12.3912,46.6416],[12.3797,46.6429],[12.3784,46.6367],[12.3899,46.6275],[12.3852,46.6229],[12.3706,46.6199],[12.3602,46.6195],[12.3468,46.6242],[12.3396,46.6313],[12.3316,46.6292],[12.3161,46.6298],[12.3138,46.6234],[12.3055,46.6192],[12.2839,46.6179],[12.27,46.6211],[12.2667,46.6264],[12.2612,46.6291],[12.2447,46.6241],[12.2419,46.6163],[12.2125,46.609],[12.2038,46.5993],[12.1922,46.5946],[12.1945,46.6049],[12.1943,46.6194],[12.1822,46.621],[12.1714,46.6341],[12.162,46.6368],[12.1481,46.6342],[12.1402,46.6377],[12.11,46.6539],[12.106,46.6589],[12.082,46.6675],[12.0765,46.6738],[12.0682,46.675],[12.0689,46.6665],[12.0665,46.6528],[12.0742,46.6426],[12.0685,46.6384],[12.0647,46.6233],[12.053,46.618],[12.0454,46.608],[12.0494,46.6007],[12.0499,46.5938],[12.0437,46.5819],[12.0332,46.5756],[12.0286,46.5681],[12.0139,46.5509]]]}},{"type":"Feature","properties":{"id":"veneto","n":"Veneto","macro":"nord","mn":"Nord","pop":4843680,"nc":563,"nrd":558,"rd":79.51,"co":186.54,"kru":525.03,"kin":113.92,"drd":1.81,"km2":18333.9,"dens":264.2},"geometry":{"type":"Polygon","coordinates":[[[11.4267,44.9501],[11.4273,44.9579],[11.4243,44.9619],[11.4149,44.9673],[11.409,44.9696],[11.3959,44.9713],[11.3881,44.9738],[11.3584,44.9836],[11.3383,44.9894],[11.3272,44.9956],[11.3132,45.0098],[11.2989,45.0145],[11.2754,45.0174],[11.2713,45.0271],[11.2648,45.0318],[11.2633,45.0336],[11.2703,45.0441],[11.2674,45.0551],[11.2569,45.0539],[11.2476,45.0446],[11.2385,45.0432],[11.2296,45.0478],[11.2163,45.0556],[11.2068,45.0585],[11.2014,45.0602],[11.1742,45.0616],[11.1747,45.0744],[11.1874,45.0824],[11.1875,45.0865],[11.1769,45.0885],[11.1776,45.0973],[11.2055,45.1095],[11.2034,45.1116],[11.1894,45.1098],[11.1731,45.1161],[11.1593,45.1186],[11.1478,45.1259],[11.1388,45.1239],[11.1345,45.1167],[11.1348,45.1099],[11.1273,45.1032],[11.1157,45.1045],[11.1055,45.109],[11.1022,45.1131],[11.0949,45.106],[11.0939,45.0999],[11.0975,45.0952],[11.0832,45.0997],[11.0731,45.0988],[11.0508,45.1094],[11.0426,45.1116],[11.034,45.1176],[11.0288,45.123],[11.029,45.1279],[11.0438,45.1342],[11.0423,45.1439],[11.0504,45.1496],[11.0466,45.1532],[11.0356,45.1501],[11.0285,45.1592],[11.0102,45.1486],[10.9945,45.1504],[10.9927,45.1531],[10.998,45.1587],[10.9983,45.1686],[10.9935,45.1802],[10.9982,45.1851],[10.9904,45.1961],[10.9842,45.1998],[10.9764,45.1998],[10.9637,45.2054],[10.9469,45.2057],[10.9434,45.2113],[10.9361,45.2141],[10.9306,45.2179],[10.9306,45.2262],[10.9359,45.232],[10.9368,45.2329],[10.9035,45.2372],[10.8997,45.2469],[10.8968,45.247],[10.889,45.2486],[10.882,45.2469],[10.874,45.2524],[10.8467,45.2565],[10.8401,45.2665],[10.8401,45.2728],[10.8356,45.2739],[10.8269,45.2839],[10.8168,45.2893],[10.8165,45.2942],[10.7828,45.3154],[10.7486,45.2942],[10.7374,45.2872],[10.7284,45.2913],[10.7332,45.3055],[10.7306,45.3159],[10.7213,45.3188],[10.7164,45.3166],[10.7063,45.3163],[10.7123,45.3225],[10.7149,45.334],[10.703,45.3414],[10.6991,45.3397],[10.6868,45.3422],[10.6855,45.3538],[10.6918,45.3541],[10.7036,45.3582],[10.7139,45.3672],[10.7075,45.3693],[10.6996,45.375],[10.6978,45.3801],[10.708,45.3849],[10.7168,45.3955],[10.7176,45.4008],[10.7194,45.4061],[10.7146,45.4176],[10.6986,45.4228],[10.6978,45.4211],[10.6687,45.4264],[10.6652,45.4278],[10.6547,45.4157],[10.6439,45.4177],[10.6515,45.4279],[10.6495,45.4408],[10.6421,45.4437],[10.6272,45.4383],[10.6236,45.4436],[10.6434,45.4443],[10.6477,45.4514],[10.6431,45.4573],[10.6429,45.4627],[10.6416,45.472],[10.6379,45.5084],[10.6376,45.5115],[10.6367,45.5209],[10.6354,45.5354],[10.6322,45.5685],[10.6317,45.5742],[10.6309,45.5816],[10.6292,45.5954],[10.6284,45.6021],[10.6311,45.6096],[10.6813,45.6548],[10.6895,45.6619],[10.702,45.6727],[10.7276,45.7011],[10.7632,45.7407],[10.772,45.7509],[10.8081,45.7966],[10.8148,45.804],[10.8303,45.8134],[10.8346,45.8182],[10.8402,45.8329],[10.8412,45.8325],[10.8561,45.8274],[10.8835,45.817],[10.8873,45.8122],[10.8812,45.8063],[10.8767,45.8033],[10.8729,45.7885],[10.8835,45.7797],[10.883,45.772],[10.8759,45.7701],[10.8675,45.7651],[10.8652,45.7613],[10.8625,45.7437],[10.8549,45.7418],[10.8501,45.7357],[10.8444,45.7248],[10.8439,45.7186],[10.8582,45.7179],[10.8725,45.7159],[10.8815,45.7174],[10.8895,45.7151],[10.9188,45.7005],[10.912,45.6883],[10.918,45.6837],[10.9374,45.6734],[10.9429,45.673],[10.9514,45.6845],[10.9621,45.6857],[10.9722,45.7018],[10.9747,45.6955],[10.9704,45.6893],[10.9682,45.6801],[10.9864,45.6888],[10.9977,45.697],[10.999,45.7076],[11.0075,45.7104],[11.0118,45.7149],[11.0165,45.7057],[11.0276,45.7047],[11.0413,45.7063],[11.0528,45.7166],[11.0577,45.7176],[11.0654,45.7084],[11.0739,45.7031],[11.0924,45.6951],[11.1087,45.6949],[11.1138,45.6966],[11.1225,45.6951],[11.1225,45.6892],[11.1385,45.6968],[11.1383,45.697],[11.136,45.7],[11.1386,45.7093],[11.1459,45.717],[11.1533,45.7184],[11.1729,45.7318],[11.1784,45.7381],[11.1751,45.7492],[11.1807,45.7629],[11.1799,45.7729],[11.1739,45.787],[11.1794,45.7877],[11.1902,45.7816],[11.2027,45.7833],[11.1934,45.7939],[11.1895,45.8049],[11.1885,45.8119],[11.1912,45.8167],[11.1987,45.8242],[11.203,45.8271],[11.219,45.833],[11.2185,45.8439],[11.222,45.849],[11.2267,45.849],[11.2393,45.856],[11.2443,45.8769],[11.2348,45.8798],[11.2465,45.8865],[11.2551,45.884],[11.2546,45.8913],[11.249,45.8992],[11.2569,45.9029],[11.2604,45.9092],[11.2613,45.9183],[11.2584,45.9206],[11.2711,45.917],[11.2752,45.9198],[11.2837,45.9175],[11.3039,45.9183],[11.3019,45.9246],[11.313,45.9298],[11.3182,45.9213],[11.3243,45.9174],[11.3455,45.9091],[11.3506,45.9139],[11.345,45.9209],[11.3581,45.9252],[11.3578,45.9291],[11.3606,45.9344],[11.3583,45.9437],[11.3704,45.9421],[11.3807,45.9428],[11.3832,45.9509],[11.3784,45.9559],[11.3724,45.9732],[11.3734,45.9832],[11.3783,45.9842],[11.4002,45.98],[11.4468,45.9809],[11.454,45.9844],[11.4679,45.9976],[11.4836,46.0007],[11.4912,46.0084],[11.5107,46.0119],[11.5172,46.0092],[11.5388,46.0133],[11.5445,46.0117],[11.5525,46.0117],[11.5671,46.0057],[11.5771,46.0065],[11.5798,46.0007],[11.5876,45.9691],[11.5979,45.9721],[11.6091,45.9695],[11.6185,45.9716],[11.6307,45.9695],[11.6275,45.9606],[11.6558,45.9647],[11.6733,45.9644],[11.6858,45.9693],[11.6824,45.9759],[11.6843,45.9841],[11.6899,45.9888],[11.6786,46.0029],[11.6726,46.0127],[11.6666,46.0171],[11.6686,46.0176],[11.6819,46.0267],[11.6726,46.0299],[11.667,46.038],[11.679,46.0461],[11.6836,46.0441],[11.7006,46.0445],[11.7064,46.0459],[11.7039,46.0551],[11.6863,46.0662],[11.6836,46.0762],[11.6824,46.09],[11.6881,46.0947],[11.6951,46.0944],[11.7034,46.0904],[11.7169,46.1029],[11.7508,46.1052],[11.7588,46.0956],[11.7718,46.1036],[11.7731,46.1067],[11.7801,46.1027],[11.7941,46.1031],[11.8136,46.1022],[11.8197,46.108],[11.8271,46.1074],[11.8415,46.1113],[11.8918,46.1205],[11.9048,46.133],[11.9013,46.1366],[11.9217,46.1493],[11.9183,46.1552],[11.9217,46.1623],[11.9284,46.1666],[11.9286,46.1757],[11.9509,46.1702],[11.9494,46.1815],[11.9585,46.1843],[11.9622,46.1879],[11.9622,46.1999],[11.9396,46.1988],[11.9277,46.209],[11.9264,46.2145],[11.9194,46.2208],[11.9096,46.2245],[11.9181,46.2383],[11.9247,46.2429],[11.9291,46.2489],[11.9222,46.2479],[11.9133,46.2522],[11.9003,46.2537],[11.8948,46.251],[11.8863,46.2583],[11.8883,46.2737],[11.8851,46.2788],[11.868,46.2746],[11.863,46.2713],[11.8402,46.27],[11.8375,46.2707],[11.8262,46.285],[11.8302,46.2942],[11.8414,46.3064],[11.8314,46.3134],[11.8319,46.3251],[11.8028,46.3333],[11.8023,46.343],[11.7795,46.3516],[11.7743,46.3583],[11.7796,46.3626],[11.7919,46.3678],[11.8039,46.365],[11.8161,46.3693],[11.8159,46.3745],[11.8202,46.3766],[11.8309,46.3669],[11.8352,46.3682],[11.8319,46.3796],[11.8321,46.3872],[11.8374,46.4018],[11.8437,46.4099],[11.8402,46.413],[11.8382,46.4153],[11.8482,46.429],[11.8504,46.4341],[11.87,46.4331],[11.8888,46.442],[11.8868,46.4646],[11.8742,46.4729],[11.8345,46.4764],[11.8231,46.4761],[11.8131,46.4782],[11.8104,46.4849],[11.8154,46.5003],[11.8241,46.504],[11.8284,46.509],[11.8514,46.5178],[11.8768,46.5222],[11.885,46.5227],[11.9009,46.5294],[11.9146,46.533],[11.9339,46.5279],[11.9455,46.5294],[11.9495,46.5393],[11.9662,46.5447],[11.9875,46.5453],[11.9985,46.5329],[12.0139,46.5509],[12.0286,46.5681],[12.0332,46.5756],[12.0437,46.5819],[12.0499,46.5938],[12.0494,46.6007],[12.0454,46.608],[12.053,46.618],[12.0647,46.6233],[12.0685,46.6384],[12.0742,46.6426],[12.0665,46.6528],[12.0689,46.6665],[12.0682,46.675],[12.0765,46.6738],[12.082,46.6675],[12.106,46.6589],[12.11,46.6539],[12.1402,46.6377],[12.1481,46.6342],[12.162,46.6368],[12.1714,46.6341],[12.1822,46.621],[12.1943,46.6194],[12.1945,46.6049],[12.1922,46.5946],[12.2038,46.5993],[12.2125,46.609],[12.2419,46.6163],[12.2447,46.6241],[12.2612,46.6291],[12.2667,46.6264],[12.27,46.6211],[12.2839,46.6179],[12.3055,46.6192],[12.3138,46.6234],[12.3161,46.6298],[12.3316,46.6292],[12.3396,46.6313],[12.3468,46.6242],[12.3602,46.6195],[12.3706,46.6199],[12.3852,46.6229],[12.3899,46.6275],[12.3784,46.6367],[12.3797,46.6429],[12.3912,46.6416],[12.4057,46.6432],[12.4176,46.6529],[12.4343,46.6683],[12.4587,46.6742],[12.4777,46.6799],[12.4814,46.677],[12.5143,46.6781],[12.5285,46.6734],[12.5463,46.6593],[12.5543,46.6574],[12.5611,46.6521],[12.5704,46.6508],[12.5789,46.6562],[12.6027,46.6555],[12.6215,46.6608],[12.6311,46.6605],[12.6326,46.6555],[12.6425,46.6519],[12.6488,46.6526],[12.6623,46.6568],[12.6901,46.6559],[12.7015,46.6503],[12.7145,46.6483],[12.732,46.6338],[12.7275,46.6303],[12.7114,46.6256],[12.7049,46.6184],[12.7085,46.602],[12.6902,46.6005],[12.6846,46.5976],[12.6744,46.5853],[12.6646,46.5819],[12.6568,46.5725],[12.644,46.5761],[12.637,46.5726],[12.6288,46.5607],[12.6192,46.5401],[12.6215,46.5265],[12.6306,46.5122],[12.6302,46.5007],[12.6423,46.4904],[12.6521,46.485],[12.6569,46.4812],[12.6624,46.4691],[12.6564,46.4652],[12.6491,46.4665],[12.6423,46.4724],[12.6333,46.4745],[12.6208,46.4754],[12.6168,46.4736],[12.6067,46.4643],[12.5947,46.4708],[12.5864,46.4732],[12.5761,46.4734],[12.5699,46.4755],[12.5603,46.4711],[12.5418,46.4588],[12.5368,46.4597],[12.531,46.4649],[12.527,46.4595],[12.528,46.4531],[12.5058,46.441],[12.4992,46.4343],[12.4939,46.4261],[12.4945,46.418],[12.4987,46.4122],[12.4952,46.412],[12.4819,46.4032],[12.4694,46.39],[12.4642,46.3884],[12.4551,46.3917],[12.4606,46.3804],[12.4629,46.3693],[12.4491,46.3602],[12.4406,46.3586],[12.4286,46.3516],[12.4173,46.3548],[12.4211,46.3426],[12.4115,46.3308],[12.403,46.3294],[12.3844,46.3291],[12.379,46.3318],[12.3714,46.3261],[12.3644,46.3253],[12.3547,46.3196],[12.3546,46.3087],[12.3509,46.2938],[12.3481,46.2923],[12.3291,46.2821],[12.3228,46.2731],[12.3213,46.2644],[12.3241,46.2549],[12.3278,46.2539],[12.3376,46.2394],[12.3431,46.2405],[12.3519,46.2361],[12.3601,46.229],[12.3657,46.2294],[12.3722,46.224],[12.3764,46.223],[12.3907,46.2281],[12.4018,46.2291],[12.4087,46.2224],[12.4003,46.2112],[12.4072,46.207],[12.4306,46.2094],[12.4464,46.2078],[12.4423,46.1987],[12.4471,46.1884],[12.4473,46.1796],[12.4569,46.1707],[12.4651,46.1657],[12.4704,46.1647],[12.4915,46.1568],[12.4959,46.1525],[12.4944,46.1481],[12.4989,46.137],[12.497,46.1329],[12.4972,46.1298],[12.4917,46.1241],[12.494,46.1208],[12.4889,46.1145],[12.4844,46.1044],[12.4724,46.096],[12.4546,46.0888],[12.4428,46.0842],[12.4376,46.0848],[12.4278,46.0764],[12.4241,46.0682],[12.416,46.0595],[12.4098,46.0592],[12.405,46.0427],[12.4003,46.042],[12.4153,46.0269],[12.415,46.02],[12.4238,45.9989],[12.4281,45.9958],[12.428,45.9877],[12.4245,45.9639],[12.4223,45.9562],[12.4261,45.9471],[12.4326,45.9455],[12.4534,45.9473],[12.4558,45.9461],[12.4631,45.9346],[12.4747,45.9285],[12.4862,45.9257],[12.5009,45.9251],[12.508,45.9199],[12.5057,45.9162],[12.5087,45.9105],[12.5165,45.9039],[12.5231,45.903],[12.5185,45.9],[12.507,45.8978],[12.5165,45.8901],[12.5323,45.8819],[12.5371,45.8686],[12.5311,45.8632],[12.5496,45.8608],[12.5589,45.847],[12.5546,45.8401],[12.5499,45.8394],[12.5541,45.8295],[12.5593,45.8259],[12.5687,45.8271],[12.5729,45.8244],[12.5821,45.8243],[12.5877,45.8152],[12.5974,45.8222],[12.5944,45.8307],[12.6057,45.8382],[12.616,45.8295],[12.6321,45.8293],[12.633,45.8229],[12.6376,45.8183],[12.6539,45.8095],[12.6503,45.8037],[12.6618,45.7924],[12.6689,45.7909],[12.6789,45.7947],[12.6831,45.7998],[12.6951,45.8064],[12.7035,45.8161],[12.7082,45.8177],[12.7192,45.8275],[12.73,45.8372],[12.7438,45.8271],[12.759,45.8392],[12.7688,45.8453],[12.7696,45.8505],[12.7799,45.8545],[12.7886,45.8494],[12.8044,45.8447],[12.7986,45.8325],[12.8019,45.8229],[12.8095,45.8204],[12.8189,45.8243],[12.819,45.8337],[12.8287,45.8356],[12.8372,45.8412],[12.8368,45.8475],[12.8611,45.8507],[12.8749,45.8504],[12.8773,45.8432],[12.8696,45.8338],[12.8901,45.8204],[12.9007,45.8245],[12.911,45.826],[12.915,45.8247],[12.9205,45.8314],[12.9295,45.8173],[12.9418,45.8203],[12.952,45.8222],[12.951,45.8293],[12.9513,45.8429],[12.9615,45.8469],[12.9665,45.8411],[12.9673,45.8361],[12.9789,45.8341],[12.971,45.8288],[12.9821,45.8273],[12.9781,45.8242],[12.9813,45.8187],[12.9933,45.815],[12.9906,45.8094],[12.9786,45.8145],[12.9741,45.8076],[12.9808,45.7967],[12.9891,45.7958],[12.9813,45.793],[12.9811,45.7869],[12.9846,45.7813],[12.9997,45.7675],[13.0077,45.7657],[13.0067,45.7606],[13.0014,45.75],[13.0067,45.7448],[13.0156,45.7413],[13.0156,45.7352],[13.0081,45.731],[13.0077,45.7261],[13.0157,45.7249],[13.0164,45.7305],[13.0265,45.7369],[13.029,45.7351],[13.0302,45.7252],[13.0382,45.7143],[13.0407,45.7061],[13.0369,45.6994],[13.045,45.6939],[13.0532,45.6945],[13.0488,45.6874],[13.0445,45.6843],[13.0553,45.6774],[13.0635,45.6784],[13.067,45.6708],[13.0618,45.663],[13.0646,45.6558],[13.0745,45.6591],[13.0843,45.6574],[13.0871,45.6512],[13.1009,45.6435],[13.0976,45.636],[13.0633,45.6309],[13.026,45.6303],[12.9791,45.6249],[12.9781,45.6265],[12.9179,45.6126],[12.9084,45.6144],[12.8921,45.6031],[12.8916,45.6006],[12.8625,45.5866],[12.8353,45.577],[12.7992,45.5621],[12.7879,45.5566],[12.7618,45.5429],[12.7365,45.5317],[12.7154,45.5245],[12.6934,45.5191],[12.6501,45.5054],[12.6137,45.4924],[12.5844,45.4796],[12.5844,45.4787],[12.5686,45.476],[12.5509,45.4706],[12.5222,45.4603],[12.4855,45.45],[12.4802,45.4494],[12.4528,45.4387],[12.4353,45.4263],[12.4363,45.4226],[12.427,45.418],[12.4165,45.4249],[12.408,45.4285],[12.3997,45.4298],[12.3807,45.4169],[12.3602,45.3961],[12.3306,45.3536],[12.3289,45.3375],[12.3428,45.3338],[12.3359,45.3312],[12.3263,45.3323],[12.319,45.3202],[12.306,45.2878],[12.2997,45.2588],[12.3003,45.2503],[12.2958,45.2444],[12.2978,45.2348],[12.3143,45.2338],[12.314,45.2311],[12.3123,45.2287],[12.302,45.2293],[12.2992,45.2151],[12.3063,45.1943],[12.312,45.1853],[12.3183,45.1825],[12.3324,45.1628],[12.327,45.1383],[12.3273,45.1227],[12.3373,45.0895],[12.3463,45.0854],[12.3566,45.0755],[12.3646,45.0708],[12.3935,45.0456],[12.41,45.0366],[12.4208,45.0302],[12.4441,45.0133],[12.485,44.9929],[12.5035,44.9891],[12.511,44.9913],[12.5291,44.9817],[12.5484,44.9743],[12.5539,44.966],[12.5504,44.9605],[12.536,44.9517],[12.5157,44.9344],[12.5092,44.9265],[12.4942,44.8939],[12.4855,44.8778],[12.4651,44.8438],[12.4478,44.8351],[12.4291,44.831],[12.4155,44.82],[12.4216,44.8123],[12.4151,44.8038],[12.4088,44.7983],[12.3968,44.7907],[12.3982,44.7927],[12.3794,44.801],[12.3532,44.8171],[12.3461,44.8294],[12.3434,44.8459],[12.3363,44.8522],[12.3038,44.8553],[12.294,44.8604],[12.2867,44.8703],[12.2847,44.8783],[12.2847,44.8937],[12.2822,44.9114],[12.2947,44.9254],[12.2922,44.9317],[12.2809,44.9417],[12.2745,44.9435],[12.2561,44.9425],[12.2396,44.935],[12.2318,44.9265],[12.2249,44.923],[12.2113,44.9271],[12.1942,44.9254],[12.1877,44.9265],[12.1793,44.9319],[12.175,44.9394],[12.1692,44.9421],[12.161,44.9385],[12.158,44.9306],[12.1424,44.928],[12.1279,44.9371],[12.1174,44.9512],[12.1161,44.9578],[12.109,44.9615],[12.1011,44.9617],[12.1,44.9661],[12.0916,44.9702],[12.0723,44.972],[12.064,44.9696],[12.0569,44.9706],[12.0476,44.977],[12.0154,44.9765],[11.9965,44.9822],[11.9858,44.9837],[11.9627,44.9868],[11.9512,44.9835],[11.9387,44.978],[11.9277,44.975],[11.9211,44.9747],[11.8996,44.9778],[11.8916,44.9775],[11.8771,44.9744],[11.8534,44.9743],[11.8382,44.9728],[11.8159,44.9771],[11.8046,44.977],[11.7974,44.9738],[11.7838,44.9641],[11.7721,44.9619],[11.7603,44.9595],[11.747,44.9581],[11.74,44.9498],[11.7447,44.937],[11.743,44.9328],[11.7329,44.9266],[11.7252,44.9265],[11.7076,44.9245],[11.6874,44.9168],[11.673,44.9152],[11.6568,44.907],[11.6249,44.8892],[11.6195,44.8881],[11.6009,44.889],[11.5921,44.8921],[11.5883,44.8993],[11.5864,44.9113],[11.5789,44.9168],[11.5651,44.9189],[11.5565,44.9227],[11.5492,44.9288],[11.534,44.9362],[11.5237,44.9369],[11.5159,44.9364],[11.4901,44.9373],[11.4658,44.9359],[11.4641,44.9357],[11.434,44.9295],[11.4248,44.9323],[11.4238,44.9379],[11.4267,44.9501]]]}},{"type":"Feature","properties":{"id":"friuli-venezia-giulia","n":"Friuli-Venezia Giulia","macro":"nord","mn":"Nord","pop":1194095,"nc":215,"nrd":215,"rd":73.16,"co":155.43,"kru":536.25,"kin":146.47,"drd":4.58,"km2":7919.6,"dens":150.8},"geometry":{"type":"Polygon","coordinates":[[[13.5169,46.383],[13.5163,46.3768],[13.4985,46.3712],[13.482,46.3691],[13.4757,46.3635],[13.468,46.3607],[13.4595,46.363],[13.4479,46.3629],[13.4389,46.3602],[13.4367,46.3544],[13.4426,46.3484],[13.4474,46.3364],[13.4452,46.3307],[13.4391,46.3222],[13.4258,46.3225],[13.4156,46.315],[13.4158,46.3097],[13.4066,46.3056],[13.4028,46.3],[13.3755,46.2982],[13.3767,46.2948],[13.3838,46.2906],[13.3918,46.2793],[13.3936,46.2659],[13.3986,46.2534],[13.4099,46.24],[13.4226,46.2343],[13.4151,46.2187],[13.4104,46.2173],[13.4108,46.2122],[13.4236,46.2063],[13.4462,46.2128],[13.4482,46.2162],[13.4449,46.2239],[13.457,46.2265],[13.4655,46.2236],[13.473,46.2253],[13.4843,46.2246],[13.4956,46.2223],[13.503,46.2157],[13.5158,46.2151],[13.5219,46.2178],[13.5296,46.2181],[13.5294,46.2122],[13.5457,46.2121],[13.562,46.204],[13.5657,46.194],[13.565,46.1878],[13.5732,46.1842],[13.5855,46.1902],[13.5902,46.188],[13.5948,46.1886],[13.6146,46.1844],[13.6326,46.1907],[13.6457,46.1884],[13.6632,46.1801],[13.6641,46.171],[13.6541,46.1619],[13.6536,46.1581],[13.6521,46.1483],[13.6469,46.1404],[13.6396,46.1346],[13.6344,46.1346],[13.6249,46.1259],[13.6026,46.1131],[13.5958,46.1042],[13.5835,46.1006],[13.574,46.0907],[13.5502,46.0821],[13.5441,46.083],[13.5299,46.0677],[13.5153,46.0622],[13.5035,46.0626],[13.4965,46.0586],[13.497,46.0514],[13.4971,46.0483],[13.51,46.0462],[13.5075,46.0335],[13.5035,46.0263],[13.4943,46.0145],[13.4798,46.0114],[13.4762,46.0062],[13.486,45.9991],[13.4948,45.9861],[13.5018,45.9804],[13.5159,45.9774],[13.5261,45.9721],[13.5306,45.9663],[13.5426,45.9647],[13.5472,45.9696],[13.5619,45.9699],[13.5684,45.9681],[13.5752,45.9765],[13.5779,45.9831],[13.5847,45.9885],[13.5905,45.9898],[13.6043,45.9867],[13.6085,45.9844],[13.6208,45.9844],[13.6334,45.9894],[13.6429,45.983],[13.6396,45.98],[13.6374,45.9663],[13.6333,45.9502],[13.6376,45.9374],[13.6188,45.9172],[13.6136,45.9075],[13.6093,45.8992],[13.5998,45.8953],[13.5903,45.8884],[13.593,45.8752],[13.5868,45.8707],[13.5833,45.8613],[13.5774,45.8579],[13.5729,45.8475],[13.5745,45.843],[13.5878,45.8342],[13.5968,45.8187],[13.5963,45.8079],[13.6033,45.8043],[13.6273,45.7975],[13.6581,45.8003],[13.6694,45.7997],[13.6759,45.7918],[13.6802,45.793],[13.6878,45.7891],[13.7045,45.7771],[13.7213,45.7693],[13.73,45.7667],[13.7346,45.7601],[13.7461,45.7551],[13.7594,45.7557],[13.7661,45.751],[13.7835,45.7483],[13.7892,45.7461],[13.7998,45.7397],[13.804,45.7312],[13.8112,45.7228],[13.8271,45.7143],[13.8338,45.7072],[13.836,45.6982],[13.8311,45.6928],[13.8326,45.6896],[13.8464,45.6787],[13.8581,45.6657],[13.8792,45.652],[13.8984,45.6435],[13.9032,45.6425],[13.9188,45.6337],[13.9182,45.6312],[13.907,45.6251],[13.8792,45.6116],[13.8687,45.6093],[13.8656,45.5967],[13.8534,45.5922],[13.8511,45.5847],[13.8423,45.5831],[13.8216,45.5818],[13.8105,45.581],[13.787,45.5829],[13.7744,45.5865],[13.7471,45.598],[13.723,45.5947],[13.7196,45.6057],[13.7316,45.609],[13.7484,45.609],[13.7749,45.6042],[13.7862,45.5995],[13.7978,45.6075],[13.8045,45.6095],[13.8088,45.6067],[13.8087,45.607],[13.804,45.6112],[13.7804,45.6121],[13.7797,45.6118],[13.7802,45.6124],[13.7767,45.6134],[13.774,45.6127],[13.7767,45.6136],[13.7789,45.6165],[13.7716,45.6254],[13.7755,45.6357],[13.7669,45.6357],[13.7661,45.6304],[13.7569,45.628],[13.7494,45.6357],[13.7488,45.644],[13.7602,45.6462],[13.7691,45.653],[13.7626,45.6596],[13.7534,45.6805],[13.7329,45.6964],[13.7201,45.701],[13.712,45.7023],[13.7113,45.7109],[13.6963,45.721],[13.677,45.737],[13.6684,45.7416],[13.6394,45.7598],[13.6319,45.7683],[13.614,45.7715],[13.603,45.7716],[13.5907,45.7756],[13.5808,45.7817],[13.579,45.7749],[13.5619,45.7785],[13.5477,45.7931],[13.5323,45.7901],[13.5363,45.7842],[13.5374,45.7803],[13.5279,45.7719],[13.5214,45.7644],[13.5208,45.7571],[13.5258,45.748],[13.5166,45.7441],[13.5259,45.7369],[13.5346,45.7362],[13.5532,45.7294],[13.5534,45.7261],[13.5504,45.7232],[13.5321,45.7237],[13.5159,45.7175],[13.5075,45.7126],[13.4875,45.7047],[13.4684,45.7036],[13.4604,45.6941],[13.4542,45.6899],[13.4439,45.6872],[13.4244,45.6773],[13.4099,45.6775],[13.3893,45.6753],[13.3737,45.68],[13.3678,45.683],[13.3592,45.6821],[13.351,45.679],[13.3432,45.6805],[13.3226,45.6877],[13.3051,45.6954],[13.2916,45.7041],[13.2622,45.7076],[13.2542,45.7107],[13.2457,45.7196],[13.2334,45.7148],[13.1858,45.7112],[13.171,45.7031],[13.1568,45.7026],[13.1488,45.6987],[13.1522,45.6935],[13.143,45.6857],[13.1172,45.6694],[13.1094,45.663],[13.1048,45.6555],[13.1009,45.6435],[13.0871,45.6512],[13.0843,45.6574],[13.0745,45.6591],[13.0646,45.6558],[13.0618,45.663],[13.067,45.6708],[13.0635,45.6784],[13.0553,45.6774],[13.0445,45.6843],[13.0488,45.6874],[13.0532,45.6945],[13.045,45.6939],[13.0369,45.6994],[13.0407,45.7061],[13.0382,45.7143],[13.0302,45.7252],[13.029,45.7351],[13.0265,45.7369],[13.0164,45.7305],[13.0157,45.7249],[13.0077,45.7261],[13.0081,45.731],[13.0156,45.7352],[13.0156,45.7413],[13.0067,45.7448],[13.0014,45.75],[13.0067,45.7606],[13.0077,45.7657],[12.9997,45.7675],[12.9846,45.7813],[12.9811,45.7869],[12.9813,45.793],[12.9891,45.7958],[12.9808,45.7967],[12.9741,45.8076],[12.9786,45.8145],[12.9906,45.8094],[12.9933,45.815],[12.9813,45.8187],[12.9781,45.8242],[12.9821,45.8273],[12.971,45.8288],[12.9789,45.8341],[12.9673,45.8361],[12.9665,45.8411],[12.9615,45.8469],[12.9513,45.8429],[12.951,45.8293],[12.952,45.8222],[12.9418,45.8203],[12.9295,45.8173],[12.9205,45.8314],[12.915,45.8247],[12.911,45.826],[12.9007,45.8245],[12.8901,45.8204],[12.8696,45.8338],[12.8773,45.8432],[12.8749,45.8504],[12.8611,45.8507],[12.8368,45.8475],[12.8372,45.8412],[12.8287,45.8356],[12.819,45.8337],[12.8189,45.8243],[12.8095,45.8204],[12.8019,45.8229],[12.7986,45.8325],[12.8044,45.8447],[12.7886,45.8494],[12.7799,45.8545],[12.7696,45.8505],[12.7688,45.8453],[12.759,45.8392],[12.7438,45.8271],[12.73,45.8372],[12.7192,45.8275],[12.7082,45.8177],[12.7035,45.8161],[12.6951,45.8064],[12.6831,45.7998],[12.6789,45.7947],[12.6689,45.7909],[12.6618,45.7924],[12.6503,45.8037],[12.6539,45.8095],[12.6376,45.8183],[12.633,45.8229],[12.6321,45.8293],[12.616,45.8295],[12.6057,45.8382],[12.5944,45.8307],[12.5974,45.8222],[12.5877,45.8152],[12.5821,45.8243],[12.5729,45.8244],[12.5687,45.8271],[12.5593,45.8259],[12.5541,45.8295],[12.5499,45.8394],[12.5546,45.8401],[12.5589,45.847],[12.5496,45.8608],[12.5311,45.8632],[12.5371,45.8686],[12.5323,45.8819],[12.5165,45.8901],[12.507,45.8978],[12.5185,45.9],[12.5231,45.903],[12.5165,45.9039],[12.5087,45.9105],[12.5057,45.9162],[12.508,45.9199],[12.5009,45.9251],[12.4862,45.9257],[12.4747,45.9285],[12.4631,45.9346],[12.4558,45.9461],[12.4534,45.9473],[12.4326,45.9455],[12.4261,45.9471],[12.4223,45.9562],[12.4245,45.9639],[12.428,45.9877],[12.4281,45.9958],[12.4238,45.9989],[12.415,46.02],[12.4153,46.0269],[12.4003,46.042],[12.405,46.0427],[12.4098,46.0592],[12.416,46.0595],[12.4241,46.0682],[12.4278,46.0764],[12.4376,46.0848],[12.4428,46.0842],[12.4546,46.0888],[12.4724,46.096],[12.4844,46.1044],[12.4889,46.1145],[12.494,46.1208],[12.4917,46.1241],[12.4972,46.1298],[12.497,46.1329],[12.4989,46.137],[12.4944,46.1481],[12.4959,46.1525],[12.4915,46.1568],[12.4704,46.1647],[12.4651,46.1657],[12.4569,46.1707],[12.4473,46.1796],[12.4471,46.1884],[12.4423,46.1987],[12.4464,46.2078],[12.4306,46.2094],[12.4072,46.207],[12.4003,46.2112],[12.4087,46.2224],[12.4018,46.2291],[12.3907,46.2281],[12.3764,46.223],[12.3722,46.224],[12.3657,46.2294],[12.3601,46.229],[12.3519,46.2361],[12.3431,46.2405],[12.3376,46.2394],[12.3278,46.2539],[12.3241,46.2549],[12.3213,46.2644],[12.3228,46.2731],[12.3291,46.2821],[12.3481,46.2923],[12.3509,46.2938],[12.3546,46.3087],[12.3547,46.3196],[12.3644,46.3253],[12.3714,46.3261],[12.379,46.3318],[12.3844,46.3291],[12.403,46.3294],[12.4115,46.3308],[12.4211,46.3426],[12.4173,46.3548],[12.4286,46.3516],[12.4406,46.3586],[12.4491,46.3602],[12.4629,46.3693],[12.4606,46.3804],[12.4551,46.3917],[12.4642,46.3884],[12.4694,46.39],[12.4819,46.4032],[12.4952,46.412],[12.4987,46.4122],[12.4945,46.418],[12.4939,46.4261],[12.4992,46.4343],[12.5058,46.441],[12.528,46.4531],[12.527,46.4595],[12.531,46.4649],[12.5368,46.4597],[12.5418,46.4588],[12.5603,46.4711],[12.5699,46.4755],[12.5761,46.4734],[12.5864,46.4732],[12.5947,46.4708],[12.6067,46.4643],[12.6168,46.4736],[12.6208,46.4754],[12.6333,46.4745],[12.6423,46.4724],[12.6491,46.4665],[12.6564,46.4652],[12.6624,46.4691],[12.6569,46.4812],[12.6521,46.485],[12.6423,46.4904],[12.6302,46.5007],[12.6306,46.5122],[12.6215,46.5265],[12.6192,46.5401],[12.6288,46.5607],[12.637,46.5726],[12.644,46.5761],[12.6568,46.5725],[12.6646,46.5819],[12.6744,46.5853],[12.6846,46.5976],[12.6902,46.6005],[12.7085,46.602],[12.7049,46.6184],[12.7114,46.6256],[12.7275,46.6303],[12.732,46.6338],[12.7451,46.6398],[12.7506,46.6451],[12.7565,46.6472],[12.7746,46.6468],[12.7951,46.6425],[12.8029,46.6337],[12.8192,46.6282],[12.8308,46.6306],[12.8373,46.6274],[12.834,46.6209],[12.8337,46.6106],[12.8378,46.6082],[12.852,46.605],[12.8698,46.6085],[12.8884,46.6069],[12.8947,46.6085],[12.9052,46.6079],[12.9287,46.6103],[12.949,46.6025],[12.9566,46.6062],[12.9876,46.5994],[12.9991,46.6023],[13.0131,46.6009],[13.0214,46.6021],[13.0275,46.5983],[13.046,46.5954],[13.0565,46.5976],[13.0836,46.6018],[13.0926,46.6],[13.1064,46.5944],[13.1094,46.5958],[13.1251,46.5912],[13.1533,46.5887],[13.1683,46.5889],[13.1692,46.586],[13.1788,46.5783],[13.1969,46.5716],[13.2018,46.5718],[13.2089,46.5691],[13.2181,46.5702],[13.2322,46.5593],[13.2326,46.5536],[13.2374,46.5532],[13.2527,46.5605],[13.2697,46.5613],[13.3011,46.5583],[13.3096,46.554],[13.3201,46.5528],[13.3326,46.5604],[13.3445,46.5699],[13.3575,46.569],[13.3638,46.57],[13.3728,46.5793],[13.388,46.5768],[13.4088,46.571],[13.4079,46.5617],[13.4273,46.5577],[13.451,46.5589],[13.4733,46.5573],[13.4988,46.5658],[13.504,46.5661],[13.5125,46.551],[13.5199,46.5469],[13.5439,46.5535],[13.5635,46.5512],[13.5689,46.5458],[13.57,46.5389],[13.5772,46.5381],[13.5835,46.5401],[13.592,46.5461],[13.6271,46.5415],[13.6394,46.5356],[13.6586,46.5288],[13.6769,46.5233],[13.6907,46.5213],[13.7063,46.5209],[13.7138,46.523],[13.7173,46.5132],[13.7168,46.5074],[13.7035,46.5013],[13.7025,46.4988],[13.7063,46.4838],[13.7096,46.4816],[13.6953,46.4687],[13.6987,46.4566],[13.6937,46.4439],[13.6844,46.4374],[13.6541,46.4422],[13.6476,46.4459],[13.5922,46.4364],[13.5787,46.4266],[13.5754,46.4088],[13.5669,46.3991],[13.5587,46.3986],[13.5386,46.3864],[13.5169,46.383]]]}},{"type":"Feature","properties":{"id":"liguria","n":"Liguria","macro":"nord","mn":"Nord","pop":1509908,"nc":234,"nrd":234,"rd":59.83,"co":288.35,"kru":548.82,"kin":221.74,"drd":2.41,"km2":5419.8,"dens":278.6},"geometry":{"type":"MultiPolygon","coordinates":[[[[7.5517,43.8943],[7.5626,43.9006],[7.5628,43.9024],[7.5597,43.9166],[7.5673,43.9237],[7.5718,43.9354],[7.5661,43.9437],[7.577,43.9498],[7.5818,43.9482],[7.5878,43.9554],[7.6013,43.9574],[7.6089,43.956],[7.6312,43.9645],[7.6415,43.973],[7.6522,43.9735],[7.6558,43.9772],[7.6553,43.9849],[7.6703,43.9982],[7.6628,44.0164],[7.6623,44.0275],[7.6665,44.0311],[7.6783,44.0337],[7.6938,44.0401],[7.7029,44.0458],[7.7036,44.0516],[7.7073,44.0568],[7.7142,44.0616],[7.7277,44.0602],[7.7297,44.0672],[7.7345,44.0736],[7.7402,44.0773],[7.7489,44.0796],[7.7572,44.085],[7.7402,44.0834],[7.7321,44.0843],[7.7216,44.0986],[7.7192,44.1045],[7.7234,44.1162],[7.7231,44.1208],[7.7289,44.1277],[7.7372,44.128],[7.7459,44.1353],[7.7627,44.1409],[7.7752,44.14],[7.7945,44.1306],[7.8154,44.1233],[7.8311,44.1201],[7.8434,44.1203],[7.8512,44.1187],[7.866,44.1181],[7.8802,44.1135],[7.884,44.1047],[7.9148,44.1094],[7.9261,44.1104],[7.9354,44.1011],[7.9424,44.1001],[7.9447,44.1019],[7.958,44.1037],[7.9647,44.111],[7.9717,44.1131],[7.9897,44.1086],[8.0046,44.1023],[8.0108,44.1042],[8.0156,44.1107],[8.004,44.1143],[8.0128,44.1197],[8.0066,44.1256],[7.9918,44.1274],[7.9918,44.1321],[7.9788,44.1336],[7.9795,44.1386],[7.989,44.1446],[8.0095,44.1556],[8.0288,44.1541],[8.0431,44.1429],[8.0526,44.1428],[8.0674,44.1446],[8.075,44.1526],[8.0737,44.1588],[8.0828,44.1689],[8.0907,44.1731],[8.0972,44.1787],[8.0947,44.1821],[8.093,44.1922],[8.0955,44.197],[8.0878,44.2031],[8.0747,44.2057],[8.0654,44.2169],[8.0687,44.2273],[8.0774,44.2338],[8.0807,44.2417],[8.063,44.2532],[8.0724,44.2589],[8.0807,44.2616],[8.0872,44.2671],[8.0907,44.2748],[8.083,44.2779],[8.0808,44.2836],[8.0732,44.2887],[8.0635,44.2882],[8.0597,44.3007],[8.071,44.3118],[8.076,44.3139],[8.0823,44.311],[8.0847,44.3067],[8.102,44.301],[8.1048,44.3103],[8.1088,44.3163],[8.1051,44.3266],[8.107,44.3329],[8.113,44.3334],[8.1248,44.3331],[8.1343,44.3321],[8.1384,44.342],[8.1442,44.3448],[8.1487,44.3549],[8.1414,44.3682],[8.1504,44.3752],[8.1496,44.3848],[8.1619,44.3858],[8.1699,44.3926],[8.1812,44.3971],[8.1865,44.3954],[8.2035,44.4049],[8.208,44.4104],[8.208,44.4163],[8.2145,44.4238],[8.2195,44.4263],[8.2218,44.4295],[8.2188,44.4366],[8.2072,44.4481],[8.2101,44.4555],[8.1965,44.4635],[8.1975,44.4676],[8.1973,44.4776],[8.2185,44.4818],[8.2233,44.4856],[8.2166,44.4952],[8.217,44.4999],[8.2241,44.5141],[8.2379,44.5187],[8.2527,44.5287],[8.2616,44.5194],[8.2687,44.5135],[8.2714,44.5069],[8.2842,44.5055],[8.2905,44.5029],[8.3047,44.5026],[8.3147,44.4963],[8.3208,44.4884],[8.3363,44.488],[8.3501,44.4848],[8.3584,44.4649],[8.3726,44.4704],[8.3749,44.4745],[8.3862,44.4772],[8.3915,44.4769],[8.3944,44.4803],[8.3907,44.4877],[8.401,44.4933],[8.4007,44.5024],[8.4038,44.509],[8.4187,44.5132],[8.4261,44.5053],[8.444,44.5005],[8.4494,44.4974],[8.4531,44.5097],[8.4589,44.5162],[8.4694,44.5218],[8.4752,44.5174],[8.4781,44.5106],[8.5142,44.5098],[8.5348,44.5133],[8.5431,44.5122],[8.5475,44.5051],[8.5601,44.5029],[8.5631,44.5062],[8.5762,44.5092],[8.5718,44.5161],[8.5729,44.5214],[8.5779,44.5257],[8.5834,44.5234],[8.5901,44.5276],[8.5901,44.5321],[8.5957,44.5374],[8.6072,44.5375],[8.6135,44.5466],[8.5979,44.5565],[8.6009,44.5677],[8.6099,44.5708],[8.6139,44.5681],[8.6202,44.5767],[8.619,44.5826],[8.6238,44.5865],[8.6325,44.5805],[8.6468,44.5824],[8.6616,44.5793],[8.6668,44.5825],[8.6814,44.5749],[8.6901,44.582],[8.6969,44.5795],[8.714,44.5815],[8.721,44.5799],[8.7313,44.5708],[8.7402,44.5562],[8.7382,44.5518],[8.7486,44.5503],[8.7508,44.5434],[8.757,44.5368],[8.7558,44.5306],[8.7498,44.5267],[8.754,44.5241],[8.7605,44.5302],[8.7675,44.525],[8.7688,44.5107],[8.7731,44.5055],[8.7708,44.4976],[8.7668,44.4927],[8.7696,44.4894],[8.7703,44.4895],[8.7711,44.4895],[8.7824,44.4884],[8.7871,44.4897],[8.7893,44.4964],[8.7927,44.4979],[8.7976,44.5051],[8.7951,44.5219],[8.7991,44.5302],[8.8064,44.5347],[8.8244,44.5385],[8.8284,44.5424],[8.8224,44.5493],[8.8232,44.5565],[8.8269,44.5619],[8.839,44.562],[8.863,44.5606],[8.865,44.566],[8.875,44.5623],[8.8798,44.5555],[8.8911,44.5506],[8.8913,44.5506],[8.8949,44.5554],[8.9056,44.5563],[8.9176,44.5611],[8.9217,44.5671],[8.9194,44.5719],[8.9119,44.58],[8.9124,44.5891],[8.9077,44.5954],[8.9076,44.6113],[8.9052,44.6158],[8.9022,44.6226],[8.8926,44.6257],[8.8911,44.6294],[8.8849,44.6317],[8.8826,44.639],[8.8919,44.6412],[8.9082,44.6468],[8.9157,44.6549],[8.9192,44.6621],[8.9279,44.6743],[8.931,44.6761],[8.9497,44.6745],[8.9595,44.6761],[8.9656,44.6722],[8.9725,44.6633],[8.9861,44.6641],[8.9934,44.663],[9.0001,44.6676],[9.0131,44.6668],[9.0206,44.6615],[9.0246,44.651],[9.0332,44.6474],[9.0315,44.6425],[9.0387,44.6409],[9.0452,44.6274],[9.0434,44.6158],[9.0537,44.621],[9.0758,44.6236],[9.0918,44.6135],[9.1033,44.6098],[9.1046,44.6066],[9.1023,44.5942],[9.1106,44.582],[9.1217,44.5804],[9.1341,44.5748],[9.146,44.5742],[9.1525,44.5742],[9.1692,44.5847],[9.1836,44.5917],[9.199,44.5928],[9.2033,44.5957],[9.2049,44.6027],[9.2029,44.6135],[9.2051,44.6153],[9.2314,44.6188],[9.2455,44.6197],[9.2544,44.6138],[9.2564,44.6102],[9.2455,44.6011],[9.2722,44.5959],[9.2815,44.5964],[9.2852,44.5989],[9.2873,44.6073],[9.2975,44.6067],[9.3048,44.6051],[9.3094,44.5963],[9.3124,44.5968],[9.3279,44.589],[9.3401,44.5786],[9.3461,44.5788],[9.3554,44.5845],[9.3659,44.5846],[9.381,44.5768],[9.3893,44.5903],[9.3988,44.5876],[9.4031,44.5916],[9.4056,44.6007],[9.4213,44.5927],[9.4188,44.5851],[9.4231,44.5745],[9.4281,44.5745],[9.4407,44.5666],[9.4765,44.5652],[9.4907,44.559],[9.4933,44.5559],[9.4882,44.5455],[9.4973,44.5406],[9.5046,44.53],[9.5022,44.5127],[9.4955,44.5031],[9.4947,44.4974],[9.4968,44.4827],[9.4823,44.4793],[9.476,44.482],[9.4689,44.4818],[9.4697,44.4769],[9.4702,44.4733],[9.4604,44.4566],[9.4582,44.4422],[9.4451,44.4375],[9.4389,44.4278],[9.4384,44.4186],[9.4429,44.4166],[9.4657,44.4245],[9.4725,44.4243],[9.4722,44.4165],[9.479,44.4093],[9.4838,44.4186],[9.4938,44.4239],[9.5341,44.4293],[9.5403,44.4254],[9.5512,44.428],[9.5519,44.4336],[9.5592,44.4381],[9.5779,44.4336],[9.5835,44.4271],[9.5932,44.4321],[9.5982,44.4367],[9.6055,44.4357],[9.6067,44.4314],[9.613,44.4258],[9.6235,44.4217],[9.6361,44.4139],[9.6438,44.4117],[9.6552,44.4116],[9.6631,44.4006],[9.6669,44.3848],[9.6714,44.3711],[9.6751,44.3648],[9.6867,44.366],[9.7063,44.3663],[9.7112,44.3636],[9.7173,44.3554],[9.724,44.338],[9.7295,44.3283],[9.7424,44.3271],[9.7531,44.3227],[9.7583,44.3184],[9.7639,44.3094],[9.7641,44.3056],[9.7716,44.301],[9.7839,44.2968],[9.8057,44.2828],[9.8148,44.2862],[9.8218,44.2814],[9.8353,44.2789],[9.8395,44.2722],[9.8516,44.2708],[9.8544,44.2681],[9.8563,44.2573],[9.8613,44.2508],[9.8601,44.2395],[9.8571,44.234],[9.8636,44.2281],[9.8752,44.224],[9.8697,44.2167],[9.8576,44.1936],[9.8651,44.1807],[9.8701,44.1855],[9.8744,44.1953],[9.8877,44.204],[9.8912,44.2078],[9.8972,44.21],[9.9085,44.2097],[9.91,44.203],[9.9145,44.1995],[9.9263,44.1996],[9.934,44.1967],[9.9282,44.1957],[9.9105,44.1802],[9.8924,44.1681],[9.8979,44.1636],[9.9065,44.1672],[9.9202,44.1698],[9.9282,44.1662],[9.9363,44.168],[9.9591,44.1669],[9.9664,44.1695],[9.9758,44.1641],[9.9791,44.161],[9.9764,44.1517],[9.9792,44.1461],[9.9764,44.1395],[9.9836,44.1248],[9.9954,44.1172],[9.9941,44.1058],[9.9839,44.1013],[9.9834,44.0988],[9.9932,44.0926],[10.0022,44.1076],[10.0179,44.1192],[10.0245,44.1193],[10.0461,44.1155],[10.0475,44.1151],[10.0511,44.1102],[10.0571,44.1089],[10.0693,44.0979],[10.0709,44.0931],[10.0661,44.0863],[10.049,44.0719],[10.0445,44.0705],[10.0287,44.0591],[10.0267,44.0566],[10.0187,44.0444],[10.0099,44.0488],[9.9992,44.051],[9.9937,44.0508],[9.9852,44.0459],[9.9817,44.0385],[9.9776,44.0355],[9.9643,44.0372],[9.9559,44.0416],[9.9495,44.0473],[9.9398,44.0541],[9.9253,44.0601],[9.92,44.067],[9.9092,44.0705],[9.9095,44.0791],[9.9015,44.0829],[9.8812,44.0811],[9.8787,44.0876],[9.8656,44.0916],[9.8619,44.0984],[9.8539,44.1064],[9.8488,44.1096],[9.8486,44.11],[9.8351,44.1095],[9.8311,44.1061],[9.8247,44.1023],[9.8213,44.0955],[9.824,44.0828],[9.8391,44.0657],[9.8446,44.0669],[9.8473,44.0612],[9.8326,44.0501],[9.821,44.0587],[9.8058,44.0644],[9.8032,44.064],[9.7972,44.0652],[9.7822,44.0727],[9.7659,44.0833],[9.7606,44.0835],[9.7561,44.0911],[9.7385,44.0925],[9.7373,44.0979],[9.7256,44.1126],[9.7167,44.1181],[9.711,44.1193],[9.6922,44.128],[9.6757,44.1394],[9.6646,44.1427],[9.6576,44.1454],[9.6424,44.1436],[9.6356,44.1336],[9.6228,44.1427],[9.6092,44.1566],[9.6077,44.164],[9.61,44.1667],[9.6023,44.1726],[9.5908,44.1734],[9.5689,44.1821],[9.5666,44.1843],[9.5695,44.1908],[9.5614,44.1949],[9.5529,44.2029],[9.5293,44.2075],[9.5175,44.2142],[9.5113,44.2167],[9.5013,44.2226],[9.4955,44.2347],[9.488,44.2391],[9.4804,44.2408],[9.4767,44.2363],[9.469,44.2343],[9.4526,44.2401],[9.4452,44.2388],[9.4396,44.2425],[9.4328,44.2535],[9.4171,44.2598],[9.4085,44.2542],[9.4031,44.2553],[9.395,44.2693],[9.3938,44.2759],[9.387,44.2836],[9.3768,44.2904],[9.365,44.2969],[9.3342,44.3099],[9.3332,44.3114],[9.3223,44.3107],[9.3216,44.3138],[9.3033,44.3228],[9.2805,44.3298],[9.267,44.336],[9.2635,44.3357],[9.2434,44.3425],[9.2339,44.3484],[9.2296,44.3479],[9.2251,44.3411],[9.2261,44.336],[9.2198,44.335],[9.2128,44.3305],[9.2166,44.3225],[9.2141,44.3128],[9.2091,44.3107],[9.2191,44.2986],[9.2079,44.3015],[9.1883,44.3089],[9.1823,44.3091],[9.1655,44.3146],[9.1555,44.3158],[9.1504,44.3187],[9.1487,44.3246],[9.1545,44.3353],[9.155,44.3477],[9.147,44.3552],[9.1402,44.3612],[9.1269,44.362],[9.1227,44.3646],[9.0991,44.3718],[9.0871,44.3719],[9.0768,44.3755],[9.0638,44.3773],[9.0583,44.3807],[9.0537,44.3791],[9.0092,44.3848],[8.9944,44.3878],[8.9828,44.3919],[8.974,44.3895],[8.952,44.3913],[8.9427,44.3956],[8.9314,44.3965],[8.9272,44.4048],[8.9274,44.4111],[8.9239,44.4142],[8.9122,44.4124],[8.9101,44.407],[8.9187,44.4039],[8.9166,44.3985],[8.9009,44.4012],[8.9004,44.4037],[8.8869,44.4074],[8.8796,44.4052],[8.8715,44.4052],[8.8219,44.415],[8.823,44.4177],[8.8422,44.4153],[8.8522,44.4192],[8.8353,44.424],[8.8314,44.4211],[8.8302,44.4242],[8.7826,44.4247],[8.7979,44.4222],[8.7964,44.4173],[8.7756,44.4204],[8.7693,44.4239],[8.7548,44.427],[8.7413,44.4265],[8.7303,44.4213],[8.7045,44.413],[8.6929,44.4084],[8.6867,44.4036],[8.6867,44.3976],[8.6783,44.3927],[8.6653,44.3904],[8.6495,44.3899],[8.6401,44.3865],[8.6332,44.3797],[8.6243,44.3718],[8.5934,44.3607],[8.5748,44.3584],[8.5671,44.3549],[8.5649,44.3479],[8.5505,44.3441],[8.5431,44.3396],[8.5263,44.3314],[8.5094,44.3284],[8.496,44.3207],[8.4851,44.31],[8.4861,44.3083],[8.4856,44.3033],[8.4649,44.2964],[8.4481,44.2853],[8.4456,44.2811],[8.4405,44.2743],[8.4423,44.2652],[8.4501,44.263],[8.4564,44.2584],[8.4451,44.2435],[8.4428,44.2374],[8.4361,44.2368],[8.4212,44.2277],[8.4158,44.2186],[8.4167,44.202],[8.4253,44.1972],[8.4223,44.1926],[8.4145,44.1897],[8.4065,44.1841],[8.399,44.1811],[8.3835,44.1807],[8.3714,44.1779],[8.3681,44.1743],[8.3438,44.168],[8.3291,44.1613],[8.323,44.1602],[8.3033,44.1561],[8.2915,44.1521],[8.2691,44.1394],[8.2616,44.1271],[8.2494,44.1169],[8.2374,44.1022],[8.2318,44.0922],[8.2268,44.0804],[8.2258,44.0724],[8.2253,44.0572],[8.2261,44.0441],[8.2083,44.0347],[8.192,44.0201],[8.1789,44.0113],[8.1649,43.9959],[8.1621,43.9899],[8.1594,43.9808],[8.1612,43.9702],[8.1739,43.958],[8.1739,43.9551],[8.1695,43.9523],[8.1577,43.9525],[8.1421,43.9476],[8.1354,43.939],[8.1333,43.932],[8.1283,43.9268],[8.1106,43.923],[8.1073,43.9209],[8.0942,43.917],[8.0793,43.9053],[8.0774,43.9011],[8.0802,43.897],[8.0712,43.8907],[8.0664,43.889],[8.0524,43.8873],[8.0406,43.8875],[8.0298,43.8842],[8.0219,43.8799],[8.0149,43.8719],[7.9702,43.8605],[7.9657,43.8521],[7.9567,43.8497],[7.9492,43.8471],[7.9321,43.8447],[7.9211,43.8444],[7.9156,43.8414],[7.9078,43.8372],[7.8925,43.8382],[7.8855,43.8367],[7.8722,43.8361],[7.8609,43.8315],[7.847,43.8289],[7.8425,43.8265],[7.8396,43.8203],[7.8304,43.8162],[7.8141,43.8223],[7.8056,43.8233],[7.7843,43.8195],[7.7788,43.8148],[7.7672,43.8122],[7.7529,43.8069],[7.7402,43.7969],[7.7365,43.7954],[7.7118,43.8012],[7.7028,43.799],[7.6961,43.7962],[7.6946,43.7916],[7.6731,43.7761],[7.6465,43.782],[7.6332,43.7838],[7.631,43.7844],[7.6097,43.7874],[7.5884,43.7921],[7.5693,43.7922],[7.559,43.7881],[7.5557,43.7797],[7.5295,43.7843],[7.53,43.7875],[7.5205,43.8008],[7.5109,43.8249],[7.5067,43.8382],[7.5081,43.8416],[7.5012,43.8449],[7.4948,43.856],[7.4991,43.8686],[7.5036,43.8752],[7.5152,43.8839],[7.5382,43.8933],[7.5517,43.8943]]],[[[9.8471,44.0334],[9.8448,44.0339],[9.8331,44.0468],[9.8524,44.051],[9.8471,44.0334]]]]}},{"type":"Feature","properties":{"id":"emilia-romagna","n":"Emilia-Romagna","macro":"nord","mn":"Nord","pop":4465678,"nc":330,"nrd":330,"rd":78.73,"co":217.56,"kru":662.67,"kin":139.82,"drd":4.64,"km2":22502.2,"dens":198.5},"geometry":{"type":"Polygon","coordinates":[[[9.2003,44.6864],[9.2169,44.6835],[9.2371,44.6851],[9.2406,44.6883],[9.2322,44.7018],[9.2351,44.7164],[9.254,44.696],[9.2577,44.6812],[9.2632,44.6807],[9.2705,44.6843],[9.283,44.6859],[9.291,44.6808],[9.2985,44.681],[9.3066,44.6882],[9.3246,44.69],[9.3263,44.6938],[9.3169,44.6952],[9.3094,44.7023],[9.3084,44.7057],[9.3126,44.7171],[9.3233,44.7216],[9.3286,44.7265],[9.3326,44.7351],[9.3286,44.736],[9.3144,44.7447],[9.298,44.7521],[9.286,44.7594],[9.287,44.7725],[9.2948,44.7742],[9.3168,44.784],[9.3216,44.8001],[9.3299,44.7999],[9.3442,44.8066],[9.3584,44.815],[9.3632,44.8224],[9.3582,44.8243],[9.3547,44.833],[9.3494,44.8379],[9.3449,44.8603],[9.3416,44.8698],[9.3304,44.8708],[9.3266,44.8729],[9.3216,44.8799],[9.3071,44.8762],[9.2901,44.8821],[9.2928,44.8903],[9.281,44.896],[9.2773,44.8957],[9.2862,44.9032],[9.2916,44.9209],[9.285,44.9318],[9.2876,44.9342],[9.3098,44.9354],[9.3144,44.9368],[9.3218,44.9441],[9.3229,44.9497],[9.3246,44.956],[9.3374,44.9653],[9.3352,44.9738],[9.3414,44.9827],[9.3474,44.997],[9.3535,45.0011],[9.3609,44.9996],[9.3662,45.0036],[9.3755,45.0199],[9.3695,45.0237],[9.3762,45.0417],[9.3709,45.048],[9.3843,45.0583],[9.3893,45.0641],[9.406,45.0729],[9.4125,45.0788],[9.4126,45.0837],[9.4224,45.0841],[9.4349,45.0817],[9.4387,45.0854],[9.4391,45.0935],[9.4659,45.0947],[9.4802,45.0988],[9.4937,45.1033],[9.505,45.1022],[9.5183,45.0906],[9.5254,45.0801],[9.5319,45.0783],[9.5449,45.0847],[9.5511,45.0908],[9.5506,45.0952],[9.5374,45.1149],[9.5358,45.1221],[9.5363,45.124],[9.5373,45.1262],[9.5487,45.1326],[9.5531,45.1306],[9.5609,45.1225],[9.5685,45.1073],[9.577,45.105],[9.586,45.1049],[9.5875,45.0997],[9.6018,45.104],[9.609,45.1084],[9.6133,45.1139],[9.6151,45.1262],[9.6185,45.133],[9.6295,45.132],[9.6338,45.1291],[9.6366,45.1264],[9.6408,45.1166],[9.6379,45.1131],[9.6376,45.1043],[9.6315,45.0878],[9.6349,45.0839],[9.6433,45.0805],[9.6596,45.0821],[9.6769,45.0776],[9.6822,45.0713],[9.6905,45.0673],[9.7127,45.0587],[9.7221,45.0595],[9.7301,45.0636],[9.7378,45.0733],[9.7478,45.0756],[9.7531,45.0865],[9.7451,45.1058],[9.7454,45.1119],[9.7574,45.1125],[9.7666,45.1073],[9.7791,45.0896],[9.7882,45.0844],[9.8102,45.0798],[9.8152,45.0764],[9.8168,45.0708],[9.8167,45.0544],[9.8238,45.0525],[9.8271,45.0535],[9.834,45.0628],[9.8355,45.0719],[9.8311,45.0822],[9.8321,45.0901],[9.8353,45.0941],[9.8476,45.0966],[9.8634,45.0925],[9.8711,45.0849],[9.8754,45.0777],[9.8844,45.0749],[9.8969,45.0805],[9.9012,45.0886],[9.9007,45.0955],[9.8942,45.1019],[9.8794,45.1119],[9.8757,45.1172],[9.8757,45.1225],[9.8811,45.127],[9.891,45.1309],[9.908,45.1356],[9.9155,45.1389],[9.9263,45.1319],[9.9265,45.1244],[9.9215,45.114],[9.9143,45.1094],[9.9152,45.1004],[9.9227,45.1001],[9.9365,45.1048],[9.9579,45.1199],[9.9664,45.1275],[9.9784,45.1337],[9.9836,45.1337],[9.9927,45.1299],[9.999,45.1242],[10.0099,45.1108],[10.0177,45.104],[10.0243,45.1008],[10.0292,45.095],[10.0277,45.0844],[10.0212,45.0771],[10.0257,45.0704],[10.0327,45.0656],[10.0407,45.0638],[10.0443,45.0624],[10.053,45.0499],[10.0503,45.0413],[10.0573,45.0415],[10.0824,45.0466],[10.0836,45.0441],[10.0846,45.0324],[10.0929,45.0237],[10.1062,45.0221],[10.1307,45.0298],[10.1477,45.0355],[10.1525,45.0408],[10.1578,45.0442],[10.1706,45.0421],[10.1746,45.0343],[10.1809,45.0304],[10.1939,45.0282],[10.2111,45.034],[10.2422,45.0228],[10.254,45.0186],[10.26,45.0143],[10.2651,45.0048],[10.2745,44.9979],[10.2934,45.0004],[10.3047,44.999],[10.3097,44.9934],[10.3089,44.9874],[10.3182,44.9838],[10.3307,44.9809],[10.3374,44.9774],[10.35,44.9679],[10.3588,44.9655],[10.3633,44.9656],[10.3731,44.9707],[10.3835,44.9791],[10.3933,44.9836],[10.4013,44.9848],[10.4099,44.983],[10.4167,44.9776],[10.4252,44.9602],[10.4319,44.9471],[10.4377,44.942],[10.4517,44.9405],[10.464,44.9371],[10.4811,44.9302],[10.5044,44.9225],[10.5134,44.9154],[10.5197,44.9127],[10.5267,44.9127],[10.5377,44.9127],[10.566,44.9085],[10.5733,44.909],[10.5825,44.9126],[10.5925,44.9148],[10.5988,44.9147],[10.6119,44.9211],[10.6251,44.9256],[10.6277,44.9242],[10.6396,44.9395],[10.6504,44.9481],[10.6585,44.9624],[10.6639,44.9686],[10.6798,44.9766],[10.6867,44.9867],[10.696,44.9744],[10.6882,44.9656],[10.6923,44.962],[10.7025,44.9652],[10.7108,44.973],[10.7113,44.983],[10.7144,44.9872],[10.7246,44.9913],[10.7294,44.9867],[10.7386,44.9858],[10.7416,44.9804],[10.7411,44.9748],[10.7481,44.9626],[10.7427,44.9539],[10.7437,44.9491],[10.7707,44.9441],[10.7812,44.9412],[10.8021,44.9394],[10.8198,44.9367],[10.8426,44.9292],[10.8472,44.9267],[10.8654,44.9297],[10.8649,44.9236],[10.874,44.9219],[10.8767,44.917],[10.898,44.9219],[10.888,44.9143],[10.8902,44.9124],[10.914,44.9231],[10.9191,44.9239],[10.9414,44.9219],[10.9514,44.928],[10.9506,44.9333],[10.9671,44.9348],[10.9762,44.9419],[10.9889,44.9514],[10.994,44.9539],[11.0088,44.9548],[11.0226,44.9527],[11.0449,44.9521],[11.0596,44.9489],[11.0731,44.9626],[11.0887,44.9594],[11.1037,44.9584],[11.118,44.9545],[11.1243,44.9514],[11.1295,44.9451],[11.1488,44.9342],[11.1534,44.9334],[11.1584,44.938],[11.1794,44.9378],[11.202,44.9395],[11.2132,44.9435],[11.2415,44.946],[11.2461,44.9514],[11.2568,44.9467],[11.2668,44.944],[11.2722,44.9383],[11.2844,44.9566],[11.2969,44.9576],[11.3017,44.9624],[11.3135,44.9584],[11.3293,44.9607],[11.3376,44.9564],[11.3571,44.9501],[11.3628,44.9555],[11.3783,44.958],[11.3986,44.955],[11.4089,44.9501],[11.4263,44.9522],[11.4267,44.9501],[11.4238,44.9379],[11.4248,44.9323],[11.434,44.9295],[11.4641,44.9357],[11.4658,44.9359],[11.4901,44.9373],[11.5159,44.9364],[11.5237,44.9369],[11.534,44.9362],[11.5492,44.9288],[11.5565,44.9227],[11.5651,44.9189],[11.5789,44.9168],[11.5864,44.9113],[11.5883,44.8993],[11.5921,44.8921],[11.6009,44.889],[11.6195,44.8881],[11.6249,44.8892],[11.6568,44.907],[11.673,44.9152],[11.6874,44.9168],[11.7076,44.9245],[11.7252,44.9265],[11.7329,44.9266],[11.743,44.9328],[11.7447,44.937],[11.74,44.9498],[11.747,44.9581],[11.7603,44.9595],[11.7721,44.9619],[11.7838,44.9641],[11.7974,44.9738],[11.8046,44.977],[11.8159,44.9771],[11.8382,44.9728],[11.8534,44.9743],[11.8771,44.9744],[11.8916,44.9775],[11.8996,44.9778],[11.9211,44.9747],[11.9277,44.975],[11.9387,44.978],[11.9512,44.9835],[11.9627,44.9868],[11.9858,44.9837],[11.9965,44.9822],[12.0154,44.9765],[12.0476,44.977],[12.0569,44.9706],[12.064,44.9696],[12.0723,44.972],[12.0916,44.9702],[12.1,44.9661],[12.1011,44.9617],[12.109,44.9615],[12.1161,44.9578],[12.1174,44.9512],[12.1279,44.9371],[12.1424,44.928],[12.158,44.9306],[12.161,44.9385],[12.1692,44.9421],[12.175,44.9394],[12.1793,44.9319],[12.1877,44.9265],[12.1942,44.9254],[12.2113,44.9271],[12.2249,44.923],[12.2318,44.9265],[12.2396,44.935],[12.2561,44.9425],[12.2745,44.9435],[12.2809,44.9417],[12.2922,44.9317],[12.2947,44.9254],[12.2822,44.9114],[12.2847,44.8937],[12.2847,44.8783],[12.2867,44.8703],[12.294,44.8604],[12.3038,44.8553],[12.3363,44.8522],[12.3434,44.8459],[12.3461,44.8294],[12.3532,44.8171],[12.3794,44.801],[12.3982,44.7927],[12.3968,44.7907],[12.3874,44.7849],[12.376,44.7835],[12.3449,44.7869],[12.3489,44.7894],[12.3651,44.7868],[12.3802,44.7855],[12.3877,44.7897],[12.3744,44.7914],[12.373,44.7962],[12.3646,44.803],[12.3514,44.8109],[12.3556,44.8123],[12.3454,44.8196],[12.3398,44.8176],[12.3334,44.8245],[12.3329,44.8287],[12.3086,44.8424],[12.2877,44.8423],[12.2849,44.8408],[12.266,44.8233],[12.2589,44.8157],[12.2677,44.8086],[12.2662,44.8044],[12.2805,44.8171],[12.286,44.8168],[12.2752,44.8066],[12.2725,44.8002],[12.2571,44.7799],[12.2484,44.7628],[12.2486,44.7565],[12.2446,44.7412],[12.2424,44.7272],[12.2403,44.6997],[12.2411,44.6867],[12.2459,44.6765],[12.2509,44.6762],[12.2509,44.6611],[12.2609,44.6396],[12.2687,44.6292],[12.2752,44.6196],[12.2819,44.5938],[12.2829,44.5788],[12.2824,44.563],[12.2804,44.5421],[12.2797,44.5216],[12.2815,44.508],[12.2857,44.4979],[12.2917,44.4882],[12.286,44.4859],[12.2875,44.4717],[12.292,44.4542],[12.3058,44.4222],[12.31,44.4185],[12.3166,44.4029],[12.324,44.3667],[12.3298,44.3462],[12.3351,44.3333],[12.3386,44.3287],[12.3448,44.3119],[12.3478,44.3012],[12.3514,44.2863],[12.3572,44.2706],[12.3677,44.2494],[12.3835,44.2245],[12.3924,44.2131],[12.3985,44.2076],[12.4038,44.2069],[12.4176,44.1901],[12.4298,44.1788],[12.4369,44.1741],[12.4429,44.1686],[12.4451,44.167],[12.4506,44.1623],[12.4791,44.1389],[12.4942,44.1238],[12.5037,44.1155],[12.5291,44.0953],[12.5449,44.0849],[12.5608,44.0763],[12.5686,44.0762],[12.5754,44.0786],[12.5927,44.0604],[12.6205,44.0349],[12.6321,44.0251],[12.6558,44.0082],[12.6882,43.9872],[12.7137,43.9743],[12.7213,43.9728],[12.7372,43.9684],[12.7506,43.9686],[12.7556,43.962],[12.7483,43.9529],[12.7415,43.941],[12.7398,43.9385],[12.7396,43.9383],[12.7337,43.9298],[12.728,43.9241],[12.73,43.9132],[12.7272,43.9118],[12.7348,43.896],[12.7228,43.8811],[12.7337,43.87],[12.733,43.8693],[12.7237,43.8611],[12.7015,43.8588],[12.6967,43.8527],[12.6822,43.8528],[12.6791,43.8413],[12.6812,43.8281],[12.6734,43.8239],[12.6676,43.8235],[12.6584,43.8275],[12.6445,43.827],[12.6288,43.8209],[12.6233,43.8212],[12.619,43.8265],[12.6112,43.8308],[12.6103,43.837],[12.619,43.8426],[12.6158,43.8465],[12.607,43.845],[12.601,43.8506],[12.6037,43.8567],[12.6025,43.8634],[12.5894,43.8652],[12.5929,43.8732],[12.59,43.8785],[12.5895,43.8857],[12.5844,43.8841],[12.5724,43.8849],[12.5648,43.8806],[12.5624,43.8698],[12.5511,43.8664],[12.5418,43.864],[12.5341,43.8706],[12.5313,43.8695],[12.5185,43.8763],[12.5175,43.8811],[12.4994,43.8736],[12.4897,43.8825],[12.4874,43.8856],[12.4874,43.8964],[12.4934,43.9102],[12.4939,43.9157],[12.4944,43.9207],[12.5035,43.927],[12.5075,43.9335],[12.5155,43.9414],[12.5137,43.9496],[12.5068,43.9582],[12.5067,43.971],[12.516,43.9848],[12.5135,43.9913],[12.5042,43.9892],[12.4925,43.983],[12.4789,43.9807],[12.4709,43.978],[12.4529,43.9694],[12.4369,43.9566],[12.428,43.957],[12.4118,43.9522],[12.4045,43.9556],[12.4047,43.9441],[12.4117,43.939],[12.4147,43.9287],[12.4082,43.9205],[12.4125,43.9094],[12.4083,43.903],[12.4176,43.899],[12.4273,43.9039],[12.4436,43.905],[12.4511,43.8957],[12.4624,43.8937],[12.4631,43.8896],[12.4578,43.8801],[12.4456,43.8708],[12.435,43.8722],[12.4323,43.8748],[12.4301,43.8717],[12.42,43.8722],[12.4077,43.8767],[12.4007,43.8728],[12.4035,43.8705],[12.3975,43.8673],[12.3933,43.8575],[12.391,43.845],[12.3987,43.8264],[12.3942,43.8214],[12.388,43.8168],[12.3805,43.8148],[12.3661,43.8133],[12.3622,43.8055],[12.3498,43.7997],[12.3451,43.8015],[12.3288,43.8007],[12.316,43.8056],[12.2983,43.7976],[12.2849,43.7948],[12.2829,43.7895],[12.289,43.7858],[12.2873,43.7717],[12.2839,43.7649],[12.278,43.7649],[12.2566,43.7607],[12.2504,43.7563],[12.2531,43.7526],[12.2441,43.751],[12.2413,43.7542],[12.2281,43.7596],[12.2093,43.7571],[12.2073,43.7489],[12.1977,43.7449],[12.2006,43.7413],[12.1947,43.7319],[12.1848,43.7419],[12.1783,43.745],[12.1712,43.7516],[12.164,43.7623],[12.1526,43.7587],[12.1421,43.7526],[12.1236,43.7491],[12.1075,43.7537],[12.0882,43.7474],[12.077,43.7407],[12.0645,43.7429],[12.0615,43.753],[12.053,43.757],[12.0366,43.7573],[12.0286,43.7615],[12.0204,43.7606],[12.0103,43.7634],[12.0064,43.7665],[11.9866,43.7619],[11.9742,43.7681],[11.9534,43.7761],[11.951,43.7789],[11.951,43.787],[11.9472,43.7909],[11.9286,43.7941],[11.9187,43.7937],[11.9131,43.7989],[11.9134,43.8066],[11.9098,43.8127],[11.8965,43.8077],[11.8761,43.8105],[11.8675,43.8169],[11.856,43.8159],[11.8509,43.8113],[11.842,43.808],[11.8417,43.808],[11.8246,43.8154],[11.8071,43.829],[11.7926,43.8403],[11.7885,43.8451],[11.7845,43.8476],[11.7573,43.8568],[11.7324,43.8631],[11.7219,43.8744],[11.7102,43.8774],[11.7092,43.8845],[11.7106,43.8939],[11.7141,43.8986],[11.7156,43.9032],[11.7171,43.9217],[11.7026,43.9283],[11.6966,43.9279],[11.6841,43.9351],[11.6824,43.9383],[11.6889,43.95],[11.6926,43.9532],[11.6888,43.959],[11.6834,43.9601],[11.6711,43.9668],[11.6676,43.972],[11.6621,43.9746],[11.6548,43.9746],[11.6502,43.9796],[11.646,43.9907],[11.653,43.9996],[11.6635,44.0051],[11.6563,44.017],[11.6606,44.0197],[11.6705,44.0217],[11.6819,44.0212],[11.6866,44.03],[11.6949,44.0354],[11.6973,44.0504],[11.7094,44.0665],[11.7345,44.0855],[11.736,44.0924],[11.74,44.0993],[11.7488,44.1042],[11.7488,44.1099],[11.753,44.1205],[11.7442,44.126],[11.7315,44.1243],[11.7204,44.1207],[11.7159,44.1225],[11.7059,44.1203],[11.6896,44.1225],[11.6781,44.1222],[11.674,44.1133],[11.6538,44.1025],[11.645,44.1038],[11.6377,44.1116],[11.6225,44.1171],[11.6091,44.1191],[11.5976,44.1168],[11.5846,44.1122],[11.5841,44.1168],[11.5886,44.1243],[11.5972,44.1251],[11.6062,44.1387],[11.6159,44.1425],[11.6177,44.1461],[11.6154,44.1583],[11.6107,44.16],[11.6037,44.1577],[11.5901,44.1624],[11.573,44.1609],[11.568,44.1667],[11.5525,44.1654],[11.552,44.1584],[11.5448,44.1526],[11.529,44.1583],[11.525,44.1577],[11.524,44.1563],[11.5154,44.158],[11.5164,44.1614],[11.5059,44.1635],[11.4874,44.1753],[11.4874,44.1794],[11.4803,44.1838],[11.4676,44.1859],[11.4476,44.1994],[11.4468,44.2039],[11.4523,44.2096],[11.4513,44.2206],[11.426,44.235],[11.421,44.2393],[11.4185,44.2353],[11.3984,44.2227],[11.3892,44.2124],[11.3871,44.2049],[11.3806,44.1999],[11.3728,44.2001],[11.3628,44.204],[11.3428,44.2057],[11.3248,44.1951],[11.3227,44.1823],[11.3119,44.1737],[11.296,44.1715],[11.2982,44.168],[11.2807,44.1553],[11.2714,44.1592],[11.2346,44.1584],[11.227,44.1536],[11.214,44.1501],[11.2002,44.1523],[11.1957,44.1513],[11.1959,44.1435],[11.2183,44.1294],[11.2301,44.1261],[11.241,44.1217],[11.2508,44.1158],[11.2603,44.1158],[11.2638,44.1043],[11.2529,44.1044],[11.248,44.0976],[11.2411,44.0977],[11.2353,44.1013],[11.2285,44.1024],[11.2147,44.0988],[11.2024,44.1007],[11.1924,44.1051],[11.1709,44.1075],[11.1591,44.1125],[11.1426,44.1104],[11.14,44.108],[11.1276,44.1097],[11.1246,44.1073],[11.0932,44.0945],[11.0894,44.0899],[11.0749,44.0921],[11.0543,44.0915],[11.0494,44.0902],[11.0471,44.095],[11.0323,44.096],[11.024,44.0974],[11.002,44.111],[11.0047,44.1214],[11.015,44.1251],[11.0145,44.1371],[11.0068,44.1386],[10.9962,44.1362],[10.995,44.1309],[10.9787,44.1217],[10.9684,44.1138],[10.9705,44.1105],[10.9669,44.1033],[10.9521,44.0885],[10.9426,44.0806],[10.9268,44.0755],[10.9178,44.0627],[10.9018,44.064],[10.8992,44.0664],[10.9056,44.0787],[10.9028,44.0861],[10.892,44.0924],[10.8787,44.0986],[10.8699,44.0999],[10.8567,44.0991],[10.8487,44.0981],[10.8429,44.1096],[10.8298,44.1169],[10.8191,44.1125],[10.8146,44.1161],[10.8031,44.1193],[10.7973,44.1271],[10.7837,44.1295],[10.7734,44.1347],[10.7662,44.1408],[10.7605,44.1502],[10.7542,44.1541],[10.7439,44.1562],[10.7264,44.1564],[10.7173,44.1556],[10.7124,44.1572],[10.7015,44.1554],[10.694,44.1577],[10.6802,44.1567],[10.6615,44.1538],[10.6479,44.1556],[10.6412,44.1598],[10.6361,44.1541],[10.6337,44.1464],[10.6238,44.1413],[10.6239,44.1203],[10.6099,44.1186],[10.6051,44.1147],[10.5931,44.1153],[10.5836,44.1202],[10.5805,44.1294],[10.5775,44.132],[10.5439,44.1496],[10.5322,44.1551],[10.5249,44.1571],[10.5197,44.1672],[10.5229,44.1748],[10.5099,44.187],[10.5064,44.1877],[10.4903,44.1965],[10.4851,44.2045],[10.493,44.217],[10.4828,44.2232],[10.4702,44.2261],[10.465,44.2311],[10.4432,44.2288],[10.4357,44.2263],[10.4304,44.2275],[10.4141,44.2358],[10.4074,44.2493],[10.4013,44.2513],[10.3716,44.2694],[10.361,44.2713],[10.3483,44.2691],[10.3429,44.2697],[10.3265,44.275],[10.3191,44.2756],[10.3081,44.2841],[10.2966,44.2855],[10.2814,44.2799],[10.2696,44.2733],[10.2538,44.2686],[10.2362,44.2828],[10.2292,44.2968],[10.218,44.3047],[10.2087,44.302],[10.2034,44.3103],[10.1952,44.3159],[10.1896,44.3143],[10.1843,44.3216],[10.1753,44.3276],[10.168,44.3299],[10.1636,44.3357],[10.161,44.3441],[10.142,44.3539],[10.1199,44.3534],[10.1016,44.3484],[10.0949,44.3483],[10.0921,44.3524],[10.0781,44.3567],[10.0654,44.3641],[10.0625,44.3682],[10.0533,44.373],[10.0458,44.3734],[10.0347,44.3798],[10.0217,44.3829],[10.0165,44.3869],[10.01,44.3891],[9.9967,44.3971],[9.9892,44.4043],[9.9939,44.4137],[10.0022,44.4211],[10.007,44.4317],[10.001,44.4433],[9.9929,44.4455],[9.9806,44.445],[9.9714,44.4522],[9.9713,44.4633],[9.954,44.4685],[9.931,44.4717],[9.922,44.4723],[9.9092,44.468],[9.9,44.4727],[9.8927,44.4702],[9.8732,44.4694],[9.8624,44.4714],[9.8278,44.4682],[9.82,44.4664],[9.8162,44.4622],[9.8168,44.4521],[9.8103,44.451],[9.7904,44.437],[9.7812,44.425],[9.7631,44.4081],[9.7573,44.4072],[9.7528,44.4008],[9.7553,44.3925],[9.7604,44.3901],[9.7439,44.3895],[9.7444,44.3814],[9.7321,44.3793],[9.7168,44.3832],[9.69,44.369],[9.6867,44.366],[9.6751,44.3648],[9.6714,44.3711],[9.6669,44.3848],[9.6631,44.4006],[9.6552,44.4116],[9.6438,44.4117],[9.6361,44.4139],[9.6235,44.4217],[9.613,44.4258],[9.6067,44.4314],[9.6055,44.4357],[9.5982,44.4367],[9.5932,44.4321],[9.5835,44.4271],[9.5779,44.4336],[9.5592,44.4381],[9.5519,44.4336],[9.5512,44.428],[9.5403,44.4254],[9.5341,44.4293],[9.4938,44.4239],[9.4838,44.4186],[9.479,44.4093],[9.4722,44.4165],[9.4725,44.4243],[9.4657,44.4245],[9.4429,44.4166],[9.4384,44.4186],[9.4389,44.4278],[9.4451,44.4375],[9.4582,44.4422],[9.4604,44.4566],[9.4702,44.4733],[9.4697,44.4769],[9.4689,44.4818],[9.476,44.482],[9.4823,44.4793],[9.4968,44.4827],[9.4947,44.4974],[9.4955,44.5031],[9.5022,44.5127],[9.5046,44.53],[9.4973,44.5406],[9.4882,44.5455],[9.4933,44.5559],[9.4907,44.559],[9.4765,44.5652],[9.4407,44.5666],[9.4281,44.5745],[9.4231,44.5745],[9.4188,44.5851],[9.4213,44.5927],[9.4056,44.6007],[9.4031,44.5916],[9.3988,44.5876],[9.3893,44.5903],[9.381,44.5768],[9.3659,44.5846],[9.3554,44.5845],[9.3461,44.5788],[9.3401,44.5786],[9.3279,44.589],[9.3124,44.5968],[9.3094,44.5963],[9.3048,44.6051],[9.2975,44.6067],[9.2873,44.6073],[9.2852,44.5989],[9.2815,44.5964],[9.2722,44.5959],[9.2455,44.6011],[9.2564,44.6102],[9.2544,44.6138],[9.2455,44.6197],[9.2314,44.6188],[9.2051,44.6153],[9.2029,44.6135],[9.2005,44.6154],[9.198,44.6499],[9.2036,44.6538],[9.2064,44.6602],[9.2054,44.6671],[9.2019,44.6717],[9.1995,44.6786],[9.2001,44.6861],[9.2003,44.6864]],[[12.1765,43.8105],[12.1699,43.8045],[12.1729,43.7957],[12.1845,43.7808],[12.1862,43.7742],[12.1993,43.7704],[12.2006,43.7747],[12.2143,43.7835],[12.2373,43.787],[12.2381,43.8004],[12.2334,43.8065],[12.2243,43.8099],[12.218,43.8029],[12.2096,43.8051],[12.1853,43.8064],[12.1765,43.8105]]]}},{"type":"Feature","properties":{"id":"toscana","n":"Toscana","macro":"centro","mn":"Centro","pop":3660834,"nc":273,"nrd":273,"rd":68.75,"co":297.74,"kru":589.99,"kin":186.29,"drd":2.32,"km2":22993.6,"dens":159.2},"geometry":{"type":"MultiPolygon","coordinates":[[[[10.0187,44.0444],[10.0267,44.0566],[10.0287,44.0591],[10.0445,44.0705],[10.049,44.0719],[10.0661,44.0863],[10.0709,44.0931],[10.0693,44.0979],[10.0571,44.1089],[10.0511,44.1102],[10.0475,44.1151],[10.0461,44.1155],[10.0245,44.1193],[10.0179,44.1192],[10.0022,44.1076],[9.9932,44.0926],[9.9834,44.0988],[9.9839,44.1013],[9.9941,44.1058],[9.9954,44.1172],[9.9836,44.1248],[9.9764,44.1395],[9.9792,44.1461],[9.9764,44.1517],[9.9791,44.161],[9.9758,44.1641],[9.9664,44.1695],[9.9591,44.1669],[9.9363,44.168],[9.9282,44.1662],[9.9202,44.1698],[9.9065,44.1672],[9.8979,44.1636],[9.8924,44.1681],[9.9105,44.1802],[9.9282,44.1957],[9.934,44.1967],[9.9263,44.1996],[9.9145,44.1995],[9.91,44.203],[9.9085,44.2097],[9.8972,44.21],[9.8912,44.2078],[9.8877,44.204],[9.8744,44.1953],[9.8701,44.1855],[9.8651,44.1807],[9.8576,44.1936],[9.8697,44.2167],[9.8752,44.224],[9.8636,44.2281],[9.8571,44.234],[9.8601,44.2395],[9.8613,44.2508],[9.8563,44.2573],[9.8544,44.2681],[9.8516,44.2708],[9.8395,44.2722],[9.8353,44.2789],[9.8218,44.2814],[9.8148,44.2862],[9.8057,44.2828],[9.7839,44.2968],[9.7716,44.301],[9.7641,44.3056],[9.7639,44.3094],[9.7583,44.3184],[9.7531,44.3227],[9.7424,44.3271],[9.7295,44.3283],[9.724,44.338],[9.7173,44.3554],[9.7112,44.3636],[9.7063,44.3663],[9.6867,44.366],[9.69,44.369],[9.7168,44.3832],[9.7321,44.3793],[9.7444,44.3814],[9.7439,44.3895],[9.7604,44.3901],[9.7553,44.3925],[9.7528,44.4008],[9.7573,44.4072],[9.7631,44.4081],[9.7812,44.425],[9.7904,44.437],[9.8103,44.451],[9.8168,44.4521],[9.8162,44.4622],[9.82,44.4664],[9.8278,44.4682],[9.8624,44.4714],[9.8732,44.4694],[9.8927,44.4702],[9.9,44.4727],[9.9092,44.468],[9.922,44.4723],[9.931,44.4717],[9.954,44.4685],[9.9713,44.4633],[9.9714,44.4522],[9.9806,44.445],[9.9929,44.4455],[10.001,44.4433],[10.007,44.4317],[10.0022,44.4211],[9.9939,44.4137],[9.9892,44.4043],[9.9967,44.3971],[10.01,44.3891],[10.0165,44.3869],[10.0217,44.3829],[10.0347,44.3798],[10.0458,44.3734],[10.0533,44.373],[10.0625,44.3682],[10.0654,44.3641],[10.0781,44.3567],[10.0921,44.3524],[10.0949,44.3483],[10.1016,44.3484],[10.1199,44.3534],[10.142,44.3539],[10.161,44.3441],[10.1636,44.3357],[10.168,44.3299],[10.1753,44.3276],[10.1843,44.3216],[10.1896,44.3143],[10.1952,44.3159],[10.2034,44.3103],[10.2087,44.302],[10.218,44.3047],[10.2292,44.2968],[10.2362,44.2828],[10.2538,44.2686],[10.2696,44.2733],[10.2814,44.2799],[10.2966,44.2855],[10.3081,44.2841],[10.3191,44.2756],[10.3265,44.275],[10.3429,44.2697],[10.3483,44.2691],[10.361,44.2713],[10.3716,44.2694],[10.4013,44.2513],[10.4074,44.2493],[10.4141,44.2358],[10.4304,44.2275],[10.4357,44.2263],[10.4432,44.2288],[10.465,44.2311],[10.4702,44.2261],[10.4828,44.2232],[10.493,44.217],[10.4851,44.2045],[10.4903,44.1965],[10.5064,44.1877],[10.5099,44.187],[10.5229,44.1748],[10.5197,44.1672],[10.5249,44.1571],[10.5322,44.1551],[10.5439,44.1496],[10.5775,44.132],[10.5805,44.1294],[10.5836,44.1202],[10.5931,44.1153],[10.6051,44.1147],[10.6099,44.1186],[10.6239,44.1203],[10.6238,44.1413],[10.6337,44.1464],[10.6361,44.1541],[10.6412,44.1598],[10.6479,44.1556],[10.6615,44.1538],[10.6802,44.1567],[10.694,44.1577],[10.7015,44.1554],[10.7124,44.1572],[10.7173,44.1556],[10.7264,44.1564],[10.7439,44.1562],[10.7542,44.1541],[10.7605,44.1502],[10.7662,44.1408],[10.7734,44.1347],[10.7837,44.1295],[10.7973,44.1271],[10.8031,44.1193],[10.8146,44.1161],[10.8191,44.1125],[10.8298,44.1169],[10.8429,44.1096],[10.8487,44.0981],[10.8567,44.0991],[10.8699,44.0999],[10.8787,44.0986],[10.892,44.0924],[10.9028,44.0861],[10.9056,44.0787],[10.8992,44.0664],[10.9018,44.064],[10.9178,44.0627],[10.9268,44.0755],[10.9426,44.0806],[10.9521,44.0885],[10.9669,44.1033],[10.9705,44.1105],[10.9684,44.1138],[10.9787,44.1217],[10.995,44.1309],[10.9962,44.1362],[11.0068,44.1386],[11.0145,44.1371],[11.015,44.1251],[11.0047,44.1214],[11.002,44.111],[11.024,44.0974],[11.0323,44.096],[11.0471,44.095],[11.0494,44.0902],[11.0543,44.0915],[11.0749,44.0921],[11.0894,44.0899],[11.0932,44.0945],[11.1246,44.1073],[11.1276,44.1097],[11.14,44.108],[11.1426,44.1104],[11.1591,44.1125],[11.1709,44.1075],[11.1924,44.1051],[11.2024,44.1007],[11.2147,44.0988],[11.2285,44.1024],[11.2353,44.1013],[11.2411,44.0977],[11.248,44.0976],[11.2529,44.1044],[11.2638,44.1043],[11.2603,44.1158],[11.2508,44.1158],[11.241,44.1217],[11.2301,44.1261],[11.2183,44.1294],[11.1959,44.1435],[11.1957,44.1513],[11.2002,44.1523],[11.214,44.1501],[11.227,44.1536],[11.2346,44.1584],[11.2714,44.1592],[11.2807,44.1553],[11.2982,44.168],[11.296,44.1715],[11.3119,44.1737],[11.3227,44.1823],[11.3248,44.1951],[11.3428,44.2057],[11.3628,44.204],[11.3728,44.2001],[11.3806,44.1999],[11.3871,44.2049],[11.3892,44.2124],[11.3984,44.2227],[11.4185,44.2353],[11.421,44.2393],[11.426,44.235],[11.4513,44.2206],[11.4523,44.2096],[11.4468,44.2039],[11.4476,44.1994],[11.4676,44.1859],[11.4803,44.1838],[11.4874,44.1794],[11.4874,44.1753],[11.5059,44.1635],[11.5164,44.1614],[11.5154,44.158],[11.524,44.1563],[11.525,44.1577],[11.529,44.1583],[11.5448,44.1526],[11.552,44.1584],[11.5525,44.1654],[11.568,44.1667],[11.573,44.1609],[11.5901,44.1624],[11.6037,44.1577],[11.6107,44.16],[11.6154,44.1583],[11.6177,44.1461],[11.6159,44.1425],[11.6062,44.1387],[11.5972,44.1251],[11.5886,44.1243],[11.5841,44.1168],[11.5846,44.1122],[11.5976,44.1168],[11.6091,44.1191],[11.6225,44.1171],[11.6377,44.1116],[11.645,44.1038],[11.6538,44.1025],[11.674,44.1133],[11.6781,44.1222],[11.6896,44.1225],[11.7059,44.1203],[11.7159,44.1225],[11.7204,44.1207],[11.7315,44.1243],[11.7442,44.126],[11.753,44.1205],[11.7488,44.1099],[11.7488,44.1042],[11.74,44.0993],[11.736,44.0924],[11.7345,44.0855],[11.7094,44.0665],[11.6973,44.0504],[11.6949,44.0354],[11.6866,44.03],[11.6819,44.0212],[11.6705,44.0217],[11.6606,44.0197],[11.6563,44.017],[11.6635,44.0051],[11.653,43.9996],[11.646,43.9907],[11.6502,43.9796],[11.6548,43.9746],[11.6621,43.9746],[11.6676,43.972],[11.6711,43.9668],[11.6834,43.9601],[11.6888,43.959],[11.6926,43.9532],[11.6889,43.95],[11.6824,43.9383],[11.6841,43.9351],[11.6966,43.9279],[11.7026,43.9283],[11.7171,43.9217],[11.7156,43.9032],[11.7141,43.8986],[11.7106,43.8939],[11.7092,43.8845],[11.7102,43.8774],[11.7219,43.8744],[11.7324,43.8631],[11.7573,43.8568],[11.7845,43.8476],[11.7885,43.8451],[11.7926,43.8403],[11.8071,43.829],[11.8246,43.8154],[11.8417,43.808],[11.842,43.808],[11.8509,43.8113],[11.856,43.8159],[11.8675,43.8169],[11.8761,43.8105],[11.8965,43.8077],[11.9098,43.8127],[11.9134,43.8066],[11.9131,43.7989],[11.9187,43.7937],[11.9286,43.7941],[11.9472,43.7909],[11.951,43.787],[11.951,43.7789],[11.9534,43.7761],[11.9742,43.7681],[11.9866,43.7619],[12.0064,43.7665],[12.0103,43.7634],[12.0204,43.7606],[12.0286,43.7615],[12.0366,43.7573],[12.053,43.757],[12.0615,43.753],[12.0645,43.7429],[12.077,43.7407],[12.0882,43.7474],[12.1075,43.7537],[12.1236,43.7491],[12.1421,43.7526],[12.1526,43.7587],[12.164,43.7623],[12.1712,43.7516],[12.1783,43.745],[12.1848,43.7419],[12.1947,43.7319],[12.2006,43.7413],[12.1977,43.7449],[12.2073,43.7489],[12.2093,43.7571],[12.2281,43.7596],[12.2413,43.7542],[12.2441,43.751],[12.2531,43.7526],[12.2504,43.7563],[12.2566,43.7607],[12.278,43.7649],[12.2839,43.7649],[12.3,43.757],[12.3073,43.7563],[12.3178,43.7553],[12.3271,43.751],[12.3344,43.7399],[12.3388,43.7362],[12.3681,43.7151],[12.3712,43.709],[12.3679,43.7058],[12.3574,43.7021],[12.3451,43.71],[12.3331,43.7075],[12.3301,43.707],[12.3296,43.6986],[12.3336,43.6812],[12.3363,43.6781],[12.3308,43.6736],[12.327,43.6759],[12.3158,43.678],[12.3206,43.6882],[12.3208,43.6946],[12.314,43.7008],[12.315,43.7075],[12.3141,43.7204],[12.3096,43.7301],[12.3048,43.7279],[12.301,43.7199],[12.3055,43.7131],[12.3045,43.7031],[12.3058,43.698],[12.2972,43.686],[12.2735,43.676],[12.2627,43.6797],[12.2451,43.6814],[12.2512,43.6725],[12.2482,43.6674],[12.2326,43.6556],[12.2201,43.6507],[12.2111,43.6498],[12.2038,43.6518],[12.1855,43.6418],[12.1853,43.6411],[12.1897,43.6329],[12.2038,43.6264],[12.21,43.621],[12.214,43.6108],[12.2031,43.6062],[12.196,43.5991],[12.197,43.5944],[12.1935,43.5879],[12.1845,43.584],[12.1787,43.575],[12.1627,43.5614],[12.1582,43.5483],[12.1594,43.546],[12.1534,43.529],[12.1532,43.5287],[12.1421,43.5358],[12.1181,43.5301],[12.1026,43.53],[12.0958,43.5231],[12.091,43.5112],[12.0911,43.5077],[12.0951,43.4992],[12.1083,43.4957],[12.1186,43.4884],[12.1311,43.4826],[12.1406,43.4825],[12.1442,43.4798],[12.1447,43.4795],[12.1412,43.4689],[12.1239,43.467],[12.104,43.4605],[12.0996,43.4543],[12.1,43.4477],[12.0875,43.4379],[12.0803,43.4338],[12.0758,43.4341],[12.0605,43.4383],[12.0537,43.435],[12.0512,43.4302],[12.0336,43.4245],[12.0251,43.4156],[12.0266,43.4102],[12.0329,43.4003],[12.0522,43.3983],[12.0708,43.405],[12.0737,43.4038],[12.0778,43.3987],[12.073,43.3875],[12.073,43.3704],[12.0775,43.3655],[12.0935,43.3664],[12.101,43.3726],[12.1113,43.3691],[12.1188,43.3643],[12.1308,43.3505],[12.1356,43.3417],[12.1364,43.3318],[12.1339,43.316],[12.1261,43.3054],[12.1326,43.2931],[12.1496,43.2863],[12.1647,43.2823],[12.1772,43.282],[12.1852,43.2944],[12.1832,43.3008],[12.1938,43.3131],[12.2021,43.3095],[12.2058,43.3048],[12.2236,43.2962],[12.2101,43.2827],[12.2071,43.2816],[12.1863,43.2739],[12.1772,43.2738],[12.1665,43.2687],[12.1486,43.2546],[12.1389,43.2529],[12.1218,43.2551],[12.1126,43.251],[12.1085,43.2455],[12.095,43.2373],[12.086,43.2364],[12.0747,43.2442],[12.0585,43.2471],[12.0489,43.2532],[12.0339,43.2467],[12.0396,43.2291],[12.0352,43.2211],[12.0362,43.2159],[12.0271,43.2025],[12.0289,43.1967],[12.0274,43.1916],[12.0198,43.1851],[12.0064,43.1806],[11.9875,43.1805],[11.9767,43.1752],[11.9702,43.1692],[11.9612,43.1669],[11.9465,43.1619],[11.9287,43.1527],[11.9241,43.1479],[11.9204,43.1316],[11.9123,43.1284],[11.9209,43.1176],[11.9304,43.0943],[11.9301,43.0881],[11.9234,43.0793],[11.9237,43.0752],[11.9321,43.0678],[11.9364,43.0556],[11.9409,43.053],[11.9482,43.0556],[11.9499,43.0637],[11.9565,43.0687],[11.9725,43.064],[11.9808,43.0563],[11.9825,43.0509],[11.98,43.0445],[11.9723,43.0353],[11.972,43.0223],[11.9682,43.0155],[11.9618,43.0009],[11.9594,42.9914],[11.954,42.9786],[11.9494,42.9766],[11.9505,42.9703],[11.9487,42.962],[11.9529,42.9548],[11.9514,42.948],[11.9425,42.9382],[11.9386,42.9282],[11.9327,42.9084],[11.9379,42.9031],[11.952,42.9011],[11.9565,42.8939],[11.9589,42.8917],[11.9585,42.8743],[11.9574,42.8702],[11.943,42.8718],[11.9334,42.8694],[11.9261,42.8672],[11.9207,42.8571],[11.9118,42.8496],[11.892,42.843],[11.895,42.8347],[11.8855,42.8355],[11.8668,42.8353],[11.8505,42.8388],[11.8449,42.8341],[11.8321,42.8268],[11.8242,42.8266],[11.8154,42.8237],[11.8149,42.8154],[11.8109,42.807],[11.8114,42.7992],[11.8068,42.7948],[11.8029,42.801],[11.7933,42.8112],[11.7865,42.8163],[11.7758,42.8206],[11.7685,42.8199],[11.7685,42.8154],[11.7593,42.8091],[11.7533,42.8023],[11.75,42.7905],[11.746,42.7859],[11.762,42.7797],[11.7738,42.7687],[11.7795,42.7581],[11.7906,42.7556],[11.8066,42.7537],[11.8117,42.7509],[11.8134,42.7459],[11.8187,42.7458],[11.8093,42.7338],[11.8084,42.7302],[11.8048,42.7166],[11.8006,42.7086],[11.7971,42.7065],[11.7841,42.707],[11.7811,42.7053],[11.7863,42.6895],[11.7838,42.6814],[11.7846,42.6714],[11.8004,42.6686],[11.8084,42.6597],[11.8093,42.6529],[11.8048,42.6441],[11.7966,42.6436],[11.7866,42.6393],[11.781,42.6347],[11.7665,42.6376],[11.7515,42.639],[11.7498,42.6375],[11.7518,42.6256],[11.749,42.6213],[11.7385,42.6133],[11.7364,42.6071],[11.727,42.6066],[11.7241,42.6108],[11.7117,42.611],[11.7003,42.601],[11.6923,42.5998],[11.6801,42.5953],[11.6859,42.5848],[11.6748,42.5784],[11.666,42.5763],[11.6572,42.5771],[11.654,42.5723],[11.6435,42.5663],[11.6364,42.5648],[11.63,42.5695],[11.625,42.5691],[11.6162,42.56],[11.6086,42.5633],[11.6082,42.5662],[11.6009,42.5698],[11.5886,42.571],[11.5784,42.5662],[11.5824,42.5462],[11.5843,42.5427],[11.5686,42.5335],[11.5635,42.5247],[11.5613,42.5173],[11.5675,42.5098],[11.5739,42.5109],[11.5861,42.5055],[11.5952,42.4957],[11.6099,42.4923],[11.6169,42.4875],[11.6161,42.4844],[11.6199,42.4758],[11.6175,42.4681],[11.6162,42.4549],[11.6192,42.4408],[11.6177,42.4361],[11.6012,42.4361],[11.5566,42.4389],[11.5435,42.4421],[11.5217,42.4342],[11.5165,42.4336],[11.4994,42.4392],[11.4889,42.4394],[11.4811,42.4336],[11.4819,42.4198],[11.4764,42.4135],[11.4566,42.4008],[11.4498,42.394],[11.455,42.3885],[11.4521,42.3823],[11.45,42.3776],[11.423,42.3854],[11.3829,42.395],[11.3505,42.401],[11.3157,42.4056],[11.2939,42.4082],[11.2899,42.4051],[11.2794,42.4096],[11.2791,42.4159],[11.2729,42.4187],[11.2618,42.4198],[11.2435,42.4185],[11.2296,42.4159],[11.2135,42.411],[11.21,42.4087],[11.2064,42.4048],[11.2095,42.4004],[11.2135,42.3892],[11.2125,42.3873],[11.1997,42.3818],[11.1922,42.3799],[11.1882,42.372],[11.19,42.3637],[11.1827,42.3625],[11.1766,42.3684],[11.1657,42.368],[11.1568,42.3617],[11.1528,42.3614],[11.1501,42.3711],[11.1424,42.3773],[11.1266,42.3863],[11.1167,42.3904],[11.1097,42.3891],[11.098,42.3932],[11.0897,42.4082],[11.0897,42.4257],[11.0974,42.4327],[11.0977,42.44],[11.105,42.4476],[11.1122,42.4471],[11.1223,42.4347],[11.1321,42.439],[11.138,42.4347],[11.1568,42.4341],[11.1661,42.4377],[11.1776,42.4508],[11.1826,42.46],[11.1897,42.4814],[11.1922,42.5008],[11.1905,42.5174],[11.1834,42.5315],[11.1761,42.5421],[11.1581,42.5621],[11.1501,42.5636],[11.1391,42.5609],[11.1328,42.553],[11.1172,42.5658],[11.107,42.5852],[11.1048,42.5967],[11.0979,42.6061],[11.0917,42.6062],[11.0849,42.6104],[11.0817,42.6156],[11.0885,42.618],[11.0839,42.6279],[11.0626,42.6391],[11.0153,42.6555],[11.01,42.6592],[11.0043,42.6716],[11.0042,42.6762],[10.9928,42.6978],[10.9827,42.7131],[10.9735,42.7225],[10.9516,42.7368],[10.9346,42.7449],[10.9118,42.7535],[10.8715,42.7638],[10.8462,42.7691],[10.8098,42.7749],[10.795,42.7767],[10.791,42.7742],[10.7845,42.7757],[10.7417,42.7993],[10.7334,42.8035],[10.7555,42.8075],[10.7629,42.8129],[10.7727,42.8309],[10.776,42.8437],[10.7739,42.8584],[10.769,42.8616],[10.7695,42.8696],[10.7807,42.8836],[10.7867,42.8882],[10.785,42.8944],[10.772,42.9104],[10.7555,42.921],[10.7434,42.9273],[10.7123,42.94],[10.7063,42.942],[10.6797,42.9492],[10.6451,42.9533],[10.6184,42.9544],[10.5938,42.9544],[10.5635,42.9515],[10.5569,42.9458],[10.5525,42.9389],[10.542,42.9315],[10.5467,42.9286],[10.5452,42.9217],[10.5351,42.92],[10.5211,42.9226],[10.5164,42.9287],[10.5093,42.9329],[10.4954,42.9315],[10.4991,42.9359],[10.4969,42.9412],[10.4895,42.9523],[10.484,42.9672],[10.4878,42.9766],[10.4828,42.9839],[10.483,42.9883],[10.4948,42.9951],[10.5061,42.9903],[10.5116,42.9932],[10.5156,43.0026],[10.5101,43.007],[10.5109,43.0129],[10.5167,43.0155],[10.5219,43.0204],[10.5316,43.0525],[10.5369,43.086],[10.539,43.1136],[10.5399,43.1341],[10.5385,43.1683],[10.5346,43.1999],[10.5282,43.2317],[10.5216,43.2514],[10.5113,43.2734],[10.5016,43.2909],[10.4783,43.3093],[10.4628,43.3191],[10.4552,43.3285],[10.456,43.3372],[10.4548,43.3447],[10.4464,43.3552],[10.4372,43.3775],[10.4251,43.3984],[10.4199,43.4025],[10.4068,43.4089],[10.3948,43.4282],[10.3874,43.4343],[10.3813,43.4501],[10.3745,43.451],[10.366,43.4579],[10.3547,43.4639],[10.3412,43.4653],[10.3304,43.4738],[10.3317,43.4838],[10.3207,43.4994],[10.3191,43.5103],[10.3111,43.5224],[10.2999,43.5338],[10.2956,43.5414],[10.3042,43.549],[10.2941,43.5523],[10.3032,43.5637],[10.2966,43.5622],[10.2956,43.5687],[10.3011,43.5728],[10.2989,43.5814],[10.2956,43.5851],[10.2923,43.5944],[10.2874,43.6202],[10.2856,43.6422],[10.2804,43.6581],[10.2726,43.6719],[10.2824,43.6864],[10.2824,43.6923],[10.2766,43.7192],[10.2788,43.7229],[10.2776,43.7376],[10.2736,43.7516],[10.2733,43.7587],[10.266,43.785],[10.2635,43.7993],[10.2593,43.8157],[10.2533,43.8259],[10.2423,43.8491],[10.2423,43.8641],[10.2382,43.8729],[10.2274,43.8878],[10.2096,43.9106],[10.2006,43.9217],[10.1806,43.9428],[10.1641,43.9581],[10.1432,43.9756],[10.1375,43.9805],[10.1357,43.981],[10.113,43.9982],[10.0886,44.0141],[10.0641,44.0282],[10.0603,44.0294],[10.0505,44.0311],[10.0263,44.0405],[10.0187,44.0444]]],[[[10.0984,42.5889],[10.1002,42.5749],[10.0877,42.5678],[10.0818,42.571],[10.0676,42.5729],[10.0521,42.5739],[10.0456,42.5812],[10.0461,42.5858],[10.0541,42.5898],[10.0668,42.5874],[10.0743,42.5912],[10.0814,42.6013],[10.0829,42.608],[10.0791,42.6176],[10.0891,42.6147],[10.0861,42.6099],[10.0866,42.6033],[10.0932,42.5921],[10.0984,42.5889]]],[[[10.2653,42.7448],[10.2562,42.744],[10.2457,42.7482],[10.2377,42.7479],[10.2347,42.7368],[10.2408,42.733],[10.2367,42.7261],[10.2137,42.7306],[10.2079,42.7333],[10.1881,42.7362],[10.1758,42.7348],[10.1515,42.7306],[10.139,42.7326],[10.1224,42.7418],[10.1184,42.7472],[10.113,42.7578],[10.1056,42.7625],[10.1037,42.7676],[10.1032,42.7866],[10.1094,42.7946],[10.113,42.7956],[10.1398,42.8093],[10.1413,42.8072],[10.1668,42.8083],[10.1698,42.8062],[10.1789,42.8078],[10.1794,42.8111],[10.1894,42.81],[10.1984,42.8059],[10.2056,42.8072],[10.2195,42.7931],[10.2287,42.7893],[10.2412,42.7874],[10.247,42.7895],[10.2493,42.7933],[10.2475,42.7989],[10.2572,42.801],[10.2613,42.7978],[10.2695,42.8035],[10.2753,42.8174],[10.27,42.8242],[10.2635,42.8245],[10.2623,42.8298],[10.2778,42.8228],[10.2954,42.8187],[10.3162,42.82],[10.3319,42.8177],[10.3151,42.8096],[10.3174,42.8046],[10.3397,42.7968],[10.3457,42.7965],[10.3575,42.7993],[10.3613,42.8034],[10.3582,42.8085],[10.3628,42.8105],[10.3583,42.8129],[10.3602,42.8179],[10.368,42.8175],[10.3793,42.8275],[10.3906,42.8436],[10.3901,42.8507],[10.4078,42.8714],[10.4136,42.8729],[10.4212,42.8599],[10.4345,42.8542],[10.444,42.8468],[10.4322,42.8265],[10.4287,42.8164],[10.4294,42.8075],[10.4342,42.8029],[10.4315,42.7902],[10.435,42.7813],[10.4339,42.7751],[10.4204,42.7727],[10.4142,42.7674],[10.4058,42.7634],[10.3951,42.7633],[10.3861,42.7603],[10.3874,42.7581],[10.4016,42.7576],[10.4081,42.7521],[10.4066,42.7472],[10.4111,42.7438],[10.4239,42.74],[10.4329,42.7348],[10.4352,42.7207],[10.4317,42.7126],[10.4242,42.7084],[10.4194,42.708],[10.4134,42.7156],[10.4089,42.7162],[10.3989,42.7132],[10.3848,42.714],[10.3771,42.7193],[10.3751,42.7285],[10.3603,42.746],[10.3568,42.7521],[10.3582,42.7582],[10.3447,42.7639],[10.3221,42.762],[10.3181,42.7592],[10.3252,42.7461],[10.3217,42.7369],[10.3164,42.7387],[10.3141,42.7444],[10.3127,42.7572],[10.3099,42.7593],[10.2996,42.7595],[10.2919,42.7541],[10.2888,42.746],[10.2899,42.7387],[10.2829,42.7348],[10.272,42.7378],[10.2653,42.7448]]],[[[9.8355,43.0491],[9.8448,43.0495],[9.8476,43.0452],[9.8418,43.0299],[9.8195,43.0129],[9.8172,43.0067],[9.81,43.0023],[9.801,43.007],[9.7914,43.0228],[9.796,43.0259],[9.7994,43.0353],[9.8029,43.0502],[9.8,43.0537],[9.8142,43.0619],[9.8257,43.0728],[9.8366,43.0654],[9.834,43.0586],[9.8355,43.0491]]],[[[9.9015,43.4395],[9.9085,43.4351],[9.9077,43.4258],[9.9005,43.4201],[9.8897,43.423],[9.8891,43.4282],[9.8925,43.4363],[9.9015,43.4358],[9.9015,43.4395]]],[[[10.33,42.3222],[10.3156,42.3141],[10.2974,42.3156],[10.2938,42.3173],[10.2891,42.3264],[10.2889,42.3352],[10.2926,42.3442],[10.3001,42.3507],[10.3131,42.3509],[10.3274,42.3427],[10.33,42.3222]]],[[[12.1765,43.8105],[12.1853,43.8064],[12.2096,43.8051],[12.218,43.8029],[12.2243,43.8099],[12.2334,43.8065],[12.2381,43.8004],[12.2373,43.787],[12.2143,43.7835],[12.2006,43.7747],[12.1993,43.7704],[12.1862,43.7742],[12.1845,43.7808],[12.1729,43.7957],[12.1699,43.8045],[12.1765,43.8105]]],[[[11.1148,42.2591],[11.1055,42.2539],[11.1023,42.2469],[11.1115,42.2437],[11.11,42.2382],[11.0984,42.2423],[11.0914,42.2533],[11.095,42.2585],[11.1013,42.2585],[11.109,42.2613],[11.1148,42.2591]]],[[[10.8867,42.3897],[10.9042,42.3833],[10.9078,42.376],[10.9186,42.3648],[10.9248,42.3553],[10.9205,42.3517],[10.9226,42.3438],[10.9311,42.338],[10.9291,42.3255],[10.9211,42.3196],[10.9175,42.3192],[10.8997,42.3304],[10.8862,42.3435],[10.8825,42.3519],[10.867,42.3535],[10.8644,42.3622],[10.8677,42.3689],[10.8747,42.3653],[10.8817,42.3676],[10.884,42.3755],[10.8802,42.3889],[10.8867,42.3897]]]]}},{"type":"Feature","properties":{"id":"umbria","n":"Umbria","macro":"centro","mn":"Centro","pop":851954,"nc":92,"nrd":92,"rd":69.97,"co":264.57,"kru":538.5,"kin":157.32,"drd":1.57,"km2":8457.9,"dens":100.7},"geometry":{"type":"MultiPolygon","coordinates":[[[[13.1585,42.6542],[13.1442,42.6464],[13.1304,42.6593],[13.1162,42.656],[13.1176,42.6501],[13.1096,42.6423],[13.1019,42.638],[13.0786,42.6313],[13.0643,42.6236],[13.0585,42.6228],[13.0367,42.6277],[13.0334,42.6298],[13.031,42.6374],[13.0234,42.6388],[13.0192,42.635],[13.0121,42.6258],[13.0151,42.6216],[13.0112,42.6171],[13.0044,42.6152],[12.9858,42.6157],[12.961,42.619],[12.9533,42.6191],[12.9373,42.6154],[12.9317,42.6036],[12.9187,42.6054],[12.9164,42.6095],[12.9031,42.6123],[12.8962,42.6165],[12.8806,42.6094],[12.8806,42.6077],[12.8801,42.6023],[12.8871,42.5876],[12.8936,42.5795],[12.8927,42.5635],[12.8888,42.5638],[12.8718,42.5612],[12.8635,42.5582],[12.8478,42.5528],[12.843,42.5479],[12.823,42.5374],[12.818,42.533],[12.8092,42.5358],[12.7864,42.5332],[12.7837,42.5338],[12.7733,42.5313],[12.7733,42.5129],[12.7515,42.5113],[12.7456,42.5078],[12.7315,42.5088],[12.711,42.5009],[12.7167,42.4899],[12.7243,42.4825],[12.7332,42.4779],[12.7416,42.4706],[12.7333,42.468],[12.7247,42.4604],[12.7144,42.4603],[12.7105,42.4635],[12.7029,42.4609],[12.7004,42.4569],[12.6907,42.4495],[12.6746,42.4424],[12.6606,42.4414],[12.6498,42.4431],[12.6503,42.4474],[12.6418,42.4539],[12.6393,42.4594],[12.6426,42.4645],[12.6358,42.469],[12.6215,42.4687],[12.614,42.4641],[12.619,42.4611],[12.6195,42.4512],[12.612,42.4363],[12.611,42.428],[12.614,42.425],[12.6143,42.4136],[12.6054,42.4075],[12.606,42.4035],[12.6009,42.4017],[12.5977,42.4008],[12.5751,42.3876],[12.5699,42.3829],[12.5596,42.3818],[12.5489,42.3823],[12.538,42.3743],[12.5311,42.365],[12.5261,42.3643],[12.5188,42.3675],[12.5133,42.3786],[12.5133,42.3937],[12.5182,42.3972],[12.5112,42.4035],[12.5018,42.4023],[12.4947,42.3982],[12.488,42.3987],[12.4812,42.4041],[12.4737,42.4019],[12.4662,42.3948],[12.4596,42.3978],[12.4534,42.3958],[12.4446,42.3988],[12.4563,42.4024],[12.4611,42.4131],[12.4667,42.4195],[12.4672,42.4238],[12.4616,42.4294],[12.4543,42.4269],[12.4501,42.4229],[12.4383,42.4262],[12.4223,42.4215],[12.417,42.4224],[12.4137,42.4282],[12.4191,42.4343],[12.4175,42.441],[12.4113,42.4461],[12.4137,42.4552],[12.4178,42.4584],[12.4246,42.4568],[12.4303,42.4587],[12.4276,42.4654],[12.4123,42.4676],[12.4128,42.4788],[12.4245,42.4839],[12.4278,42.487],[12.4213,42.4926],[12.4103,42.4981],[12.4035,42.5],[12.3902,42.4983],[12.384,42.4891],[12.375,42.4857],[12.374,42.4811],[12.3512,42.4737],[12.3448,42.4849],[12.3351,42.4901],[12.325,42.4949],[12.3165,42.4883],[12.3053,42.4878],[12.2998,42.4875],[12.2913,42.4907],[12.2895,42.4947],[12.2987,42.4948],[12.303,42.4913],[12.3073,42.4973],[12.3005,42.5036],[12.2897,42.5106],[12.2792,42.5065],[12.275,42.5089],[12.2755,42.516],[12.2902,42.519],[12.287,42.5221],[12.2745,42.5239],[12.2672,42.5327],[12.2665,42.5365],[12.2737,42.5365],[12.2785,42.5415],[12.279,42.5488],[12.275,42.56],[12.2664,42.5595],[12.2617,42.56],[12.2388,42.572],[12.2359,42.5833],[12.2401,42.5879],[12.2431,42.598],[12.2476,42.5966],[12.2391,42.6069],[12.2291,42.6104],[12.2361,42.6213],[12.2396,42.6231],[12.2434,42.628],[12.2388,42.6316],[12.2256,42.6356],[12.2269,42.6436],[12.1973,42.6638],[12.189,42.6622],[12.1847,42.6672],[12.1762,42.6727],[12.161,42.6768],[12.1491,42.6654],[12.1471,42.6593],[12.1407,42.6562],[12.1324,42.6617],[12.1263,42.6547],[12.1254,42.6498],[12.1196,42.6498],[12.11,42.6587],[12.1066,42.6647],[12.1013,42.6622],[12.0946,42.6555],[12.0793,42.6555],[12.0737,42.6566],[12.0652,42.6521],[12.048,42.6494],[12.0397,42.6489],[12.0299,42.6433],[12.0299,42.6503],[12.0246,42.6514],[12.0071,42.6624],[11.978,42.6755],[11.951,42.6807],[11.941,42.6837],[11.9489,42.6961],[11.9326,42.7006],[11.9262,42.7047],[11.9336,42.7157],[11.9435,42.7191],[11.949,42.7275],[11.9594,42.7295],[11.9687,42.7346],[11.97,42.7387],[11.9745,42.75],[11.9815,42.7528],[11.9795,42.7645],[11.9665,42.7667],[11.9584,42.7731],[11.9314,42.7784],[11.9246,42.7846],[11.9202,42.7944],[11.9168,42.8077],[11.9079,42.8168],[11.9049,42.8278],[11.895,42.8347],[11.892,42.843],[11.9118,42.8496],[11.9207,42.8571],[11.9261,42.8672],[11.9334,42.8694],[11.943,42.8718],[11.9574,42.8702],[11.9585,42.8743],[11.9589,42.8917],[11.9565,42.8939],[11.952,42.9011],[11.9379,42.9031],[11.9327,42.9084],[11.9386,42.9282],[11.9425,42.9382],[11.9514,42.948],[11.9529,42.9548],[11.9487,42.962],[11.9505,42.9703],[11.9494,42.9766],[11.954,42.9786],[11.9594,42.9914],[11.9618,43.0009],[11.9682,43.0155],[11.972,43.0223],[11.9723,43.0353],[11.98,43.0445],[11.9825,43.0509],[11.9808,43.0563],[11.9725,43.064],[11.9565,43.0687],[11.9499,43.0637],[11.9482,43.0556],[11.9409,43.053],[11.9364,43.0556],[11.9321,43.0678],[11.9237,43.0752],[11.9234,43.0793],[11.9301,43.0881],[11.9304,43.0943],[11.9209,43.1176],[11.9123,43.1284],[11.9204,43.1316],[11.9241,43.1479],[11.9287,43.1527],[11.9465,43.1619],[11.9612,43.1669],[11.9702,43.1692],[11.9767,43.1752],[11.9875,43.1805],[12.0064,43.1806],[12.0198,43.1851],[12.0274,43.1916],[12.0289,43.1967],[12.0271,43.2025],[12.0362,43.2159],[12.0352,43.2211],[12.0396,43.2291],[12.0339,43.2467],[12.0489,43.2532],[12.0585,43.2471],[12.0747,43.2442],[12.086,43.2364],[12.095,43.2373],[12.1085,43.2455],[12.1126,43.251],[12.1218,43.2551],[12.1389,43.2529],[12.1486,43.2546],[12.1665,43.2687],[12.1772,43.2738],[12.1863,43.2739],[12.2071,43.2816],[12.2101,43.2827],[12.2236,43.2962],[12.2058,43.3048],[12.2021,43.3095],[12.1938,43.3131],[12.1832,43.3008],[12.1852,43.2944],[12.1772,43.282],[12.1647,43.2823],[12.1496,43.2863],[12.1326,43.2931],[12.1261,43.3054],[12.1339,43.316],[12.1364,43.3318],[12.1356,43.3417],[12.1308,43.3505],[12.1188,43.3643],[12.1113,43.3691],[12.101,43.3726],[12.0935,43.3664],[12.0775,43.3655],[12.073,43.3704],[12.073,43.3875],[12.0778,43.3987],[12.0737,43.4038],[12.0708,43.405],[12.0522,43.3983],[12.0329,43.4003],[12.0266,43.4102],[12.0251,43.4156],[12.0336,43.4245],[12.0512,43.4302],[12.0537,43.435],[12.0605,43.4383],[12.0758,43.4341],[12.0803,43.4338],[12.0875,43.4379],[12.1,43.4477],[12.0996,43.4543],[12.104,43.4605],[12.1239,43.467],[12.1412,43.4689],[12.1447,43.4795],[12.1442,43.4798],[12.1406,43.4825],[12.1311,43.4826],[12.1186,43.4884],[12.1083,43.4957],[12.0951,43.4992],[12.0911,43.5077],[12.091,43.5112],[12.0958,43.5231],[12.1026,43.53],[12.1181,43.5301],[12.1421,43.5358],[12.1532,43.5287],[12.1534,43.529],[12.1594,43.546],[12.1582,43.5483],[12.1627,43.5614],[12.1787,43.575],[12.1845,43.584],[12.1935,43.5879],[12.197,43.5944],[12.196,43.5991],[12.2031,43.6062],[12.214,43.6108],[12.2178,43.6043],[12.2181,43.6036],[12.2253,43.5939],[12.2552,43.5902],[12.2632,43.5891],[12.2665,43.5934],[12.2878,43.5946],[12.2943,43.5934],[12.2923,43.5867],[12.2995,43.5858],[12.3075,43.5918],[12.3135,43.6022],[12.3231,43.602],[12.3308,43.6069],[12.3512,43.6114],[12.3562,43.6174],[12.3712,43.6112],[12.3617,43.602],[12.3619,43.5951],[12.3734,43.5842],[12.3699,43.579],[12.3614,43.5743],[12.3449,43.5535],[12.3203,43.5533],[12.3153,43.5494],[12.313,43.5431],[12.3331,43.5235],[12.3458,43.5211],[12.3501,43.5219],[12.3561,43.5281],[12.3667,43.534],[12.3874,43.5214],[12.3834,43.5168],[12.3882,43.5098],[12.4003,43.5098],[12.3992,43.5132],[12.4062,43.5245],[12.418,43.5349],[12.4333,43.5384],[12.4384,43.5358],[12.4574,43.5174],[12.4681,43.518],[12.4804,43.5275],[12.4999,43.5215],[12.5009,43.5196],[12.517,43.5088],[12.5222,43.5019],[12.5241,43.496],[12.543,43.4797],[12.5493,43.4747],[12.5643,43.4598],[12.5777,43.4496],[12.5879,43.4436],[12.5925,43.4436],[12.6047,43.4379],[12.6223,43.4244],[12.6195,43.4166],[12.6366,43.4311],[12.6436,43.4337],[12.6633,43.4369],[12.6776,43.4343],[12.6897,43.4284],[12.7094,43.4251],[12.7152,43.446],[12.7225,43.453],[12.7358,43.4638],[12.7463,43.4648],[12.7473,43.4619],[12.7585,43.4588],[12.7674,43.4599],[12.7764,43.4505],[12.7663,43.4454],[12.7648,43.4331],[12.7659,43.426],[12.7748,43.4203],[12.7798,43.4142],[12.7744,43.402],[12.7633,43.3972],[12.7543,43.3955],[12.7468,43.3904],[12.7496,43.3781],[12.7565,43.3746],[12.7586,43.3655],[12.7593,43.3643],[12.7701,43.3599],[12.7729,43.3508],[12.7811,43.3455],[12.7824,43.3412],[12.7911,43.3373],[12.7987,43.3249],[12.8022,43.3075],[12.7996,43.2908],[12.7926,43.2877],[12.7892,43.283],[12.806,43.2707],[12.8247,43.2666],[12.8285,43.2561],[12.8255,43.2489],[12.8282,43.2353],[12.8372,43.2252],[12.8367,43.2175],[12.8506,43.2099],[12.8623,43.2113],[12.8653,43.2061],[12.8683,43.1952],[12.8625,43.166],[12.852,43.1539],[12.8323,43.1474],[12.8315,43.1404],[12.8387,43.1328],[12.843,43.1224],[12.8506,43.1225],[12.8585,43.1253],[12.8754,43.1235],[12.8834,43.1174],[12.8851,43.0995],[12.8917,43.093],[12.8972,43.0936],[12.8951,43.0772],[12.8901,43.0596],[12.8922,43.0476],[12.8984,43.0438],[12.9067,43.0355],[12.9034,43.0273],[12.8976,43.0248],[12.8886,43.0122],[12.8881,43.0095],[12.8939,43.0007],[12.9082,42.9849],[12.9059,42.9793],[12.9004,42.9759],[12.8957,42.9646],[12.9159,42.9536],[12.9184,42.9555],[12.9294,42.9528],[12.9342,42.9458],[12.9408,42.9422],[12.948,42.9415],[12.9493,42.9299],[12.9735,42.9278],[12.9768,42.9257],[12.9685,42.9007],[12.9755,42.8848],[12.9731,42.8774],[12.9755,42.8724],[12.9761,42.8698],[12.9869,42.8686],[12.9903,42.8712],[12.9959,42.8857],[13.0007,42.8892],[13.0026,42.8956],[12.9956,42.9025],[13.0009,42.9083],[13.0094,42.903],[13.0249,42.9025],[13.0379,42.9076],[13.0432,42.9151],[13.0527,42.9199],[13.06,42.915],[13.0685,42.9061],[13.0808,42.8996],[13.1122,42.8893],[13.1127,42.8884],[13.1226,42.8732],[13.139,42.8578],[13.1444,42.847],[13.1547,42.8347],[13.1608,42.8319],[13.1806,42.8368],[13.1876,42.8345],[13.2118,42.8416],[13.2211,42.8507],[13.2309,42.8539],[13.2354,42.8677],[13.2435,42.8586],[13.2479,42.8494],[13.2512,42.8333],[13.2573,42.8191],[13.2625,42.8162],[13.264,42.8082],[13.2595,42.7983],[13.2547,42.7958],[13.2509,42.7886],[13.245,42.7726],[13.2455,42.7677],[13.2385,42.7609],[13.2344,42.7731],[13.2166,42.7715],[13.1943,42.7585],[13.1986,42.7547],[13.1988,42.748],[13.1893,42.7387],[13.1893,42.7335],[13.187,42.7234],[13.1908,42.7127],[13.1771,42.6943],[13.1733,42.6873],[13.1795,42.6834],[13.1798,42.6776],[13.1741,42.6662],[13.1605,42.6562],[13.1585,42.6542]]],[[[12.4077,43.6022],[12.4151,43.6051],[12.4171,43.6086],[12.4253,43.6091],[12.4306,43.6064],[12.435,43.5995],[12.4335,43.5927],[12.4246,43.5919],[12.4203,43.5971],[12.4077,43.6022]]]]}},{"type":"Feature","properties":{"id":"marche","n":"Marche","macro":"centro","mn":"Centro","pop":1481252,"nc":225,"nrd":225,"rd":71.97,"co":196.14,"kru":516.37,"kin":144.64,"drd":-0.13,"km2":9328.9,"dens":158.8},"geometry":{"type":"Polygon","coordinates":[[[13.1893,42.7335],[13.1893,42.7387],[13.1988,42.748],[13.1986,42.7547],[13.1943,42.7585],[13.2166,42.7715],[13.2344,42.7731],[13.2385,42.7609],[13.2455,42.7677],[13.245,42.7726],[13.2509,42.7886],[13.2547,42.7958],[13.2595,42.7983],[13.264,42.8082],[13.2625,42.8162],[13.2573,42.8191],[13.2512,42.8333],[13.2479,42.8494],[13.2435,42.8586],[13.2354,42.8677],[13.2309,42.8539],[13.2211,42.8507],[13.2118,42.8416],[13.1876,42.8345],[13.1806,42.8368],[13.1608,42.8319],[13.1547,42.8347],[13.1444,42.847],[13.139,42.8578],[13.1226,42.8732],[13.1127,42.8884],[13.1122,42.8893],[13.0808,42.8996],[13.0685,42.9061],[13.06,42.915],[13.0527,42.9199],[13.0432,42.9151],[13.0379,42.9076],[13.0249,42.9025],[13.0094,42.903],[13.0009,42.9083],[12.9956,42.9025],[13.0026,42.8956],[13.0007,42.8892],[12.9959,42.8857],[12.9903,42.8712],[12.9869,42.8686],[12.9761,42.8698],[12.9755,42.8724],[12.9731,42.8774],[12.9755,42.8848],[12.9685,42.9007],[12.9768,42.9257],[12.9735,42.9278],[12.9493,42.9299],[12.948,42.9415],[12.9408,42.9422],[12.9342,42.9458],[12.9294,42.9528],[12.9184,42.9555],[12.9159,42.9536],[12.8957,42.9646],[12.9004,42.9759],[12.9059,42.9793],[12.9082,42.9849],[12.8939,43.0007],[12.8881,43.0095],[12.8886,43.0122],[12.8976,43.0248],[12.9034,43.0273],[12.9067,43.0355],[12.8984,43.0438],[12.8922,43.0476],[12.8901,43.0596],[12.8951,43.0772],[12.8972,43.0936],[12.8917,43.093],[12.8851,43.0995],[12.8834,43.1174],[12.8754,43.1235],[12.8585,43.1253],[12.8506,43.1225],[12.843,43.1224],[12.8387,43.1328],[12.8315,43.1404],[12.8323,43.1474],[12.852,43.1539],[12.8625,43.166],[12.8683,43.1952],[12.8653,43.2061],[12.8623,43.2113],[12.8506,43.2099],[12.8367,43.2175],[12.8372,43.2252],[12.8282,43.2353],[12.8255,43.2489],[12.8285,43.2561],[12.8247,43.2666],[12.806,43.2707],[12.7892,43.283],[12.7926,43.2877],[12.7996,43.2908],[12.8022,43.3075],[12.7987,43.3249],[12.7911,43.3373],[12.7824,43.3412],[12.7811,43.3455],[12.7729,43.3508],[12.7701,43.3599],[12.7593,43.3643],[12.7586,43.3655],[12.7565,43.3746],[12.7496,43.3781],[12.7468,43.3904],[12.7543,43.3955],[12.7633,43.3972],[12.7744,43.402],[12.7798,43.4142],[12.7748,43.4203],[12.7659,43.426],[12.7648,43.4331],[12.7663,43.4454],[12.7764,43.4505],[12.7674,43.4599],[12.7585,43.4588],[12.7473,43.4619],[12.7463,43.4648],[12.7358,43.4638],[12.7225,43.453],[12.7152,43.446],[12.7094,43.4251],[12.6897,43.4284],[12.6776,43.4343],[12.6633,43.4369],[12.6436,43.4337],[12.6366,43.4311],[12.6195,43.4166],[12.6223,43.4244],[12.6047,43.4379],[12.5925,43.4436],[12.5879,43.4436],[12.5777,43.4496],[12.5643,43.4598],[12.5493,43.4747],[12.543,43.4797],[12.5241,43.496],[12.5222,43.5019],[12.517,43.5088],[12.5009,43.5196],[12.4999,43.5215],[12.4804,43.5275],[12.4681,43.518],[12.4574,43.5174],[12.4384,43.5358],[12.4333,43.5384],[12.418,43.5349],[12.4062,43.5245],[12.3992,43.5132],[12.4003,43.5098],[12.3882,43.5098],[12.3834,43.5168],[12.3874,43.5214],[12.3667,43.534],[12.3561,43.5281],[12.3501,43.5219],[12.3458,43.5211],[12.3331,43.5235],[12.313,43.5431],[12.3153,43.5494],[12.3203,43.5533],[12.3449,43.5535],[12.3614,43.5743],[12.3699,43.579],[12.3734,43.5842],[12.3619,43.5951],[12.3617,43.602],[12.3712,43.6112],[12.3562,43.6174],[12.3512,43.6114],[12.3308,43.6069],[12.3231,43.602],[12.3135,43.6022],[12.3075,43.5918],[12.2995,43.5858],[12.2923,43.5867],[12.2943,43.5934],[12.2878,43.5946],[12.2665,43.5934],[12.2632,43.5891],[12.2552,43.5902],[12.2253,43.5939],[12.2181,43.6036],[12.2178,43.6043],[12.214,43.6108],[12.21,43.621],[12.2038,43.6264],[12.1897,43.6329],[12.1853,43.6411],[12.1855,43.6418],[12.2038,43.6518],[12.2111,43.6498],[12.2201,43.6507],[12.2326,43.6556],[12.2482,43.6674],[12.2512,43.6725],[12.2451,43.6814],[12.2627,43.6797],[12.2735,43.676],[12.2972,43.686],[12.3058,43.698],[12.3045,43.7031],[12.3055,43.7131],[12.301,43.7199],[12.3048,43.7279],[12.3096,43.7301],[12.3141,43.7204],[12.315,43.7075],[12.314,43.7008],[12.3208,43.6946],[12.3206,43.6882],[12.3158,43.678],[12.327,43.6759],[12.3308,43.6736],[12.3363,43.6781],[12.3336,43.6812],[12.3296,43.6986],[12.3301,43.707],[12.3331,43.7075],[12.3451,43.71],[12.3574,43.7021],[12.3679,43.7058],[12.3712,43.709],[12.3681,43.7151],[12.3388,43.7362],[12.3344,43.7399],[12.3271,43.751],[12.3178,43.7553],[12.3073,43.7563],[12.3,43.757],[12.2839,43.7649],[12.2873,43.7717],[12.289,43.7858],[12.2829,43.7895],[12.2849,43.7948],[12.2983,43.7976],[12.316,43.8056],[12.3288,43.8007],[12.3451,43.8015],[12.3498,43.7997],[12.3622,43.8055],[12.3661,43.8133],[12.3805,43.8148],[12.388,43.8168],[12.3942,43.8214],[12.3987,43.8264],[12.391,43.845],[12.3933,43.8575],[12.3975,43.8673],[12.4035,43.8705],[12.4007,43.8728],[12.4077,43.8767],[12.42,43.8722],[12.4301,43.8717],[12.4323,43.8748],[12.435,43.8722],[12.4456,43.8708],[12.4578,43.8801],[12.4631,43.8896],[12.4624,43.8937],[12.4777,43.8969],[12.4874,43.8964],[12.4874,43.8856],[12.4897,43.8825],[12.4994,43.8736],[12.5175,43.8811],[12.5185,43.8763],[12.5313,43.8695],[12.5341,43.8706],[12.5418,43.864],[12.5511,43.8664],[12.5624,43.8698],[12.5648,43.8806],[12.5724,43.8849],[12.5844,43.8841],[12.5895,43.8857],[12.59,43.8785],[12.5929,43.8732],[12.5894,43.8652],[12.6025,43.8634],[12.6037,43.8567],[12.601,43.8506],[12.607,43.845],[12.6158,43.8465],[12.619,43.8426],[12.6103,43.837],[12.6112,43.8308],[12.619,43.8265],[12.6233,43.8212],[12.6288,43.8209],[12.6445,43.827],[12.6584,43.8275],[12.6676,43.8235],[12.6734,43.8239],[12.6812,43.8281],[12.6791,43.8413],[12.6822,43.8528],[12.6967,43.8527],[12.7015,43.8588],[12.7237,43.8611],[12.733,43.8693],[12.7337,43.87],[12.7228,43.8811],[12.7348,43.896],[12.7272,43.9118],[12.73,43.9132],[12.728,43.9241],[12.7337,43.9298],[12.7396,43.9383],[12.7398,43.9385],[12.7415,43.941],[12.7483,43.9529],[12.7556,43.962],[12.7506,43.9686],[12.7691,43.9658],[12.7867,43.9645],[12.7976,43.9652],[12.8495,43.9425],[12.8823,43.9288],[12.8927,43.9232],[12.9037,43.9209],[12.9072,43.923],[12.921,43.9135],[12.9591,43.8849],[12.9626,43.8816],[12.9863,43.8652],[13.0094,43.8527],[13.022,43.8498],[13.0375,43.8392],[13.0505,43.8325],[13.0676,43.8219],[13.082,43.81],[13.1207,43.7822],[13.1284,43.7768],[13.1725,43.7501],[13.1906,43.7381],[13.2116,43.725],[13.2197,43.7177],[13.2688,43.6887],[13.3003,43.6721],[13.3322,43.6579],[13.3482,43.6513],[13.3713,43.643],[13.3755,43.6439],[13.3886,43.6372],[13.391,43.6346],[13.4138,43.6237],[13.4228,43.6205],[13.4372,43.615],[13.4529,43.6108],[13.4815,43.6067],[13.4936,43.6132],[13.4928,43.6174],[13.4996,43.6206],[13.503,43.6177],[13.5148,43.6245],[13.5316,43.6195],[13.5386,43.6104],[13.5532,43.6022],[13.5655,43.5891],[13.5657,43.5833],[13.573,43.5711],[13.5794,43.567],[13.6091,43.559],[13.6254,43.5503],[13.6283,43.5452],[13.6269,43.54],[13.6215,43.5345],[13.621,43.5286],[13.6239,43.5155],[13.6229,43.5033],[13.6263,43.4968],[13.6369,43.4821],[13.6416,43.4739],[13.6446,43.4703],[13.6546,43.4516],[13.6677,43.4302],[13.6792,43.4044],[13.7037,43.3493],[13.7098,43.3369],[13.7238,43.3171],[13.7353,43.3084],[13.7428,43.2941],[13.7627,43.258],[13.7777,43.2343],[13.7899,43.2039],[13.7907,43.199],[13.796,43.1903],[13.8037,43.1723],[13.8112,43.1632],[13.8173,43.1464],[13.8251,43.1317],[13.8293,43.127],[13.8419,43.1031],[13.8468,43.0879],[13.8468,43.0802],[13.8494,43.0668],[13.8524,43.0545],[13.8586,43.037],[13.8622,43.0203],[13.8657,43.0103],[13.8717,42.9954],[13.8727,42.9873],[13.8817,42.9626],[13.893,42.9366],[13.9027,42.9216],[13.9113,42.9031],[13.9168,42.8946],[13.9045,42.8946],[13.8894,42.8912],[13.8837,42.8919],[13.8777,42.893],[13.8749,42.8888],[13.8551,42.884],[13.8426,42.8841],[13.8348,42.8817],[13.8311,42.8811],[13.8162,42.8775],[13.8127,42.874],[13.7993,42.8667],[13.7799,42.861],[13.7694,42.8589],[13.7631,42.8586],[13.7541,42.8586],[13.7416,42.8558],[13.725,42.8557],[13.7223,42.8547],[13.7067,42.8493],[13.7108,42.8434],[13.6993,42.8226],[13.6867,42.8182],[13.6765,42.8152],[13.6656,42.8102],[13.6636,42.8071],[13.6438,42.8038],[13.6356,42.8033],[13.6279,42.8081],[13.6243,42.8165],[13.6185,42.8134],[13.6015,42.8064],[13.5898,42.8065],[13.5747,42.8008],[13.5715,42.8005],[13.5551,42.8044],[13.5436,42.8169],[13.5346,42.8165],[13.5326,42.8123],[13.5318,42.8011],[13.5291,42.7953],[13.5154,42.7861],[13.5051,42.7756],[13.5023,42.771],[13.5018,42.7628],[13.504,42.7573],[13.5041,42.7471],[13.4935,42.7366],[13.4888,42.7336],[13.4797,42.7322],[13.4634,42.7347],[13.4522,42.7338],[13.4411,42.7263],[13.4371,42.7151],[13.4376,42.707],[13.4409,42.7025],[13.4369,42.6989],[13.4273,42.7064],[13.4008,42.6915],[13.3886,42.6873],[13.3808,42.6907],[13.364,42.6931],[13.3589,42.6958],[13.3577,42.6941],[13.3412,42.7018],[13.3282,42.7119],[13.3188,42.7228],[13.3106,42.7275],[13.2966,42.7297],[13.2905,42.7332],[13.2878,42.7392],[13.28,42.7409],[13.2645,42.7402],[13.2605,42.7286],[13.2542,42.7214],[13.238,42.7259],[13.2071,42.731],[13.2006,42.735],[13.1893,42.7335]],[[12.4077,43.6022],[12.4203,43.5971],[12.4246,43.5919],[12.4335,43.5927],[12.435,43.5995],[12.4306,43.6064],[12.4253,43.6091],[12.4171,43.6086],[12.4151,43.6051],[12.4077,43.6022]]]}},{"type":"Feature","properties":{"id":"lazio","n":"Lazio","macro":"centro","mn":"Centro","pop":5709982,"nc":378,"nrd":377,"rd":58.0,"co":245.47,"kru":510.66,"kin":223.43,"drd":1.83,"km2":17210.6,"dens":331.8},"geometry":{"type":"MultiPolygon","coordinates":[[[[11.4521,42.3823],[11.455,42.3885],[11.4498,42.394],[11.4566,42.4008],[11.4764,42.4135],[11.4819,42.4198],[11.4811,42.4336],[11.4889,42.4394],[11.4994,42.4392],[11.5165,42.4336],[11.5217,42.4342],[11.5435,42.4421],[11.5566,42.4389],[11.6012,42.4361],[11.6177,42.4361],[11.6192,42.4408],[11.6162,42.4549],[11.6175,42.4681],[11.6199,42.4758],[11.6161,42.4844],[11.6169,42.4875],[11.6099,42.4923],[11.5952,42.4957],[11.5861,42.5055],[11.5739,42.5109],[11.5675,42.5098],[11.5613,42.5173],[11.5635,42.5247],[11.5686,42.5335],[11.5843,42.5427],[11.5824,42.5462],[11.5784,42.5662],[11.5886,42.571],[11.6009,42.5698],[11.6082,42.5662],[11.6086,42.5633],[11.6162,42.56],[11.625,42.5691],[11.63,42.5695],[11.6364,42.5648],[11.6435,42.5663],[11.654,42.5723],[11.6572,42.5771],[11.666,42.5763],[11.6748,42.5784],[11.6859,42.5848],[11.6801,42.5953],[11.6923,42.5998],[11.7003,42.601],[11.7117,42.611],[11.7241,42.6108],[11.727,42.6066],[11.7364,42.6071],[11.7385,42.6133],[11.749,42.6213],[11.7518,42.6256],[11.7498,42.6375],[11.7515,42.639],[11.7665,42.6376],[11.781,42.6347],[11.7866,42.6393],[11.7966,42.6436],[11.8048,42.6441],[11.8093,42.6529],[11.8084,42.6597],[11.8004,42.6686],[11.7846,42.6714],[11.7838,42.6814],[11.7863,42.6895],[11.7811,42.7053],[11.7841,42.707],[11.7971,42.7065],[11.8006,42.7086],[11.8048,42.7166],[11.8084,42.7302],[11.8093,42.7338],[11.8187,42.7458],[11.8134,42.7459],[11.8117,42.7509],[11.8066,42.7537],[11.7906,42.7556],[11.7795,42.7581],[11.7738,42.7687],[11.762,42.7797],[11.746,42.7859],[11.75,42.7905],[11.7533,42.8023],[11.7593,42.8091],[11.7685,42.8154],[11.7685,42.8199],[11.7758,42.8206],[11.7865,42.8163],[11.7933,42.8112],[11.8029,42.801],[11.8068,42.7948],[11.8114,42.7992],[11.8109,42.807],[11.8149,42.8154],[11.8154,42.8237],[11.8242,42.8266],[11.8321,42.8268],[11.8449,42.8341],[11.8505,42.8388],[11.8668,42.8353],[11.8855,42.8355],[11.895,42.8347],[11.9049,42.8278],[11.9079,42.8168],[11.9168,42.8077],[11.9202,42.7944],[11.9246,42.7846],[11.9314,42.7784],[11.9584,42.7731],[11.9665,42.7667],[11.9795,42.7645],[11.9815,42.7528],[11.9745,42.75],[11.97,42.7387],[11.9687,42.7346],[11.9594,42.7295],[11.949,42.7275],[11.9435,42.7191],[11.9336,42.7157],[11.9262,42.7047],[11.9326,42.7006],[11.9489,42.6961],[11.941,42.6837],[11.951,42.6807],[11.978,42.6755],[12.0071,42.6624],[12.0246,42.6514],[12.0299,42.6503],[12.0299,42.6433],[12.0397,42.6489],[12.048,42.6494],[12.0652,42.6521],[12.0737,42.6566],[12.0793,42.6555],[12.0946,42.6555],[12.1013,42.6622],[12.1066,42.6647],[12.11,42.6587],[12.1196,42.6498],[12.1254,42.6498],[12.1263,42.6547],[12.1324,42.6617],[12.1407,42.6562],[12.1471,42.6593],[12.1491,42.6654],[12.161,42.6768],[12.1762,42.6727],[12.1847,42.6672],[12.189,42.6622],[12.1973,42.6638],[12.2269,42.6436],[12.2256,42.6356],[12.2388,42.6316],[12.2434,42.628],[12.2396,42.6231],[12.2361,42.6213],[12.2291,42.6104],[12.2391,42.6069],[12.2476,42.5966],[12.2431,42.598],[12.2401,42.5879],[12.2359,42.5833],[12.2388,42.572],[12.2617,42.56],[12.2664,42.5595],[12.275,42.56],[12.279,42.5488],[12.2785,42.5415],[12.2737,42.5365],[12.2665,42.5365],[12.2672,42.5327],[12.2745,42.5239],[12.287,42.5221],[12.2902,42.519],[12.2755,42.516],[12.275,42.5089],[12.2792,42.5065],[12.2897,42.5106],[12.3005,42.5036],[12.3073,42.4973],[12.303,42.4913],[12.2987,42.4948],[12.2895,42.4947],[12.2913,42.4907],[12.2998,42.4875],[12.3053,42.4878],[12.3165,42.4883],[12.325,42.4949],[12.3351,42.4901],[12.3448,42.4849],[12.3512,42.4737],[12.374,42.4811],[12.375,42.4857],[12.384,42.4891],[12.3902,42.4983],[12.4035,42.5],[12.4103,42.4981],[12.4213,42.4926],[12.4278,42.487],[12.4245,42.4839],[12.4128,42.4788],[12.4123,42.4676],[12.4276,42.4654],[12.4303,42.4587],[12.4246,42.4568],[12.4178,42.4584],[12.4137,42.4552],[12.4113,42.4461],[12.4175,42.441],[12.4191,42.4343],[12.4137,42.4282],[12.417,42.4224],[12.4223,42.4215],[12.4383,42.4262],[12.4501,42.4229],[12.4543,42.4269],[12.4616,42.4294],[12.4672,42.4238],[12.4667,42.4195],[12.4611,42.4131],[12.4563,42.4024],[12.4446,42.3988],[12.4534,42.3958],[12.4596,42.3978],[12.4662,42.3948],[12.4737,42.4019],[12.4812,42.4041],[12.488,42.3987],[12.4947,42.3982],[12.5018,42.4023],[12.5112,42.4035],[12.5182,42.3972],[12.5133,42.3937],[12.5133,42.3786],[12.5188,42.3675],[12.5261,42.3643],[12.5311,42.365],[12.538,42.3743],[12.5489,42.3823],[12.5596,42.3818],[12.5699,42.3829],[12.5751,42.3876],[12.5977,42.4008],[12.6009,42.4017],[12.606,42.4035],[12.6054,42.4075],[12.6143,42.4136],[12.614,42.425],[12.611,42.428],[12.612,42.4363],[12.6195,42.4512],[12.619,42.4611],[12.614,42.4641],[12.6215,42.4687],[12.6358,42.469],[12.6426,42.4645],[12.6393,42.4594],[12.6418,42.4539],[12.6503,42.4474],[12.6498,42.4431],[12.6606,42.4414],[12.6746,42.4424],[12.6907,42.4495],[12.7004,42.4569],[12.7029,42.4609],[12.7105,42.4635],[12.7144,42.4603],[12.7247,42.4604],[12.7333,42.468],[12.7416,42.4706],[12.7332,42.4779],[12.7243,42.4825],[12.7167,42.4899],[12.711,42.5009],[12.7315,42.5088],[12.7456,42.5078],[12.7515,42.5113],[12.7733,42.5129],[12.7733,42.5313],[12.7837,42.5338],[12.7864,42.5332],[12.8092,42.5358],[12.818,42.533],[12.823,42.5374],[12.843,42.5479],[12.8478,42.5528],[12.8635,42.5582],[12.8718,42.5612],[12.8888,42.5638],[12.8927,42.5635],[12.8936,42.5795],[12.8871,42.5876],[12.8801,42.6023],[12.8806,42.6077],[12.8806,42.6094],[12.8962,42.6165],[12.9031,42.6123],[12.9164,42.6095],[12.9187,42.6054],[12.9317,42.6036],[12.9373,42.6154],[12.9533,42.6191],[12.961,42.619],[12.9858,42.6157],[13.0044,42.6152],[13.0112,42.6171],[13.0151,42.6216],[13.0121,42.6258],[13.0192,42.635],[13.0234,42.6388],[13.031,42.6374],[13.0334,42.6298],[13.0367,42.6277],[13.0585,42.6228],[13.0643,42.6236],[13.0786,42.6313],[13.1019,42.638],[13.1096,42.6423],[13.1176,42.6501],[13.1162,42.656],[13.1304,42.6593],[13.1442,42.6464],[13.1585,42.6542],[13.1605,42.6562],[13.1741,42.6662],[13.1798,42.6776],[13.1795,42.6834],[13.1733,42.6873],[13.1771,42.6943],[13.1908,42.7127],[13.187,42.7234],[13.1893,42.7335],[13.2006,42.735],[13.2071,42.731],[13.238,42.7259],[13.2542,42.7214],[13.2605,42.7286],[13.2645,42.7402],[13.28,42.7409],[13.2878,42.7392],[13.2905,42.7332],[13.2966,42.7297],[13.3106,42.7275],[13.3188,42.7228],[13.3282,42.7119],[13.3412,42.7018],[13.3577,42.6941],[13.3509,42.6824],[13.3487,42.6735],[13.3497,42.6688],[13.3577,42.6634],[13.3698,42.6489],[13.3768,42.6498],[13.3818,42.6498],[13.3933,42.646],[13.4083,42.6429],[13.4098,42.6391],[13.4065,42.6288],[13.3946,42.6217],[13.3968,42.6156],[13.3903,42.6085],[13.389,42.6016],[13.391,42.5933],[13.394,42.5912],[13.3837,42.5857],[13.3818,42.581],[13.3607,42.5786],[13.3429,42.5749],[13.3271,42.58],[13.3121,42.574],[13.2973,42.571],[13.2913,42.5705],[13.2843,42.5823],[13.2781,42.5835],[13.2615,42.5831],[13.2535,42.5797],[13.2459,42.5727],[13.2357,42.5749],[13.2269,42.5828],[13.2124,42.5825],[13.2029,42.5859],[13.1914,42.5876],[13.1923,42.578],[13.1743,42.5674],[13.1761,42.5527],[13.167,42.5415],[13.162,42.5388],[13.1558,42.54],[13.1575,42.5277],[13.1607,42.522],[13.167,42.5162],[13.1778,42.5126],[13.1775,42.5078],[13.1715,42.4861],[13.1785,42.4793],[13.1542,42.4624],[13.1454,42.462],[13.1334,42.4583],[13.1162,42.444],[13.1244,42.4413],[13.142,42.429],[13.1552,42.4142],[13.1695,42.4071],[13.1763,42.4063],[13.1893,42.4002],[13.1943,42.3892],[13.1895,42.3812],[13.1695,42.37],[13.1533,42.3571],[13.1573,42.3542],[13.1716,42.3488],[13.1831,42.3404],[13.1914,42.3324],[13.2021,42.3311],[13.2207,42.3193],[13.2266,42.3193],[13.2281,42.2926],[13.2291,42.2872],[13.2347,42.278],[13.2425,42.2689],[13.2567,42.2648],[13.2713,42.2541],[13.2753,42.2483],[13.2743,42.2443],[13.2821,42.2372],[13.292,42.2324],[13.2998,42.2305],[13.3199,42.2295],[13.3271,42.2238],[13.3356,42.2225],[13.3411,42.2174],[13.3319,42.2082],[13.3416,42.1984],[13.3522,42.1913],[13.3717,42.1886],[13.3743,42.1871],[13.38,42.1805],[13.3652,42.1795],[13.3539,42.1749],[13.3424,42.1768],[13.3545,42.1675],[13.3449,42.1648],[13.3336,42.1668],[13.3231,42.1615],[13.3287,42.1549],[13.3229,42.1523],[13.3174,42.1537],[13.3098,42.1468],[13.3053,42.1383],[13.2848,42.1343],[13.275,42.1378],[13.265,42.1368],[13.2487,42.1275],[13.2372,42.1292],[13.2357,42.1323],[13.2234,42.1432],[13.2136,42.145],[13.2056,42.1485],[13.1928,42.1583],[13.1833,42.1589],[13.1781,42.1534],[13.1697,42.1507],[13.1678,42.154],[13.1583,42.1575],[13.1369,42.1686],[13.1224,42.1771],[13.1126,42.175],[13.0869,42.1779],[13.0868,42.1732],[13.0934,42.1666],[13.0938,42.1594],[13.0861,42.1442],[13.0768,42.1391],[13.0731,42.1319],[13.0598,42.123],[13.037,42.119],[13.0309,42.1221],[13.0305,42.1153],[13.0329,42.1072],[13.0252,42.0954],[13.024,42.0922],[13.0192,42.0792],[13.0184,42.0749],[13.0249,42.0634],[13.0265,42.0501],[13.0465,42.0353],[13.0482,42.0296],[13.0492,42.0235],[13.0582,42.0156],[13.0648,42.0125],[13.0788,42.0091],[13.0898,42.009],[13.1013,42.0097],[13.0963,42.0196],[13.0973,42.0249],[13.1077,42.0251],[13.1232,42.0182],[13.1399,42.0153],[13.1488,42.0114],[13.1652,42.0001],[13.174,41.9962],[13.1826,41.9947],[13.1989,41.9865],[13.2161,41.9867],[13.2316,41.9817],[13.2344,41.977],[13.2427,41.9715],[13.2605,41.9688],[13.2668,41.9662],[13.27,41.9616],[13.286,41.9504],[13.2963,41.9485],[13.2983,41.9542],[13.3104,41.9516],[13.3226,41.9451],[13.3254,41.9419],[13.3339,41.9339],[13.3376,41.9259],[13.3502,41.921],[13.3565,41.9257],[13.3643,41.9247],[13.3668,41.9198],[13.3783,41.9119],[13.384,41.9042],[13.38,41.8945],[13.3737,41.8851],[13.3658,41.8794],[13.3599,41.8694],[13.3675,41.8619],[13.3645,41.8543],[13.3685,41.8406],[13.3668,41.833],[13.3718,41.8272],[13.3795,41.8175],[13.3873,41.8173],[13.3915,41.8198],[13.3963,41.834],[13.4074,41.8374],[13.4198,41.8335],[13.4261,41.8299],[13.4515,41.8229],[13.4615,41.8137],[13.4639,41.8094],[13.4704,41.8063],[13.4877,41.8032],[13.4882,41.8034],[13.5043,41.8015],[13.5086,41.7973],[13.5118,41.7878],[13.5216,41.7798],[13.5204,41.7729],[13.5309,41.7698],[13.5466,41.7616],[13.5554,41.7626],[13.5625,41.7611],[13.5719,41.7543],[13.5764,41.7551],[13.586,41.7665],[13.6007,41.7691],[13.6135,41.7779],[13.6234,41.7794],[13.6313,41.7826],[13.6421,41.7913],[13.6408,41.8001],[13.6373,41.8025],[13.6477,41.8109],[13.6629,41.8113],[13.6659,41.809],[13.68,41.8044],[13.6927,41.7916],[13.7073,41.7876],[13.713,41.7943],[13.7193,41.798],[13.7295,41.799],[13.7303,41.7883],[13.7418,41.7811],[13.7486,41.7736],[13.7486,41.7696],[13.7494,41.7606],[13.7567,41.7575],[13.7661,41.7486],[13.775,41.7487],[13.7902,41.743],[13.7992,41.7488],[13.81,41.7538],[13.815,41.7528],[13.8215,41.7434],[13.8276,41.7392],[13.8409,41.7378],[13.8516,41.7347],[13.8564,41.7312],[13.8806,41.7282],[13.8917,41.7352],[13.8977,41.7321],[13.9045,41.7182],[13.9168,41.7189],[13.9197,41.7172],[13.9238,41.7064],[13.9271,41.7035],[13.9315,41.6943],[13.941,41.6879],[13.9516,41.6801],[13.9594,41.6786],[13.9673,41.6741],[13.9757,41.6647],[13.9884,41.6539],[13.9874,41.6479],[13.994,41.6389],[13.9965,41.6242],[13.9979,41.6231],[14.011,41.6075],[14.0102,41.5926],[13.9977,41.5793],[14.0015,41.5698],[14.0045,41.5664],[14.0167,41.5641],[14.0237,41.5611],[14.026,41.5549],[14.0207,41.5425],[14.0059,41.5394],[14.0089,41.5344],[14.0222,41.5269],[14.0193,41.5218],[14.0142,41.516],[13.9949,41.5132],[13.99,41.5063],[13.9787,41.501],[13.9756,41.497],[13.9772,41.4922],[13.9929,41.4821],[13.9816,41.4699],[13.9779,41.4624],[13.9608,41.4635],[13.9528,41.4553],[13.9446,41.4506],[13.9311,41.4401],[13.9137,41.4333],[13.9108,41.4287],[13.9083,41.4286],[13.9048,41.4265],[13.8917,41.4246],[13.8862,41.4273],[13.8752,41.4265],[13.8612,41.4165],[13.8631,41.41],[13.8714,41.4039],[13.8804,41.3897],[13.8862,41.3844],[13.8769,41.3794],[13.8737,41.3748],[13.8709,41.3571],[13.8734,41.3486],[13.8774,41.3445],[13.8737,41.3383],[13.8786,41.3287],[13.8877,41.3197],[13.8947,41.3105],[13.8897,41.2975],[13.8822,41.291],[13.8666,41.2922],[13.8509,41.2896],[13.8285,41.2811],[13.8276,41.2775],[13.8341,41.2668],[13.8399,41.2634],[13.8336,41.2523],[13.8168,41.2437],[13.8017,41.2459],[13.7892,41.2434],[13.7737,41.2426],[13.7622,41.2226],[13.7428,41.2356],[13.7156,41.2505],[13.706,41.2541],[13.7015,41.2532],[13.689,41.2464],[13.6805,41.2443],[13.6699,41.2477],[13.6651,41.2534],[13.6534,41.2572],[13.6379,41.2605],[13.621,41.2608],[13.608,41.2552],[13.589,41.2489],[13.5794,41.2444],[13.574,41.2403],[13.5684,41.2309],[13.5727,41.215],[13.5897,41.2074],[13.5757,41.2039],[13.5707,41.2074],[13.5556,41.2112],[13.5476,41.2076],[13.5367,41.2138],[13.5341,41.2174],[13.5191,41.2248],[13.5013,41.2277],[13.485,41.238],[13.4752,41.2397],[13.47,41.2374],[13.4634,41.2406],[13.459,41.2452],[13.4466,41.2523],[13.4084,41.2691],[13.396,41.2736],[13.3745,41.2813],[13.3559,41.2867],[13.3319,41.2921],[13.3134,41.2951],[13.2916,41.2975],[13.2811,41.2972],[13.2665,41.2948],[13.2643,41.2899],[13.2514,41.2833],[13.2306,41.2845],[13.2058,41.2831],[13.1808,41.2778],[13.1605,41.2713],[13.143,41.2633],[13.1352,41.2583],[13.1179,41.2492],[13.1054,41.2412],[13.0961,41.2303],[13.0944,41.2244],[13.0683,41.2217],[13.0457,41.2268],[13.0402,41.231],[13.0337,41.241],[13.0357,41.2473],[13.0355,41.2506],[13.0257,41.2713],[13.0176,41.2858],[13.0047,41.3054],[12.9939,41.3202],[12.9803,41.3357],[12.963,41.3523],[12.9502,41.3623],[12.92,41.3815],[12.9155,41.3836],[12.9032,41.3908],[12.8766,41.4036],[12.8546,41.4115],[12.8452,41.4136],[12.827,41.4157],[12.8079,41.4139],[12.7944,41.4173],[12.7824,41.4179],[12.7733,41.4163],[12.7654,41.4101],[12.749,41.4188],[12.7275,41.4332],[12.713,41.441],[12.6951,41.4497],[12.6691,41.4565],[12.6476,41.4545],[12.6371,41.4513],[12.6297,41.4465],[12.6223,41.4447],[12.6065,41.4689],[12.5754,41.5082],[12.5528,41.534],[12.5335,41.5534],[12.4875,41.5959],[12.4676,41.615],[12.4371,41.6408],[12.4158,41.6556],[12.389,41.6751],[12.3522,41.6968],[12.3071,41.7173],[12.284,41.7262],[12.2536,41.7368],[12.2519,41.7369],[12.2491,41.7375],[12.2437,41.7379],[12.2341,41.7408],[12.2561,41.7461],[12.2363,41.7421],[12.2253,41.7448],[12.2298,41.7524],[12.2198,41.7706],[12.2226,41.7728],[12.2241,41.7819],[12.2143,41.806],[12.2035,41.8297],[12.1925,41.8507],[12.1775,41.8735],[12.1624,41.8934],[12.1481,41.9093],[12.1407,41.9162],[12.1246,41.9264],[12.1088,41.9326],[12.1011,41.9329],[12.0908,41.9365],[12.0773,41.9465],[12.0612,41.9532],[12.0499,41.9565],[12.0431,41.9619],[12.0347,41.9742],[12.0241,41.9838],[12.0074,41.9919],[11.98,41.9965],[11.9728,42.0017],[11.9638,42.0142],[11.944,42.0235],[11.9158,42.0393],[11.9074,42.0412],[11.8795,42.0381],[11.845,42.0301],[11.8352,42.0294],[11.8327,42.0371],[11.8202,42.0496],[11.8182,42.0571],[11.8144,42.0607],[11.8073,42.0795],[11.8001,42.086],[11.7906,42.0915],[11.7881,42.0959],[11.7781,42.1031],[11.7728,42.109],[11.7681,42.1199],[11.755,42.1272],[11.7434,42.1429],[11.7429,42.1496],[11.7337,42.158],[11.7394,42.1713],[11.7207,42.1904],[11.7074,42.2141],[11.7076,42.2176],[11.6951,42.2358],[11.6805,42.2462],[11.6653,42.2675],[11.6462,42.2846],[11.6325,42.2955],[11.6062,42.3088],[11.5909,42.3176],[11.5783,42.326],[11.5565,42.3383],[11.5402,42.3454],[11.5124,42.3566],[11.4761,42.3691],[11.4511,42.3772],[11.4521,42.3823]],[[12.4578,41.9059],[12.4504,41.9066],[12.4468,41.9022],[12.4564,41.9005],[12.4578,41.9059]]],[[[12.9675,40.9213],[12.965,40.912],[12.9591,40.897],[12.9673,40.8936],[12.9605,40.8822],[12.9535,40.8801],[12.9478,40.887],[12.9548,40.8929],[12.9423,40.9007],[12.9478,40.9114],[12.949,40.9175],[12.9626,40.9204],[12.9696,40.9259],[12.9706,40.9301],[12.9821,40.9358],[12.9938,40.9347],[12.9926,40.9299],[12.9779,40.9268],[12.9675,40.9213]]],[[[12.8601,40.9296],[12.852,40.9254],[12.8566,40.9412],[12.8601,40.9296]]],[[[13.0587,40.9653],[13.0507,40.9654],[13.0482,40.9707],[13.0557,40.9743],[13.065,40.9705],[13.0648,40.9668],[13.0587,40.9653]]],[[[13.4274,40.7898],[13.4169,40.7891],[13.4271,40.7976],[13.4309,40.8038],[13.4349,40.7958],[13.4274,40.7898]]]]}},{"type":"Feature","properties":{"id":"abruzzo","n":"Abruzzo","macro":"sud","mn":"Sud","pop":1267794,"nc":305,"nrd":303,"rd":66.45,"co":192.37,"kru":460.0,"kin":157.45,"drd":0.84,"km2":10803.0,"dens":117.4},"geometry":{"type":"Polygon","coordinates":[[[13.941,41.6879],[13.9315,41.6943],[13.9271,41.7035],[13.9238,41.7064],[13.9197,41.7172],[13.9168,41.7189],[13.9045,41.7182],[13.8977,41.7321],[13.8917,41.7352],[13.8806,41.7282],[13.8564,41.7312],[13.8516,41.7347],[13.8409,41.7378],[13.8276,41.7392],[13.8215,41.7434],[13.815,41.7528],[13.81,41.7538],[13.7992,41.7488],[13.7902,41.743],[13.775,41.7487],[13.7661,41.7486],[13.7567,41.7575],[13.7494,41.7606],[13.7486,41.7696],[13.7486,41.7736],[13.7418,41.7811],[13.7303,41.7883],[13.7295,41.799],[13.7193,41.798],[13.713,41.7943],[13.7073,41.7876],[13.6927,41.7916],[13.68,41.8044],[13.6659,41.809],[13.6629,41.8113],[13.6477,41.8109],[13.6373,41.8025],[13.6408,41.8001],[13.6421,41.7913],[13.6313,41.7826],[13.6234,41.7794],[13.6135,41.7779],[13.6007,41.7691],[13.586,41.7665],[13.5764,41.7551],[13.5719,41.7543],[13.5625,41.7611],[13.5554,41.7626],[13.5466,41.7616],[13.5309,41.7698],[13.5204,41.7729],[13.5216,41.7798],[13.5118,41.7878],[13.5086,41.7973],[13.5043,41.8015],[13.4882,41.8034],[13.4877,41.8032],[13.4704,41.8063],[13.4639,41.8094],[13.4615,41.8137],[13.4515,41.8229],[13.4261,41.8299],[13.4198,41.8335],[13.4074,41.8374],[13.3963,41.834],[13.3915,41.8198],[13.3873,41.8173],[13.3795,41.8175],[13.3718,41.8272],[13.3668,41.833],[13.3685,41.8406],[13.3645,41.8543],[13.3675,41.8619],[13.3599,41.8694],[13.3658,41.8794],[13.3737,41.8851],[13.38,41.8945],[13.384,41.9042],[13.3783,41.9119],[13.3668,41.9198],[13.3643,41.9247],[13.3565,41.9257],[13.3502,41.921],[13.3376,41.9259],[13.3339,41.9339],[13.3254,41.9419],[13.3226,41.9451],[13.3104,41.9516],[13.2983,41.9542],[13.2963,41.9485],[13.286,41.9504],[13.27,41.9616],[13.2668,41.9662],[13.2605,41.9688],[13.2427,41.9715],[13.2344,41.977],[13.2316,41.9817],[13.2161,41.9867],[13.1989,41.9865],[13.1826,41.9947],[13.174,41.9962],[13.1652,42.0001],[13.1488,42.0114],[13.1399,42.0153],[13.1232,42.0182],[13.1077,42.0251],[13.0973,42.0249],[13.0963,42.0196],[13.1013,42.0097],[13.0898,42.009],[13.0788,42.0091],[13.0648,42.0125],[13.0582,42.0156],[13.0492,42.0235],[13.0482,42.0296],[13.0465,42.0353],[13.0265,42.0501],[13.0249,42.0634],[13.0184,42.0749],[13.0192,42.0792],[13.024,42.0922],[13.0252,42.0954],[13.0329,42.1072],[13.0305,42.1153],[13.0309,42.1221],[13.037,42.119],[13.0598,42.123],[13.0731,42.1319],[13.0768,42.1391],[13.0861,42.1442],[13.0938,42.1594],[13.0934,42.1666],[13.0868,42.1732],[13.0869,42.1779],[13.1126,42.175],[13.1224,42.1771],[13.1369,42.1686],[13.1583,42.1575],[13.1678,42.154],[13.1697,42.1507],[13.1781,42.1534],[13.1833,42.1589],[13.1928,42.1583],[13.2056,42.1485],[13.2136,42.145],[13.2234,42.1432],[13.2357,42.1323],[13.2372,42.1292],[13.2487,42.1275],[13.265,42.1368],[13.275,42.1378],[13.2848,42.1343],[13.3053,42.1383],[13.3098,42.1468],[13.3174,42.1537],[13.3229,42.1523],[13.3287,42.1549],[13.3231,42.1615],[13.3336,42.1668],[13.3449,42.1648],[13.3545,42.1675],[13.3424,42.1768],[13.3539,42.1749],[13.3652,42.1795],[13.38,42.1805],[13.3743,42.1871],[13.3717,42.1886],[13.3522,42.1913],[13.3416,42.1984],[13.3319,42.2082],[13.3411,42.2174],[13.3356,42.2225],[13.3271,42.2238],[13.3199,42.2295],[13.2998,42.2305],[13.292,42.2324],[13.2821,42.2372],[13.2743,42.2443],[13.2753,42.2483],[13.2713,42.2541],[13.2567,42.2648],[13.2425,42.2689],[13.2347,42.278],[13.2291,42.2872],[13.2281,42.2926],[13.2266,42.3193],[13.2207,42.3193],[13.2021,42.3311],[13.1914,42.3324],[13.1831,42.3404],[13.1716,42.3488],[13.1573,42.3542],[13.1533,42.3571],[13.1695,42.37],[13.1895,42.3812],[13.1943,42.3892],[13.1893,42.4002],[13.1763,42.4063],[13.1695,42.4071],[13.1552,42.4142],[13.142,42.429],[13.1244,42.4413],[13.1162,42.444],[13.1334,42.4583],[13.1454,42.462],[13.1542,42.4624],[13.1785,42.4793],[13.1715,42.4861],[13.1775,42.5078],[13.1778,42.5126],[13.167,42.5162],[13.1607,42.522],[13.1575,42.5277],[13.1558,42.54],[13.162,42.5388],[13.167,42.5415],[13.1761,42.5527],[13.1743,42.5674],[13.1923,42.578],[13.1914,42.5876],[13.2029,42.5859],[13.2124,42.5825],[13.2269,42.5828],[13.2357,42.5749],[13.2459,42.5727],[13.2535,42.5797],[13.2615,42.5831],[13.2781,42.5835],[13.2843,42.5823],[13.2913,42.5705],[13.2973,42.571],[13.3121,42.574],[13.3271,42.58],[13.3429,42.5749],[13.3607,42.5786],[13.3818,42.581],[13.3837,42.5857],[13.394,42.5912],[13.391,42.5933],[13.389,42.6016],[13.3903,42.6085],[13.3968,42.6156],[13.3946,42.6217],[13.4065,42.6288],[13.4098,42.6391],[13.4083,42.6429],[13.3933,42.646],[13.3818,42.6498],[13.3768,42.6498],[13.3698,42.6489],[13.3577,42.6634],[13.3497,42.6688],[13.3487,42.6735],[13.3509,42.6824],[13.3577,42.6941],[13.3589,42.6958],[13.364,42.6931],[13.3808,42.6907],[13.3886,42.6873],[13.4008,42.6915],[13.4273,42.7064],[13.4369,42.6989],[13.4409,42.7025],[13.4376,42.707],[13.4371,42.7151],[13.4411,42.7263],[13.4522,42.7338],[13.4634,42.7347],[13.4797,42.7322],[13.4888,42.7336],[13.4935,42.7366],[13.5041,42.7471],[13.504,42.7573],[13.5018,42.7628],[13.5023,42.771],[13.5051,42.7756],[13.5154,42.7861],[13.5291,42.7953],[13.5318,42.8011],[13.5326,42.8123],[13.5346,42.8165],[13.5436,42.8169],[13.5551,42.8044],[13.5715,42.8005],[13.5747,42.8008],[13.5898,42.8065],[13.6015,42.8064],[13.6185,42.8134],[13.6243,42.8165],[13.6279,42.8081],[13.6356,42.8033],[13.6438,42.8038],[13.6636,42.8071],[13.6656,42.8102],[13.6765,42.8152],[13.6867,42.8182],[13.6993,42.8226],[13.7108,42.8434],[13.7067,42.8493],[13.7223,42.8547],[13.725,42.8557],[13.7416,42.8558],[13.7541,42.8586],[13.7631,42.8586],[13.7694,42.8589],[13.7799,42.861],[13.7993,42.8667],[13.8127,42.874],[13.8162,42.8775],[13.8311,42.8811],[13.8348,42.8817],[13.8426,42.8841],[13.8551,42.884],[13.8749,42.8888],[13.8777,42.893],[13.8837,42.8919],[13.8894,42.8912],[13.9045,42.8946],[13.9168,42.8946],[13.9197,42.8924],[13.921,42.8837],[13.9293,42.8494],[13.933,42.838],[13.9403,42.8143],[13.9438,42.8049],[13.9553,42.7816],[13.9609,42.7698],[13.9716,42.7532],[13.9746,42.7512],[13.9802,42.7399],[13.9839,42.7314],[13.9957,42.7083],[14.026,42.6678],[14.0388,42.6547],[14.0523,42.6324],[14.0586,42.6232],[14.0753,42.6016],[14.0957,42.579],[14.1042,42.5686],[14.1237,42.5494],[14.1461,42.5307],[14.1515,42.5256],[14.1588,42.5209],[14.1768,42.5022],[14.1861,42.4939],[14.206,42.4785],[14.2204,42.47],[14.233,42.4654],[14.2325,42.4618],[14.2378,42.4565],[14.2545,42.445],[14.2598,42.441],[14.2898,42.4225],[14.3209,42.405],[14.3623,42.3837],[14.3735,42.3783],[14.3908,42.3731],[14.3994,42.3633],[14.4101,42.3581],[14.4102,42.3479],[14.4244,42.3306],[14.4267,42.3252],[14.4412,42.3122],[14.4758,42.2903],[14.4833,42.2865],[14.4918,42.2787],[14.5024,42.2719],[14.5011,42.2644],[14.5011,42.2606],[14.5082,42.2524],[14.5216,42.2452],[14.544,42.2355],[14.5553,42.2277],[14.5903,42.2115],[14.6071,42.2046],[14.6322,42.1955],[14.647,42.1922],[14.6582,42.1878],[14.699,42.1744],[14.7171,42.1702],[14.7201,42.1542],[14.7169,42.1501],[14.7186,42.1341],[14.7228,42.1257],[14.7178,42.1077],[14.7242,42.0988],[14.7341,42.0912],[14.7515,42.0807],[14.7797,42.0699],[14.7722,42.0629],[14.7649,42.0511],[14.7617,42.0417],[14.7742,42.0396],[14.7823,42.0351],[14.7785,42.0279],[14.7659,42.0181],[14.752,42.0135],[14.7441,42.0078],[14.7331,42.006],[14.7237,41.9999],[14.7139,41.9901],[14.7011,41.9767],[14.701,41.9727],[14.6906,41.9678],[14.6806,41.9565],[14.673,41.9499],[14.6687,41.9465],[14.6653,41.9391],[14.6672,41.9326],[14.666,41.9275],[14.6648,41.921],[14.6638,41.9162],[14.6545,41.9107],[14.6522,41.9062],[14.6412,41.8994],[14.6291,41.8962],[14.6179,41.8914],[14.6143,41.8892],[14.6116,41.8807],[14.6039,41.87],[14.5994,41.8637],[14.5978,41.851],[14.593,41.8483],[14.5836,41.8407],[14.5776,41.8291],[14.573,41.8241],[14.5707,41.8212],[14.568,41.8181],[14.5605,41.8193],[14.5508,41.8167],[14.5425,41.8081],[14.5394,41.8024],[14.5309,41.8006],[14.5334,41.7916],[14.5289,41.787],[14.5197,41.784],[14.5071,41.7778],[14.5019,41.7734],[14.4894,41.761],[14.4855,41.7597],[14.471,41.763],[14.4572,41.7621],[14.4545,41.765],[14.4602,41.7741],[14.4651,41.7772],[14.4547,41.7958],[14.4507,41.8193],[14.4468,41.8344],[14.4423,41.8412],[14.4324,41.8411],[14.4267,41.8476],[14.4264,41.8509],[14.4071,41.8648],[14.3943,41.8703],[14.3791,41.8657],[14.3758,41.8739],[14.3766,41.88],[14.3665,41.8775],[14.3611,41.8743],[14.3643,41.8683],[14.3581,41.8599],[14.343,41.8625],[14.3435,41.8689],[14.3277,41.8858],[14.3237,41.8964],[14.3126,41.8929],[14.3027,41.8941],[14.3002,41.899],[14.2917,41.9018],[14.2843,41.9108],[14.2793,41.9095],[14.2663,41.8958],[14.2523,41.8884],[14.2465,41.8827],[14.2318,41.8775],[14.2297,41.8771],[14.2264,41.8683],[14.2169,41.8538],[14.2104,41.854],[14.1957,41.8483],[14.1951,41.8415],[14.1894,41.8416],[14.1818,41.8469],[14.1661,41.8425],[14.1619,41.839],[14.1556,41.8396],[14.1508,41.8307],[14.1471,41.8273],[14.1603,41.815],[14.1646,41.8094],[14.1681,41.7969],[14.1708,41.7796],[14.1759,41.7741],[14.1939,41.7734],[14.2019,41.767],[14.2012,41.7637],[14.1941,41.7562],[14.1939,41.748],[14.1788,41.7492],[14.1753,41.7546],[14.1758,41.7628],[14.1701,41.7652],[14.1613,41.7553],[14.1629,41.7507],[14.1586,41.747],[14.1388,41.7449],[14.134,41.7429],[14.1212,41.7459],[14.1152,41.7369],[14.1205,41.7327],[14.1233,41.7265],[14.1184,41.7163],[14.1072,41.7074],[14.1034,41.7183],[14.0954,41.7317],[14.0944,41.7379],[14.0882,41.7389],[14.0696,41.7373],[14.0664,41.7316],[14.0535,41.7195],[14.0533,41.7017],[14.0348,41.7017],[14.027,41.7027],[14.0257,41.6948],[14.0192,41.6824],[14.0104,41.6854],[13.9944,41.6937],[13.9819,41.6951],[13.9564,41.6957],[13.9481,41.6932],[13.941,41.6879]]]}},{"type":"Feature","properties":{"id":"molise","n":"Molise","macro":"sud","mn":"Sud","pop":287410,"nc":136,"nrd":134,"rd":62.21,"co":150.17,"kru":386.98,"kin":141.07,"drd":2.85,"km2":4444.5,"dens":64.7},"geometry":{"type":"Polygon","coordinates":[[[14.4192,41.435],[14.4124,41.4413],[14.4009,41.4372],[14.3898,41.4429],[14.3824,41.4432],[14.3591,41.4486],[14.3422,41.454],[14.3272,41.4534],[14.3047,41.4663],[14.2894,41.4694],[14.2843,41.4721],[14.2922,41.4764],[14.2816,41.4825],[14.2791,41.4865],[14.2633,41.4843],[14.2495,41.4846],[14.2417,41.4966],[14.2278,41.498],[14.216,41.4968],[14.2049,41.4999],[14.1829,41.4965],[14.1738,41.5007],[14.1673,41.4944],[14.1656,41.4794],[14.1516,41.4827],[14.132,41.5004],[14.1253,41.5074],[14.1185,41.5051],[14.1184,41.4965],[14.1079,41.4856],[14.1035,41.4837],[14.0952,41.4748],[14.0967,41.4733],[14.0824,41.4653],[14.0867,41.4598],[14.0782,41.4471],[14.0842,41.4396],[14.1015,41.4249],[14.1054,41.4233],[14.1075,41.4164],[14.1049,41.4106],[14.1039,41.4019],[14.108,41.3997],[14.1137,41.3886],[14.1114,41.3864],[14.0961,41.3902],[14.0894,41.3982],[14.0847,41.4],[14.0731,41.3983],[14.0606,41.398],[14.0423,41.3928],[14.0288,41.4083],[14.03,41.4118],[14.0232,41.4183],[14.0177,41.4234],[14.005,41.425],[14.0007,41.4309],[14.0075,41.4385],[14.0092,41.4456],[14.0057,41.4528],[13.9854,41.4581],[13.9779,41.4624],[13.9816,41.4699],[13.9929,41.4821],[13.9772,41.4922],[13.9756,41.497],[13.9787,41.501],[13.99,41.5063],[13.9949,41.5132],[14.0142,41.516],[14.0193,41.5218],[14.0222,41.5269],[14.0089,41.5344],[14.0059,41.5394],[14.0207,41.5425],[14.026,41.5549],[14.0237,41.5611],[14.0167,41.5641],[14.0045,41.5664],[14.0015,41.5698],[13.9977,41.5793],[14.0102,41.5926],[14.011,41.6075],[13.9979,41.6231],[13.9965,41.6242],[13.994,41.6389],[13.9874,41.6479],[13.9884,41.6539],[13.9757,41.6647],[13.9673,41.6741],[13.9594,41.6786],[13.9516,41.6801],[13.941,41.6879],[13.9481,41.6932],[13.9564,41.6957],[13.9819,41.6951],[13.9944,41.6937],[14.0104,41.6854],[14.0192,41.6824],[14.0257,41.6948],[14.027,41.7027],[14.0348,41.7017],[14.0533,41.7017],[14.0535,41.7195],[14.0664,41.7316],[14.0696,41.7373],[14.0882,41.7389],[14.0944,41.7379],[14.0954,41.7317],[14.1034,41.7183],[14.1072,41.7074],[14.1184,41.7163],[14.1233,41.7265],[14.1205,41.7327],[14.1152,41.7369],[14.1212,41.7459],[14.134,41.7429],[14.1388,41.7449],[14.1586,41.747],[14.1629,41.7507],[14.1613,41.7553],[14.1701,41.7652],[14.1758,41.7628],[14.1753,41.7546],[14.1788,41.7492],[14.1939,41.748],[14.1941,41.7562],[14.2012,41.7637],[14.2019,41.767],[14.1939,41.7734],[14.1759,41.7741],[14.1708,41.7796],[14.1681,41.7969],[14.1646,41.8094],[14.1603,41.815],[14.1471,41.8273],[14.1508,41.8307],[14.1556,41.8396],[14.1619,41.839],[14.1661,41.8425],[14.1818,41.8469],[14.1894,41.8416],[14.1951,41.8415],[14.1957,41.8483],[14.2104,41.854],[14.2169,41.8538],[14.2264,41.8683],[14.2297,41.8771],[14.2318,41.8775],[14.2465,41.8827],[14.2523,41.8884],[14.2663,41.8958],[14.2793,41.9095],[14.2843,41.9108],[14.2917,41.9018],[14.3002,41.899],[14.3027,41.8941],[14.3126,41.8929],[14.3237,41.8964],[14.3277,41.8858],[14.3435,41.8689],[14.343,41.8625],[14.3581,41.8599],[14.3643,41.8683],[14.3611,41.8743],[14.3665,41.8775],[14.3766,41.88],[14.3758,41.8739],[14.3791,41.8657],[14.3943,41.8703],[14.4071,41.8648],[14.4264,41.8509],[14.4267,41.8476],[14.4324,41.8411],[14.4423,41.8412],[14.4468,41.8344],[14.4507,41.8193],[14.4547,41.7958],[14.4651,41.7772],[14.4602,41.7741],[14.4545,41.765],[14.4572,41.7621],[14.471,41.763],[14.4855,41.7597],[14.4894,41.761],[14.5019,41.7734],[14.5071,41.7778],[14.5197,41.784],[14.5289,41.787],[14.5334,41.7916],[14.5309,41.8006],[14.5394,41.8024],[14.5425,41.8081],[14.5508,41.8167],[14.5605,41.8193],[14.568,41.8181],[14.5707,41.8212],[14.573,41.8241],[14.5776,41.8291],[14.5836,41.8407],[14.593,41.8483],[14.5978,41.851],[14.5994,41.8637],[14.6039,41.87],[14.6116,41.8807],[14.6143,41.8892],[14.6179,41.8914],[14.6291,41.8962],[14.6412,41.8994],[14.6522,41.9062],[14.6545,41.9107],[14.6638,41.9162],[14.6648,41.921],[14.666,41.9275],[14.6672,41.9326],[14.6653,41.9391],[14.6687,41.9465],[14.673,41.9499],[14.6806,41.9565],[14.6906,41.9678],[14.701,41.9727],[14.7011,41.9767],[14.7139,41.9901],[14.7237,41.9999],[14.7331,42.006],[14.7441,42.0078],[14.752,42.0135],[14.7659,42.0181],[14.7785,42.0279],[14.7823,42.0351],[14.7742,42.0396],[14.7617,42.0417],[14.7649,42.0511],[14.7722,42.0629],[14.7797,42.0699],[14.7923,42.0665],[14.805,42.0582],[14.8286,42.0475],[14.8394,42.0423],[14.8592,42.0345],[14.8785,42.0278],[14.9003,42.0214],[14.9156,42.0178],[14.9699,42.008],[14.9935,42.0048],[15.0041,41.9911],[15.0213,41.9842],[15.0278,41.9797],[15.0334,41.9772],[15.0592,41.9597],[15.0621,41.9542],[15.0767,41.9441],[15.0895,41.9385],[15.115,41.9314],[15.1329,41.9284],[15.1379,41.9267],[15.1349,41.9211],[15.1354,41.915],[15.1313,41.9031],[15.1328,41.8949],[15.1379,41.8907],[15.1388,41.8794],[15.1301,41.8733],[15.1235,41.8595],[15.119,41.8571],[15.1146,41.8508],[15.1037,41.8467],[15.1002,41.8338],[15.1045,41.8311],[15.1077,41.8229],[15.1165,41.8145],[15.1148,41.8109],[15.1158,41.8044],[15.1151,41.7896],[15.1118,41.7865],[15.101,41.782],[15.0973,41.766],[15.11,41.7538],[15.1166,41.749],[15.1032,41.749],[15.1028,41.7413],[15.1158,41.729],[15.1198,41.7226],[15.1211,41.7202],[15.1434,41.7113],[15.1572,41.7121],[15.1616,41.7097],[15.1334,41.6979],[15.1243,41.6961],[15.1178,41.6941],[15.106,41.6856],[15.1038,41.6818],[15.1052,41.676],[15.1008,41.6719],[15.0952,41.6738],[15.0935,41.6794],[15.0895,41.6817],[15.0859,41.6755],[15.09,41.672],[15.0764,41.6649],[15.0695,41.6601],[15.0542,41.6596],[15.0471,41.6529],[15.0448,41.6403],[15.0419,41.6366],[15.0341,41.6381],[15.0254,41.6341],[15.0235,41.6283],[15.0259,41.6227],[15.0083,41.6223],[14.9915,41.6291],[14.9887,41.6378],[14.969,41.6408],[14.961,41.6457],[14.9559,41.6434],[14.9534,41.6377],[14.9489,41.6315],[14.9349,41.6217],[14.9341,41.6195],[14.9404,41.6123],[14.9469,41.6096],[14.9452,41.6017],[14.9502,41.5926],[14.9467,41.5841],[14.9486,41.5738],[14.9454,41.5633],[14.9421,41.5589],[14.9371,41.544],[14.9371,41.5278],[14.9406,41.5236],[14.9469,41.5217],[14.9539,41.5228],[14.9664,41.519],[14.98,41.5055],[15.0027,41.4918],[15.0076,41.4865],[14.9905,41.4801],[14.9843,41.474],[14.9822,41.4691],[14.9767,41.4686],[14.9579,41.4626],[14.9464,41.456],[14.9304,41.4527],[14.9108,41.4519],[14.8935,41.4478],[14.8845,41.4447],[14.8747,41.4363],[14.8745,41.4336],[14.8677,41.4278],[14.8604,41.4265],[14.8557,41.4247],[14.8431,41.4266],[14.8244,41.4347],[14.8113,41.4426],[14.8056,41.4476],[14.7901,41.4526],[14.785,41.4521],[14.774,41.4455],[14.7708,41.4404],[14.7723,41.4336],[14.765,41.425],[14.7647,41.4174],[14.7462,41.4085],[14.7173,41.4009],[14.7144,41.4011],[14.7063,41.4049],[14.6996,41.4108],[14.6855,41.4113],[14.6715,41.4066],[14.6608,41.3932],[14.6534,41.3977],[14.6434,41.3941],[14.6339,41.3874],[14.6286,41.3785],[14.6146,41.3682],[14.6029,41.364],[14.5966,41.3679],[14.5855,41.3712],[14.5886,41.3767],[14.5863,41.3804],[14.5743,41.3902],[14.5663,41.3921],[14.5515,41.3793],[14.5307,41.3835],[14.5224,41.3853],[14.5104,41.3818],[14.5049,41.3826],[14.4999,41.388],[14.4886,41.3907],[14.483,41.4029],[14.478,41.4101],[14.4825,41.4139],[14.4775,41.419],[14.4658,41.4198],[14.4565,41.4261],[14.4538,41.428],[14.4404,41.4271],[14.4275,41.4291],[14.4264,41.4318],[14.4192,41.435]]]}},{"type":"Feature","properties":{"id":"campania","n":"Campania","macro":"sud","mn":"Sud","pop":5575025,"nc":550,"nrd":550,"rd":58.99,"co":242.92,"kru":469.39,"kin":196.51,"drd":2.31,"km2":13605.2,"dens":409.8},"geometry":{"type":"MultiPolygon","coordinates":[[[[13.9779,41.4624],[13.9854,41.4581],[14.0057,41.4528],[14.0092,41.4456],[14.0075,41.4385],[14.0007,41.4309],[14.005,41.425],[14.0177,41.4234],[14.0232,41.4183],[14.03,41.4118],[14.0288,41.4083],[14.0423,41.3928],[14.0606,41.398],[14.0731,41.3983],[14.0847,41.4],[14.0894,41.3982],[14.0961,41.3902],[14.1114,41.3864],[14.1137,41.3886],[14.108,41.3997],[14.1039,41.4019],[14.1049,41.4106],[14.1075,41.4164],[14.1054,41.4233],[14.1015,41.4249],[14.0842,41.4396],[14.0782,41.4471],[14.0867,41.4598],[14.0824,41.4653],[14.0967,41.4733],[14.0952,41.4748],[14.1035,41.4837],[14.1079,41.4856],[14.1184,41.4965],[14.1185,41.5051],[14.1253,41.5074],[14.132,41.5004],[14.1516,41.4827],[14.1656,41.4794],[14.1673,41.4944],[14.1738,41.5007],[14.1829,41.4965],[14.2049,41.4999],[14.216,41.4968],[14.2278,41.498],[14.2417,41.4966],[14.2495,41.4846],[14.2633,41.4843],[14.2791,41.4865],[14.2816,41.4825],[14.2922,41.4764],[14.2843,41.4721],[14.2894,41.4694],[14.3047,41.4663],[14.3272,41.4534],[14.3422,41.454],[14.3591,41.4486],[14.3824,41.4432],[14.3898,41.4429],[14.4009,41.4372],[14.4124,41.4413],[14.4192,41.435],[14.4264,41.4318],[14.4275,41.4291],[14.4404,41.4271],[14.4538,41.428],[14.4565,41.4261],[14.4658,41.4198],[14.4775,41.419],[14.4825,41.4139],[14.478,41.4101],[14.483,41.4029],[14.4886,41.3907],[14.4999,41.388],[14.5049,41.3826],[14.5104,41.3818],[14.5224,41.3853],[14.5307,41.3835],[14.5515,41.3793],[14.5663,41.3921],[14.5743,41.3902],[14.5863,41.3804],[14.5886,41.3767],[14.5855,41.3712],[14.5966,41.3679],[14.6029,41.364],[14.6146,41.3682],[14.6286,41.3785],[14.6339,41.3874],[14.6434,41.3941],[14.6534,41.3977],[14.6608,41.3932],[14.6715,41.4066],[14.6855,41.4113],[14.6996,41.4108],[14.7063,41.4049],[14.7144,41.4011],[14.7173,41.4009],[14.7462,41.4085],[14.7647,41.4174],[14.765,41.425],[14.7723,41.4336],[14.7708,41.4404],[14.774,41.4455],[14.785,41.4521],[14.7901,41.4526],[14.8056,41.4476],[14.8113,41.4426],[14.8244,41.4347],[14.8431,41.4266],[14.8557,41.4247],[14.8604,41.4265],[14.8677,41.4278],[14.8745,41.4336],[14.8747,41.4363],[14.8845,41.4447],[14.8935,41.4478],[14.9108,41.4519],[14.9304,41.4527],[14.9464,41.456],[14.9579,41.4626],[14.9767,41.4686],[14.9822,41.4691],[14.9843,41.474],[14.9905,41.4801],[15.0076,41.4865],[15.0168,41.4806],[15.0238,41.4769],[15.0324,41.4527],[15.0439,41.4559],[15.0428,41.4487],[15.0469,41.4434],[15.0551,41.4427],[15.0654,41.4395],[15.0682,41.4358],[15.0762,41.4328],[15.0842,41.4324],[15.0983,41.4339],[15.1033,41.4215],[15.0918,41.4179],[15.0889,41.4142],[15.0867,41.4043],[15.0953,41.3957],[15.0983,41.3906],[15.0815,41.3877],[15.0707,41.3774],[15.0584,41.3722],[15.0611,41.3576],[15.0667,41.3527],[15.0669,41.3427],[15.0722,41.3325],[15.083,41.3289],[15.0998,41.3276],[15.1126,41.3193],[15.1305,41.3172],[15.1268,41.3029],[15.1363,41.298],[15.1403,41.2912],[15.1363,41.2869],[15.1491,41.2804],[15.1503,41.2828],[15.1649,41.2832],[15.183,41.2865],[15.201,41.2863],[15.1985,41.2819],[15.204,41.2775],[15.2163,41.2752],[15.2205,41.2652],[15.2285,41.2664],[15.2351,41.2721],[15.2469,41.2714],[15.2559,41.2668],[15.2613,41.2602],[15.2757,41.2495],[15.2799,41.2407],[15.2662,41.2374],[15.2528,41.2387],[15.2461,41.2361],[15.2453,41.2274],[15.2489,41.2177],[15.2613,41.2026],[15.2624,41.1976],[15.2574,41.1974],[15.2275,41.185],[15.2235,41.1818],[15.2142,41.17],[15.2093,41.1677],[15.2083,41.1559],[15.2107,41.1487],[15.2175,41.1441],[15.2358,41.1399],[15.2568,41.1175],[15.2637,41.1134],[15.2634,41.1121],[15.2672,41.1066],[15.2814,41.0993],[15.2826,41.0973],[15.2917,41.0936],[15.2979,41.0933],[15.3143,41.1039],[15.3198,41.1],[15.3258,41.0994],[15.3378,41.0952],[15.3516,41.0948],[15.3583,41.0881],[15.3664,41.0849],[15.3824,41.0928],[15.3935,41.1013],[15.3964,41.1068],[15.4017,41.1058],[15.4094,41.1004],[15.4275,41.0929],[15.4461,41.078],[15.4623,41.076],[15.4782,41.0787],[15.4787,41.0763],[15.4896,41.07],[15.5295,41.0577],[15.543,41.0559],[15.5463,41.0529],[15.551,41.0394],[15.563,41.0312],[15.5585,41.0235],[15.5595,41.0169],[15.5663,41.0125],[15.5721,40.9989],[15.5688,40.9921],[15.5694,40.9801],[15.5666,40.9688],[15.5638,40.966],[15.5618,40.9637],[15.5476,40.953],[15.5423,40.9464],[15.5393,40.9317],[15.5342,40.924],[15.535,40.9198],[15.5285,40.9139],[15.5267,40.9075],[15.5127,40.9048],[15.4936,40.898],[15.4678,40.8897],[15.4693,40.8792],[15.4723,40.8733],[15.4606,40.8672],[15.4531,40.8688],[15.4446,40.8767],[15.43,40.8796],[15.4132,40.8815],[15.405,40.8807],[15.3979,40.8772],[15.3841,40.8762],[15.3734,40.8859],[15.3543,40.8827],[15.3536,40.8757],[15.3571,40.87],[15.3686,40.8715],[15.3784,40.8677],[15.3752,40.8596],[15.3764,40.8459],[15.3784,40.8408],[15.3742,40.8349],[15.3606,40.8392],[15.3534,40.8377],[15.335,40.8349],[15.3406,40.8289],[15.3466,40.8287],[15.3536,40.8242],[15.3664,40.8122],[15.3747,40.813],[15.3806,40.811],[15.3794,40.8062],[15.3661,40.8005],[15.3666,40.7983],[15.3779,40.7947],[15.3862,40.7971],[15.3856,40.7916],[15.3809,40.7786],[15.3912,40.7672],[15.3837,40.7636],[15.3791,40.7509],[15.3827,40.7364],[15.3816,40.7242],[15.3857,40.7219],[15.394,40.7173],[15.4025,40.7163],[15.4109,40.7118],[15.4147,40.706],[15.4302,40.6921],[15.4461,40.6871],[15.4583,40.6784],[15.4701,40.6731],[15.4872,40.6728],[15.4896,40.6654],[15.5,40.6656],[15.5037,40.6629],[15.5014,40.6557],[15.4921,40.6475],[15.4819,40.643],[15.4678,40.6393],[15.4658,40.6336],[15.4653,40.631],[15.4573,40.6223],[15.4535,40.6132],[15.4495,40.6091],[15.4609,40.6044],[15.4753,40.5924],[15.4854,40.5936],[15.4909,40.5869],[15.51,40.5858],[15.5157,40.5795],[15.5142,40.5741],[15.5199,40.5705],[15.5327,40.573],[15.5393,40.568],[15.535,40.5658],[15.5265,40.5573],[15.5308,40.556],[15.5382,40.5415],[15.536,40.5354],[15.5448,40.5302],[15.5398,40.5236],[15.5353,40.5223],[15.5505,40.5092],[15.5362,40.5008],[15.5397,40.4927],[15.5388,40.4881],[15.5566,40.4776],[15.5664,40.4768],[15.5779,40.4696],[15.5786,40.4627],[15.5834,40.4553],[15.5917,40.4461],[15.5866,40.4436],[15.5947,40.4409],[15.6044,40.4343],[15.6262,40.4262],[15.6342,40.4219],[15.6413,40.4152],[15.648,40.414],[15.6505,40.4082],[15.6626,40.3924],[15.6716,40.3979],[15.6811,40.3933],[15.7101,40.3773],[15.7094,40.37],[15.7042,40.3636],[15.7044,40.344],[15.7089,40.3366],[15.7204,40.3267],[15.721,40.3245],[15.7309,40.3222],[15.7269,40.3154],[15.7415,40.3024],[15.7492,40.2988],[15.7543,40.2998],[15.765,40.2984],[15.7783,40.2926],[15.7923,40.2897],[15.7973,40.2813],[15.8017,40.2788],[15.8057,40.2746],[15.8001,40.2697],[15.7996,40.2591],[15.8054,40.2514],[15.7959,40.2457],[15.7898,40.2442],[15.7873,40.2366],[15.7904,40.2293],[15.7973,40.2248],[15.7911,40.218],[15.7879,40.2177],[15.7741,40.2173],[15.7512,40.2018],[15.7345,40.2017],[15.7314,40.1993],[15.7325,40.196],[15.7299,40.1863],[15.7182,40.1827],[15.7126,40.1785],[15.7155,40.1684],[15.7017,40.1615],[15.7014,40.1531],[15.7069,40.1464],[15.7089,40.1363],[15.7054,40.1346],[15.7031,40.12],[15.7057,40.1178],[15.6966,40.1065],[15.6916,40.1019],[15.6823,40.0887],[15.6723,40.0822],[15.6616,40.0793],[15.6555,40.0806],[15.6516,40.0776],[15.6686,40.0733],[15.6758,40.0641],[15.6761,40.0548],[15.6453,40.043],[15.6269,40.0562],[15.6269,40.0622],[15.6325,40.0675],[15.6247,40.0742],[15.6224,40.0734],[15.6219,40.0718],[15.6212,40.0713],[15.6212,40.0713],[15.621,40.0713],[15.6175,40.0687],[15.6139,40.0698],[15.6004,40.0747],[15.5753,40.078],[15.5327,40.0739],[15.5215,40.0716],[15.5034,40.064],[15.502,40.0608],[15.4916,40.0522],[15.4844,40.0384],[15.4754,40.0398],[15.4601,40.0337],[15.4455,40.0197],[15.4315,40.0062],[15.4275,39.9972],[15.4185,39.9906],[15.4059,39.9948],[15.3806,40.0008],[15.3569,39.999],[15.3421,40.0052],[15.3368,40.0098],[15.3217,40.0271],[15.315,40.0318],[15.3093,40.0318],[15.3015,40.0296],[15.2917,40.0235],[15.2709,40.0229],[15.2674,40.0251],[15.2679,40.0314],[15.2809,40.0305],[15.2852,40.0351],[15.2822,40.0531],[15.2762,40.0667],[15.2712,40.0743],[15.2629,40.0826],[15.2454,40.0894],[15.2395,40.0933],[15.209,40.1211],[15.1993,40.125],[15.1929,40.1246],[15.1789,40.1273],[15.1696,40.1374],[15.1463,40.1601],[15.1328,40.1709],[15.118,40.1772],[15.1128,40.1771],[15.1002,40.1733],[15.0945,40.1735],[15.0854,40.1736],[15.0757,40.1679],[15.0659,40.1643],[15.0536,40.171],[15.0438,40.1695],[15.0363,40.1724],[15.0245,40.1823],[15.0201,40.1914],[15.0118,40.2021],[15.0063,40.207],[15.0007,40.2088],[14.9985,40.213],[14.9908,40.219],[14.9752,40.2202],[14.9687,40.2219],[14.9654,40.2258],[14.9537,40.2326],[14.9486,40.2337],[14.9387,40.2325],[14.9353,40.2285],[14.9254,40.2322],[14.909,40.2433],[14.9065,40.2539],[14.9236,40.2637],[14.9333,40.2671],[14.9427,40.275],[14.9456,40.2828],[14.9469,40.2953],[14.9457,40.3092],[14.9394,40.3193],[14.9456,40.3368],[14.9536,40.3379],[14.9539,40.3394],[14.9697,40.341],[14.979,40.3521],[14.9832,40.3507],[14.9935,40.3537],[14.9992,40.3605],[15.001,40.3793],[14.999,40.3897],[14.995,40.4006],[14.9802,40.4293],[14.9727,40.4406],[14.9556,40.4628],[14.9429,40.482],[14.9394,40.4863],[14.9306,40.502],[14.9168,40.529],[14.9066,40.5469],[14.8935,40.5665],[14.8828,40.5801],[14.8585,40.6078],[14.8392,40.626],[14.8218,40.6417],[14.8086,40.652],[14.789,40.6654],[14.7717,40.6733],[14.758,40.6777],[14.752,40.6753],[14.7474,40.6777],[14.7419,40.6695],[14.7347,40.6706],[14.7193,40.6669],[14.7098,40.6569],[14.7021,40.6459],[14.6916,40.6343],[14.6785,40.633],[14.642,40.6473],[14.6336,40.6479],[14.6249,40.6479],[14.6199,40.646],[14.6103,40.6363],[14.6079,40.6343],[14.5998,40.6333],[14.5846,40.6248],[14.577,40.6182],[14.5693,40.6157],[14.5545,40.6137],[14.5392,40.6134],[14.5295,40.6073],[14.5227,40.6089],[14.5154,40.6172],[14.5109,40.6199],[14.5028,40.6224],[14.4954,40.627],[14.481,40.6261],[14.4686,40.6202],[14.462,40.6179],[14.4568,40.6197],[14.4487,40.6178],[14.4374,40.6127],[14.4189,40.6104],[14.4171,40.607],[14.4069,40.5993],[14.3928,40.5949],[14.3523,40.5821],[14.3403,40.5772],[14.3245,40.569],[14.3205,40.5878],[14.3252,40.5908],[14.3337,40.608],[14.3417,40.6198],[14.3385,40.6261],[14.3468,40.627],[14.3518,40.6345],[14.3646,40.6278],[14.3775,40.6289],[14.3876,40.6333],[14.3997,40.6381],[14.4056,40.6437],[14.4081,40.6516],[14.4036,40.6563],[14.4082,40.6592],[14.4177,40.6597],[14.4295,40.6656],[14.4352,40.6722],[14.4359,40.6766],[14.4419,40.6833],[14.448,40.6874],[14.4713,40.6959],[14.4738,40.6916],[14.4818,40.7005],[14.4805,40.7088],[14.4705,40.7288],[14.4663,40.7359],[14.4558,40.748],[14.4472,40.7547],[14.4359,40.7552],[14.4255,40.7514],[14.4134,40.7523],[14.3956,40.7594],[14.3903,40.7646],[14.3633,40.7866],[14.3601,40.7856],[14.3601,40.7853],[14.3603,40.7848],[14.357,40.7914],[14.3512,40.7942],[14.3383,40.8045],[14.3327,40.8135],[14.3197,40.8214],[14.3164,40.8251],[14.2924,40.8377],[14.2739,40.8447],[14.2621,40.8437],[14.253,40.835],[14.2259,40.8307],[14.2207,40.8264],[14.2214,40.8255],[14.2107,40.8161],[14.2052,40.8074],[14.2067,40.8002],[14.1872,40.7922],[14.1746,40.7991],[14.1726,40.8058],[14.1656,40.8114],[14.1591,40.8081],[14.1658,40.812],[14.1591,40.8169],[14.156,40.818],[14.1333,40.8202],[14.1207,40.8205],[14.1174,40.8277],[14.1077,40.8317],[14.0901,40.8308],[14.0774,40.8255],[14.0724,40.8204],[14.0721,40.8166],[14.0819,40.8119],[14.0847,40.7934],[14.0904,40.7835],[14.0771,40.7875],[14.0649,40.7887],[14.0599,40.7876],[14.0416,40.7911],[14.0445,40.8112],[14.0475,40.8243],[14.0475,40.8451],[14.0448,40.8649],[14.0408,40.8779],[14.0325,40.899],[14.021,40.9206],[14.0025,40.9484],[13.9967,40.9562],[13.9781,40.9766],[13.9691,40.983],[13.9536,40.9987],[13.9393,41.0112],[13.926,41.0245],[13.9225,41.0265],[13.9185,41.0395],[13.906,41.0683],[13.9022,41.0753],[13.8905,41.096],[13.8699,41.12],[13.8533,41.1399],[13.8399,41.1568],[13.8266,41.1725],[13.8138,41.1845],[13.7887,41.2043],[13.7622,41.2226],[13.7737,41.2426],[13.7892,41.2434],[13.8017,41.2459],[13.8168,41.2437],[13.8336,41.2523],[13.8399,41.2634],[13.8341,41.2668],[13.8276,41.2775],[13.8285,41.2811],[13.8509,41.2896],[13.8666,41.2922],[13.8822,41.291],[13.8897,41.2975],[13.8947,41.3105],[13.8877,41.3197],[13.8786,41.3287],[13.8737,41.3383],[13.8774,41.3445],[13.8734,41.3486],[13.8709,41.3571],[13.8737,41.3748],[13.8769,41.3794],[13.8862,41.3844],[13.8804,41.3897],[13.8714,41.4039],[13.8631,41.41],[13.8612,41.4165],[13.8752,41.4265],[13.8862,41.4273],[13.8917,41.4246],[13.9048,41.4265],[13.9083,41.4286],[13.9108,41.4287],[13.9137,41.4333],[13.9311,41.4401],[13.9446,41.4506],[13.9528,41.4553],[13.9608,41.4635],[13.9779,41.4624]]],[[[14.231,40.5417],[14.1979,40.5367],[14.1967,40.5494],[14.1982,40.5593],[14.2006,40.5611],[14.213,40.5619],[14.2175,40.5608],[14.2315,40.5595],[14.2405,40.5557],[14.2525,40.5566],[14.2603,40.5613],[14.2663,40.5566],[14.2595,40.5469],[14.2525,40.5417],[14.2445,40.5467],[14.2345,40.5448],[14.231,40.5417]]],[[[13.9543,40.7072],[13.9488,40.705],[13.9403,40.7066],[13.9321,40.7038],[13.9235,40.6974],[13.9052,40.7018],[13.8967,40.7],[13.8814,40.7],[13.8737,40.6969],[13.8569,40.706],[13.8513,40.7105],[13.8612,40.7174],[13.8607,40.7237],[13.8578,40.7292],[13.8586,40.738],[13.8644,40.7419],[13.8686,40.7516],[13.8619,40.7574],[13.8712,40.7616],[13.8771,40.7568],[13.8832,40.7595],[13.886,40.7542],[13.8975,40.7512],[13.9078,40.749],[13.9242,40.75],[13.9313,40.7463],[13.9426,40.7454],[13.9551,40.7404],[13.9653,40.7127],[13.9583,40.711],[13.9543,40.7072]]],[[[14.0172,40.7698],[14.022,40.7583],[14.0128,40.7486],[14.0042,40.7451],[14.002,40.7475],[14.0097,40.7596],[14.01,40.7686],[14.0172,40.7698]]]]}},{"type":"Feature","properties":{"id":"puglia","n":"Puglia","macro":"sud","mn":"Sud","pop":3874166,"nc":257,"nrd":257,"rd":61.37,"co":225.6,"kru":467.23,"kin":183.65,"drd":1.48,"km2":19367.6,"dens":200.0},"geometry":{"type":"MultiPolygon","coordinates":[[[[15.543,41.0559],[15.5295,41.0577],[15.4896,41.07],[15.4787,41.0763],[15.4782,41.0787],[15.4623,41.076],[15.4461,41.078],[15.4275,41.0929],[15.4094,41.1004],[15.4017,41.1058],[15.3964,41.1068],[15.3935,41.1013],[15.3824,41.0928],[15.3664,41.0849],[15.3583,41.0881],[15.3516,41.0948],[15.3378,41.0952],[15.3258,41.0994],[15.3198,41.1],[15.3143,41.1039],[15.2979,41.0933],[15.2917,41.0936],[15.2826,41.0973],[15.2814,41.0993],[15.2672,41.1066],[15.2634,41.1121],[15.2637,41.1134],[15.2568,41.1175],[15.2358,41.1399],[15.2175,41.1441],[15.2107,41.1487],[15.2083,41.1559],[15.2093,41.1677],[15.2142,41.17],[15.2235,41.1818],[15.2275,41.185],[15.2574,41.1974],[15.2624,41.1976],[15.2613,41.2026],[15.2489,41.2177],[15.2453,41.2274],[15.2461,41.2361],[15.2528,41.2387],[15.2662,41.2374],[15.2799,41.2407],[15.2757,41.2495],[15.2613,41.2602],[15.2559,41.2668],[15.2469,41.2714],[15.2351,41.2721],[15.2285,41.2664],[15.2205,41.2652],[15.2163,41.2752],[15.204,41.2775],[15.1985,41.2819],[15.201,41.2863],[15.183,41.2865],[15.1649,41.2832],[15.1503,41.2828],[15.1491,41.2804],[15.1363,41.2869],[15.1403,41.2912],[15.1363,41.298],[15.1268,41.3029],[15.1305,41.3172],[15.1126,41.3193],[15.0998,41.3276],[15.083,41.3289],[15.0722,41.3325],[15.0669,41.3427],[15.0667,41.3527],[15.0611,41.3576],[15.0584,41.3722],[15.0707,41.3774],[15.0815,41.3877],[15.0983,41.3906],[15.0953,41.3957],[15.0867,41.4043],[15.0889,41.4142],[15.0918,41.4179],[15.1033,41.4215],[15.0983,41.4339],[15.0842,41.4324],[15.0762,41.4328],[15.0682,41.4358],[15.0654,41.4395],[15.0551,41.4427],[15.0469,41.4434],[15.0428,41.4487],[15.0439,41.4559],[15.0324,41.4527],[15.0238,41.4769],[15.0168,41.4806],[15.0076,41.4865],[15.0027,41.4918],[14.98,41.5055],[14.9664,41.519],[14.9539,41.5228],[14.9469,41.5217],[14.9406,41.5236],[14.9371,41.5278],[14.9371,41.544],[14.9421,41.5589],[14.9454,41.5633],[14.9486,41.5738],[14.9467,41.5841],[14.9502,41.5926],[14.9452,41.6017],[14.9469,41.6096],[14.9404,41.6123],[14.9341,41.6195],[14.9349,41.6217],[14.9489,41.6315],[14.9534,41.6377],[14.9559,41.6434],[14.961,41.6457],[14.969,41.6408],[14.9887,41.6378],[14.9915,41.6291],[15.0083,41.6223],[15.0259,41.6227],[15.0235,41.6283],[15.0254,41.6341],[15.0341,41.6381],[15.0419,41.6366],[15.0448,41.6403],[15.0471,41.6529],[15.0542,41.6596],[15.0695,41.6601],[15.0764,41.6649],[15.09,41.672],[15.0859,41.6755],[15.0895,41.6817],[15.0935,41.6794],[15.0952,41.6738],[15.1008,41.6719],[15.1052,41.676],[15.1038,41.6818],[15.106,41.6856],[15.1178,41.6941],[15.1243,41.6961],[15.1334,41.6979],[15.1616,41.7097],[15.1572,41.7121],[15.1434,41.7113],[15.1211,41.7202],[15.1198,41.7226],[15.1158,41.729],[15.1028,41.7413],[15.1032,41.749],[15.1166,41.749],[15.11,41.7538],[15.0973,41.766],[15.101,41.782],[15.1118,41.7865],[15.1151,41.7896],[15.1158,41.8044],[15.1148,41.8109],[15.1165,41.8145],[15.1077,41.8229],[15.1045,41.8311],[15.1002,41.8338],[15.1037,41.8467],[15.1146,41.8508],[15.119,41.8571],[15.1235,41.8595],[15.1301,41.8733],[15.1388,41.8794],[15.1379,41.8907],[15.1328,41.8949],[15.1313,41.9031],[15.1354,41.915],[15.1349,41.9211],[15.1379,41.9267],[15.1681,41.9222],[15.2077,41.9192],[15.2271,41.9187],[15.2752,41.9202],[15.2929,41.9202],[15.3233,41.9176],[15.336,41.9167],[15.3443,41.9136],[15.3543,41.9062],[15.3633,41.9032],[15.3917,41.9006],[15.4193,41.9008],[15.4583,41.9037],[15.4864,41.9068],[15.5248,41.9119],[15.5901,41.9217],[15.6129,41.9256],[15.623,41.9274],[15.6423,41.9267],[15.6473,41.9237],[15.66,41.9216],[15.6719,41.916],[15.6866,41.9144],[15.7021,41.9143],[15.7377,41.9157],[15.7771,41.9186],[15.8192,41.9225],[15.8683,41.9275],[15.8961,41.9299],[15.9332,41.9345],[15.9878,41.9437],[15.9896,41.9457],[16.0066,41.9465],[16.0121,41.9504],[16.0231,41.9478],[16.0241,41.9457],[16.0462,41.9464],[16.0622,41.9452],[16.0758,41.9407],[16.0836,41.9412],[16.0898,41.9387],[16.0936,41.9329],[16.1025,41.9282],[16.1181,41.9165],[16.1272,41.9131],[16.1419,41.9125],[16.1532,41.9085],[16.1545,41.8987],[16.1619,41.8904],[16.1765,41.8848],[16.1757,41.865],[16.1767,41.8551],[16.1848,41.8394],[16.1996,41.8266],[16.195,41.8222],[16.1946,41.8107],[16.1976,41.8035],[16.193,41.7825],[16.1867,41.7722],[16.1675,41.7664],[16.165,41.761],[16.1632,41.7546],[16.1535,41.7505],[16.1474,41.7496],[16.1401,41.7409],[16.1271,41.7389],[16.1049,41.7297],[16.09,41.7152],[16.0742,41.7111],[16.071,41.708],[16.0653,41.6957],[16.0395,41.6813],[16.0349,41.6772],[16.0286,41.6771],[16.0144,41.6695],[15.991,41.663],[15.9771,41.6547],[15.9672,41.6505],[15.9563,41.6481],[15.9435,41.6424],[15.938,41.6378],[15.9247,41.6315],[15.9033,41.6183],[15.8974,41.6048],[15.8954,41.5956],[15.8941,41.5755],[15.8986,41.5498],[15.9046,41.5324],[15.9182,41.5056],[15.9241,41.4964],[15.9334,41.4841],[15.9454,41.4713],[15.9623,41.4579],[15.9806,41.4457],[16.0054,41.4334],[16.0247,41.4257],[16.0412,41.4214],[16.102,41.3975],[16.1048,41.3975],[16.1259,41.3876],[16.1347,41.3857],[16.16,41.3731],[16.1687,41.3695],[16.1958,41.361],[16.2023,41.3598],[16.207,41.3594],[16.2226,41.3506],[16.2454,41.3362],[16.2667,41.3269],[16.2767,41.3243],[16.2932,41.3218],[16.3251,41.313],[16.3446,41.3094],[16.3547,41.3059],[16.3591,41.3047],[16.387,41.2903],[16.4008,41.2852],[16.4216,41.2802],[16.4274,41.2739],[16.4532,41.2598],[16.4676,41.2557],[16.4817,41.2566],[16.4854,41.2516],[16.5047,41.2473],[16.5062,41.2429],[16.5161,41.2436],[16.532,41.2387],[16.5356,41.2335],[16.5423,41.2295],[16.5559,41.2267],[16.5712,41.2186],[16.5744,41.2138],[16.582,41.2082],[16.597,41.2054],[16.6261,41.1949],[16.6403,41.1944],[16.6496,41.1915],[16.6603,41.1923],[16.6759,41.1874],[16.6954,41.178],[16.7213,41.1713],[16.7316,41.1698],[16.74,41.1689],[16.7611,41.163],[16.7794,41.1596],[16.7917,41.1487],[16.8095,41.1404],[16.8283,41.1368],[16.84,41.1388],[16.8458,41.1363],[16.852,41.1294],[16.8658,41.1303],[16.8709,41.1357],[16.8728,41.1258],[16.8904,41.1188],[16.916,41.1124],[16.9285,41.1118],[16.9387,41.1057],[16.9606,41.0978],[16.9848,41.0942],[16.9976,41.0882],[17.0084,41.0857],[17.0177,41.0852],[17.0333,41.0823],[17.0465,41.0803],[17.0571,41.077],[17.0668,41.0717],[17.0936,41.0624],[17.0961,41.0588],[17.1423,41.0369],[17.1447,41.0367],[17.1631,41.0308],[17.1755,41.0291],[17.2009,41.0095],[17.2018,41.0036],[17.2129,40.9999],[17.237,40.9931],[17.2432,40.9876],[17.2558,40.9817],[17.258,40.9784],[17.2637,40.9743],[17.2718,40.975],[17.2833,40.9686],[17.2826,40.9663],[17.2943,40.9603],[17.3068,40.9522],[17.3119,40.946],[17.3221,40.9381],[17.3269,40.9363],[17.3342,40.9289],[17.3459,40.9131],[17.3502,40.9057],[17.3657,40.8992],[17.3893,40.8923],[17.4148,40.8707],[17.4319,40.8602],[17.4572,40.8492],[17.4683,40.8396],[17.4728,40.8323],[17.4941,40.8227],[17.5151,40.8143],[17.5449,40.8043],[17.5594,40.7981],[17.5664,40.798],[17.5837,40.7932],[17.5941,40.7892],[17.6241,40.7834],[17.6341,40.7807],[17.6675,40.7704],[17.6769,40.7687],[17.7071,40.7581],[17.7226,40.7511],[17.7379,40.741],[17.7472,40.7333],[17.7757,40.72],[17.7968,40.7138],[17.8012,40.7082],[17.828,40.6952],[17.8438,40.6901],[17.874,40.6849],[17.9253,40.6795],[17.9419,40.682],[17.9471,40.6696],[17.9529,40.6641],[17.9619,40.6627],[17.9679,40.6597],[17.9617,40.6602],[17.9523,40.6482],[17.9439,40.6446],[17.9313,40.6428],[17.9336,40.6392],[17.9478,40.6413],[17.9529,40.645],[17.9661,40.6479],[17.9767,40.6469],[17.9822,40.6444],[17.9987,40.649],[18.0147,40.6366],[18.014,40.632],[18.0182,40.6219],[18.0316,40.6076],[18.0453,40.5972],[18.0411,40.5862],[18.0353,40.575],[18.035,40.5688],[18.0423,40.5586],[18.0549,40.5487],[18.0716,40.5398],[18.0747,40.5395],[18.0787,40.5278],[18.0876,40.5207],[18.0974,40.5154],[18.1074,40.5102],[18.1228,40.4976],[18.1255,40.4944],[18.1375,40.4883],[18.1448,40.4864],[18.1696,40.4806],[18.1779,40.4727],[18.1859,40.4693],[18.2029,40.4671],[18.2127,40.4612],[18.2228,40.4525],[18.2343,40.4484],[18.2491,40.4374],[18.2516,40.4323],[18.2598,40.4239],[18.2684,40.4193],[18.2789,40.4073],[18.3055,40.3919],[18.3059,40.383],[18.3172,40.3719],[18.3447,40.3564],[18.3626,40.3415],[18.3753,40.3279],[18.3768,40.3241],[18.3861,40.3145],[18.4092,40.2984],[18.4229,40.2942],[18.4314,40.2843],[18.4295,40.2738],[18.433,40.2699],[18.4405,40.2695],[18.4452,40.2546],[18.4497,40.2455],[18.4537,40.2431],[18.4613,40.2324],[18.4645,40.2221],[18.4585,40.2119],[18.4586,40.2033],[18.4636,40.1929],[18.4723,40.1883],[18.4789,40.1781],[18.4771,40.1754],[18.4799,40.1675],[18.4871,40.1621],[18.4888,40.1469],[18.4938,40.1453],[18.5032,40.1471],[18.5134,40.1382],[18.5164,40.1333],[18.5096,40.1313],[18.5067,40.1247],[18.5104,40.1186],[18.5204,40.1072],[18.5179,40.1036],[18.4938,40.088],[18.4888,40.08],[18.4831,40.0773],[18.4838,40.0735],[18.4781,40.0604],[18.4778,40.0501],[18.4751,40.0442],[18.4673,40.0383],[18.4357,40.0247],[18.4357,40.0168],[18.4317,40.0005],[18.4255,40.0008],[18.4167,39.9941],[18.4077,39.9748],[18.4031,39.9602],[18.4012,39.9475],[18.3962,39.9342],[18.3942,39.9126],[18.3901,39.9059],[18.3931,39.9033],[18.3972,39.896],[18.3991,39.889],[18.3971,39.8704],[18.3931,39.8684],[18.3916,39.8606],[18.3893,39.846],[18.3854,39.8418],[18.3859,39.831],[18.3904,39.8242],[18.3893,39.8156],[18.3781,39.8053],[18.3689,39.7938],[18.3616,39.7979],[18.3533,39.7956],[18.3463,39.7915],[18.334,39.7959],[18.3282,39.803],[18.327,39.8073],[18.3184,39.8099],[18.3149,39.8082],[18.3035,39.8185],[18.2881,39.8251],[18.2734,39.833],[18.2656,39.8356],[18.2423,39.8346],[18.2253,39.8357],[18.2047,39.8386],[18.1901,39.8472],[18.1764,39.8509],[18.1618,39.8591],[18.1513,39.8612],[18.1208,39.8847],[18.0927,39.8991],[18.0859,39.9007],[18.0771,39.907],[18.0682,39.9187],[18.0474,39.9288],[18.0451,39.9357],[18.0416,39.9368],[18.0298,39.9487],[18.0293,39.9573],[18.0228,39.9653],[18.0128,39.9707],[17.9949,39.9952],[17.9937,40.0002],[18.0058,39.9956],[18.009,39.9972],[18.0177,40.007],[18.0205,40.0158],[18.0192,40.0271],[18.0125,40.0395],[18.0042,40.0475],[17.9977,40.0507],[17.9824,40.0548],[17.9902,40.0585],[18.0012,40.067],[18.0057,40.0733],[18.011,40.0861],[18.012,40.0969],[18.0108,40.107],[18.004,40.1138],[17.9985,40.1214],[17.9927,40.1294],[17.9947,40.1312],[17.9872,40.1404],[17.9792,40.142],[17.9639,40.1476],[17.9589,40.1585],[17.9446,40.1693],[17.9388,40.1708],[17.93,40.1792],[17.9198,40.1921],[17.9178,40.2007],[17.9243,40.2176],[17.9215,40.2262],[17.9148,40.2301],[17.9102,40.2363],[17.9117,40.239],[17.9062,40.2383],[17.9092,40.2493],[17.9045,40.2562],[17.8953,40.2597],[17.8905,40.2587],[17.8845,40.2671],[17.8647,40.2817],[17.8559,40.2856],[17.8433,40.2845],[17.8394,40.2806],[17.8283,40.2835],[17.8165,40.2896],[17.7907,40.2931],[17.7639,40.2962],[17.7434,40.2955],[17.7306,40.3003],[17.7156,40.3013],[17.7003,40.3037],[17.6785,40.3048],[17.6609,40.3045],[17.6374,40.3032],[17.6101,40.3007],[17.5966,40.2996],[17.568,40.2986],[17.5372,40.2964],[17.5297,40.2948],[17.5106,40.2946],[17.504,40.2971],[17.5036,40.3025],[17.4948,40.3099],[17.4692,40.3146],[17.458,40.3169],[17.4514,40.326],[17.4427,40.3299],[17.4322,40.3315],[17.4272,40.3326],[17.4023,40.3323],[17.386,40.3373],[17.3806,40.34],[17.3795,40.3465],[17.3733,40.349],[17.3652,40.3491],[17.349,40.3548],[17.34,40.3619],[17.3259,40.3611],[17.3113,40.3662],[17.3046,40.3739],[17.2939,40.3785],[17.2848,40.3801],[17.2793,40.3792],[17.2677,40.3906],[17.2558,40.3957],[17.2472,40.3954],[17.2327,40.4011],[17.2227,40.4087],[17.2034,40.4082],[17.2021,40.4135],[17.2089,40.4211],[17.2214,40.4247],[17.2295,40.4237],[17.2427,40.4311],[17.2557,40.4427],[17.2507,40.456],[17.2468,40.4621],[17.2354,40.4719],[17.2201,40.4792],[17.1978,40.4787],[17.1851,40.4797],[17.1818,40.4814],[17.1819,40.4912],[17.1768,40.4897],[17.1658,40.5011],[17.1626,40.5061],[17.147,40.4951],[17.1493,40.5052],[17.146,40.5099],[17.1272,40.5176],[17.1129,40.5197],[17.0851,40.5197],[17.0716,40.5182],[17.0613,40.5159],[17.045,40.5124],[17.0195,40.5047],[16.9931,40.4938],[16.9798,40.4871],[16.9583,40.4753],[16.9345,40.46],[16.9095,40.4417],[16.9017,40.4355],[16.8846,40.4184],[16.8666,40.398],[16.8506,40.4013],[16.8421,40.4126],[16.8358,40.4104],[16.8183,40.4245],[16.8163,40.4292],[16.8094,40.433],[16.8097,40.4468],[16.8027,40.4574],[16.7927,40.462],[16.7598,40.4627],[16.7496,40.4652],[16.7438,40.4647],[16.7356,40.4679],[16.7207,40.4791],[16.7197,40.4814],[16.7371,40.5038],[16.7361,40.5119],[16.7253,40.5141],[16.7158,40.5243],[16.7243,40.5352],[16.7147,40.5449],[16.7057,40.5503],[16.7077,40.5633],[16.7167,40.5823],[16.7118,40.5927],[16.7183,40.5936],[16.7282,40.6014],[16.7238,40.6024],[16.7127,40.6156],[16.7098,40.6328],[16.716,40.649],[16.7257,40.6776],[16.7272,40.6884],[16.7155,40.6894],[16.6965,40.702],[16.7045,40.7112],[16.7087,40.7054],[16.7248,40.7138],[16.6776,40.7362],[16.6701,40.7414],[16.6634,40.749],[16.6616,40.7368],[16.6493,40.738],[16.6531,40.7439],[16.6433,40.7467],[16.6328,40.7537],[16.6221,40.754],[16.6078,40.7518],[16.598,40.7543],[16.5889,40.7584],[16.5855,40.7625],[16.5746,40.763],[16.5671,40.7545],[16.5779,40.742],[16.5724,40.7369],[16.5637,40.7398],[16.5606,40.7446],[16.5614,40.7491],[16.5586,40.7549],[16.5526,40.7579],[16.5434,40.7564],[16.5368,40.7529],[16.5313,40.7452],[16.5406,40.7419],[16.5439,40.7256],[16.5386,40.725],[16.525,40.7357],[16.5211,40.7403],[16.5226,40.7465],[16.5145,40.7492],[16.5085,40.7534],[16.501,40.7622],[16.496,40.7583],[16.4797,40.7368],[16.4632,40.7242],[16.4612,40.7239],[16.4433,40.712],[16.4304,40.7047],[16.4201,40.7019],[16.4138,40.7018],[16.4002,40.7074],[16.397,40.7142],[16.386,40.7314],[16.3804,40.7364],[16.3657,40.7431],[16.3501,40.749],[16.3161,40.7831],[16.298,40.7934],[16.2782,40.8016],[16.269,40.8146],[16.2559,40.8236],[16.2524,40.8327],[16.2441,40.8381],[16.2417,40.8473],[16.2311,40.8549],[16.2259,40.8781],[16.2239,40.8865],[16.2199,40.8894],[16.2143,40.9041],[16.2025,40.9176],[16.1793,40.9237],[16.1725,40.927],[16.1629,40.9285],[16.1555,40.9227],[16.1465,40.924],[16.1381,40.9183],[16.1336,40.906],[16.1238,40.9018],[16.1211,40.8977],[16.102,40.9144],[16.0936,40.9203],[16.0835,40.9238],[16.059,40.9289],[16.0457,40.937],[16.0259,40.9437],[16.0186,40.9447],[16.0041,40.9499],[15.983,40.9545],[15.9766,40.9584],[15.9718,40.9721],[15.9838,40.97],[16.0028,40.9702],[16.0232,40.9869],[16.0321,40.9984],[16.0314,41.0056],[16.0274,41.0138],[16.0279,41.0241],[16.0331,41.0275],[16.0404,41.0284],[16.0404,41.0364],[16.0221,41.0512],[16.0073,41.0592],[15.9989,41.0539],[15.9823,41.0774],[15.9801,41.0816],[15.983,41.0888],[15.9761,41.0942],[15.9542,41.0932],[15.96,41.1],[15.9533,41.1108],[15.9375,41.1135],[15.9319,41.109],[15.9211,41.1112],[15.9008,41.1263],[15.8938,41.1229],[15.8808,41.1369],[15.8703,41.1399],[15.8642,41.1308],[15.857,41.1313],[15.8467,41.1256],[15.8344,41.1302],[15.825,41.1179],[15.8159,41.1181],[15.8082,41.1137],[15.8054,41.1109],[15.8036,41.1026],[15.7988,41.0921],[15.7888,41.0878],[15.7813,41.0896],[15.7685,41.0832],[15.7663,41.085],[15.7527,41.0973],[15.7427,41.0994],[15.7304,41.099],[15.7259,41.0953],[15.7252,41.0908],[15.7179,41.0895],[15.6794,41.0868],[15.6753,41.0898],[15.666,41.0883],[15.6467,41.0897],[15.6362,41.0919],[15.6302,41.0964],[15.6175,41.0993],[15.6067,41.096],[15.5874,41.0983],[15.5744,41.0942],[15.559,41.0875],[15.5556,41.0803],[15.5493,41.0741],[15.5403,41.0722],[15.543,41.067],[15.543,41.0559]],[[16.6338,40.7549],[16.6423,40.7517],[16.6426,40.7562],[16.6338,40.7549]]],[[[15.4827,42.1038],[15.4773,42.1057],[15.4763,42.1116],[15.4841,42.1174],[15.4914,42.1255],[15.4962,42.1154],[15.4909,42.109],[15.4827,42.1038]]],[[[15.5042,42.1185],[15.5015,42.1198],[15.5135,42.1286],[15.5172,42.1257],[15.5042,42.1185]]],[[[15.509,42.1295],[15.5082,42.1349],[15.511,42.1391],[15.5177,42.1378],[15.509,42.1295]]],[[[17.1606,40.4532],[17.167,40.4481],[17.1572,40.4448],[17.151,40.446],[17.1515,40.4508],[17.1606,40.4532]]]]}},{"type":"Feature","properties":{"id":"basilicata","n":"Basilicata","macro":"sud","mn":"Sud","pop":528041,"nc":131,"nrd":129,"rd":65.86,"co":204.07,"kru":356.47,"kin":118.25,"drd":1.97,"km2":10001.5,"dens":52.8},"geometry":{"type":"MultiPolygon","coordinates":[[[[15.6453,40.043],[15.6761,40.0548],[15.6758,40.0641],[15.6686,40.0733],[15.6516,40.0776],[15.6555,40.0806],[15.6616,40.0793],[15.6723,40.0822],[15.6823,40.0887],[15.6916,40.1019],[15.6966,40.1065],[15.7057,40.1178],[15.7031,40.12],[15.7054,40.1346],[15.7089,40.1363],[15.7069,40.1464],[15.7014,40.1531],[15.7017,40.1615],[15.7155,40.1684],[15.7126,40.1785],[15.7182,40.1827],[15.7299,40.1863],[15.7325,40.196],[15.7314,40.1993],[15.7345,40.2017],[15.7512,40.2018],[15.7741,40.2173],[15.7879,40.2177],[15.7911,40.218],[15.7973,40.2248],[15.7904,40.2293],[15.7873,40.2366],[15.7898,40.2442],[15.7959,40.2457],[15.8054,40.2514],[15.7996,40.2591],[15.8001,40.2697],[15.8057,40.2746],[15.8017,40.2788],[15.7973,40.2813],[15.7923,40.2897],[15.7783,40.2926],[15.765,40.2984],[15.7543,40.2998],[15.7492,40.2988],[15.7415,40.3024],[15.7269,40.3154],[15.7309,40.3222],[15.721,40.3245],[15.7204,40.3267],[15.7089,40.3366],[15.7044,40.344],[15.7042,40.3636],[15.7094,40.37],[15.7101,40.3773],[15.6811,40.3933],[15.6716,40.3979],[15.6626,40.3924],[15.6505,40.4082],[15.648,40.414],[15.6413,40.4152],[15.6342,40.4219],[15.6262,40.4262],[15.6044,40.4343],[15.5947,40.4409],[15.5866,40.4436],[15.5917,40.4461],[15.5834,40.4553],[15.5786,40.4627],[15.5779,40.4696],[15.5664,40.4768],[15.5566,40.4776],[15.5388,40.4881],[15.5397,40.4927],[15.5362,40.5008],[15.5505,40.5092],[15.5353,40.5223],[15.5398,40.5236],[15.5448,40.5302],[15.536,40.5354],[15.5382,40.5415],[15.5308,40.556],[15.5265,40.5573],[15.535,40.5658],[15.5393,40.568],[15.5327,40.573],[15.5199,40.5705],[15.5142,40.5741],[15.5157,40.5795],[15.51,40.5858],[15.4909,40.5869],[15.4854,40.5936],[15.4753,40.5924],[15.4609,40.6044],[15.4495,40.6091],[15.4535,40.6132],[15.4573,40.6223],[15.4653,40.631],[15.4658,40.6336],[15.4678,40.6393],[15.4819,40.643],[15.4921,40.6475],[15.5014,40.6557],[15.5037,40.6629],[15.5,40.6656],[15.4896,40.6654],[15.4872,40.6728],[15.4701,40.6731],[15.4583,40.6784],[15.4461,40.6871],[15.4302,40.6921],[15.4147,40.706],[15.4109,40.7118],[15.4025,40.7163],[15.394,40.7173],[15.3857,40.7219],[15.3816,40.7242],[15.3827,40.7364],[15.3791,40.7509],[15.3837,40.7636],[15.3912,40.7672],[15.3809,40.7786],[15.3856,40.7916],[15.3862,40.7971],[15.3779,40.7947],[15.3666,40.7983],[15.3661,40.8005],[15.3794,40.8062],[15.3806,40.811],[15.3747,40.813],[15.3664,40.8122],[15.3536,40.8242],[15.3466,40.8287],[15.3406,40.8289],[15.335,40.8349],[15.3534,40.8377],[15.3606,40.8392],[15.3742,40.8349],[15.3784,40.8408],[15.3764,40.8459],[15.3752,40.8596],[15.3784,40.8677],[15.3686,40.8715],[15.3571,40.87],[15.3536,40.8757],[15.3543,40.8827],[15.3734,40.8859],[15.3841,40.8762],[15.3979,40.8772],[15.405,40.8807],[15.4132,40.8815],[15.43,40.8796],[15.4446,40.8767],[15.4531,40.8688],[15.4606,40.8672],[15.4723,40.8733],[15.4693,40.8792],[15.4678,40.8897],[15.4936,40.898],[15.5127,40.9048],[15.5267,40.9075],[15.5285,40.9139],[15.535,40.9198],[15.5342,40.924],[15.5393,40.9317],[15.5423,40.9464],[15.5476,40.953],[15.5618,40.9637],[15.5638,40.966],[15.5666,40.9688],[15.5694,40.9801],[15.5688,40.9921],[15.5721,40.9989],[15.5663,41.0125],[15.5595,41.0169],[15.5585,41.0235],[15.563,41.0312],[15.551,41.0394],[15.5463,41.0529],[15.543,41.0559],[15.543,41.067],[15.5403,41.0722],[15.5493,41.0741],[15.5556,41.0803],[15.559,41.0875],[15.5744,41.0942],[15.5874,41.0983],[15.6067,41.096],[15.6175,41.0993],[15.6302,41.0964],[15.6362,41.0919],[15.6467,41.0897],[15.666,41.0883],[15.6753,41.0898],[15.6794,41.0868],[15.7179,41.0895],[15.7252,41.0908],[15.7259,41.0953],[15.7304,41.099],[15.7427,41.0994],[15.7527,41.0973],[15.7663,41.085],[15.7685,41.0832],[15.7813,41.0896],[15.7888,41.0878],[15.7988,41.0921],[15.8036,41.1026],[15.8054,41.1109],[15.8082,41.1137],[15.8159,41.1181],[15.825,41.1179],[15.8344,41.1302],[15.8467,41.1256],[15.857,41.1313],[15.8642,41.1308],[15.8703,41.1399],[15.8808,41.1369],[15.8938,41.1229],[15.9008,41.1263],[15.9211,41.1112],[15.9319,41.109],[15.9375,41.1135],[15.9533,41.1108],[15.96,41.1],[15.9542,41.0932],[15.9761,41.0942],[15.983,41.0888],[15.9801,41.0816],[15.9823,41.0774],[15.9989,41.0539],[16.0073,41.0592],[16.0221,41.0512],[16.0404,41.0364],[16.0404,41.0284],[16.0331,41.0275],[16.0279,41.0241],[16.0274,41.0138],[16.0314,41.0056],[16.0321,40.9984],[16.0232,40.9869],[16.0028,40.9702],[15.9838,40.97],[15.9718,40.9721],[15.9766,40.9584],[15.983,40.9545],[16.0041,40.9499],[16.0186,40.9447],[16.0259,40.9437],[16.0457,40.937],[16.059,40.9289],[16.0835,40.9238],[16.0936,40.9203],[16.102,40.9144],[16.1211,40.8977],[16.1238,40.9018],[16.1336,40.906],[16.1381,40.9183],[16.1465,40.924],[16.1555,40.9227],[16.1629,40.9285],[16.1725,40.927],[16.1793,40.9237],[16.2025,40.9176],[16.2143,40.9041],[16.2199,40.8894],[16.2239,40.8865],[16.2259,40.8781],[16.2311,40.8549],[16.2417,40.8473],[16.2441,40.8381],[16.2524,40.8327],[16.2559,40.8236],[16.269,40.8146],[16.2782,40.8016],[16.298,40.7934],[16.3161,40.7831],[16.3501,40.749],[16.3657,40.7431],[16.3804,40.7364],[16.386,40.7314],[16.397,40.7142],[16.4002,40.7074],[16.4138,40.7018],[16.4201,40.7019],[16.4304,40.7047],[16.4433,40.712],[16.4612,40.7239],[16.4632,40.7242],[16.4797,40.7368],[16.496,40.7583],[16.501,40.7622],[16.5085,40.7534],[16.5145,40.7492],[16.5226,40.7465],[16.5211,40.7403],[16.525,40.7357],[16.5386,40.725],[16.5439,40.7256],[16.5406,40.7419],[16.5313,40.7452],[16.5368,40.7529],[16.5434,40.7564],[16.5526,40.7579],[16.5586,40.7549],[16.5614,40.7491],[16.5606,40.7446],[16.5637,40.7398],[16.5724,40.7369],[16.5779,40.742],[16.5671,40.7545],[16.5746,40.763],[16.5855,40.7625],[16.5889,40.7584],[16.598,40.7543],[16.6078,40.7518],[16.6221,40.754],[16.6328,40.7537],[16.6433,40.7467],[16.6531,40.7439],[16.6493,40.738],[16.6616,40.7368],[16.6634,40.749],[16.6701,40.7414],[16.6776,40.7362],[16.7248,40.7138],[16.7087,40.7054],[16.7045,40.7112],[16.6965,40.702],[16.7155,40.6894],[16.7272,40.6884],[16.7257,40.6776],[16.716,40.649],[16.7098,40.6328],[16.7127,40.6156],[16.7238,40.6024],[16.7282,40.6014],[16.7183,40.5936],[16.7118,40.5927],[16.7167,40.5823],[16.7077,40.5633],[16.7057,40.5503],[16.7147,40.5449],[16.7243,40.5352],[16.7158,40.5243],[16.7253,40.5141],[16.7361,40.5119],[16.7371,40.5038],[16.7197,40.4814],[16.7207,40.4791],[16.7356,40.4679],[16.7438,40.4647],[16.7496,40.4652],[16.7598,40.4627],[16.7927,40.462],[16.8027,40.4574],[16.8097,40.4468],[16.8094,40.433],[16.8163,40.4292],[16.8183,40.4245],[16.8358,40.4104],[16.8421,40.4126],[16.8506,40.4013],[16.8666,40.398],[16.8669,40.3973],[16.8498,40.3736],[16.8223,40.342],[16.8177,40.3359],[16.7864,40.3028],[16.7752,40.2828],[16.7541,40.2532],[16.7495,40.2458],[16.7381,40.2152],[16.7373,40.2106],[16.7313,40.2027],[16.7049,40.1723],[16.6917,40.1517],[16.6862,40.1459],[16.6636,40.132],[16.6453,40.1181],[16.6439,40.119],[16.6278,40.1298],[16.6203,40.132],[16.6102,40.1289],[16.6033,40.1294],[16.5872,40.1332],[16.5727,40.1266],[16.5619,40.1299],[16.5398,40.1237],[16.5301,40.1181],[16.518,40.1288],[16.515,40.1288],[16.503,40.1299],[16.4945,40.1251],[16.4864,40.1267],[16.4707,40.1341],[16.4521,40.1349],[16.4339,40.1281],[16.4211,40.144],[16.4198,40.1286],[16.415,40.1245],[16.409,40.121],[16.4138,40.1097],[16.4143,40.1027],[16.412,40.0914],[16.4155,40.0847],[16.4143,40.0806],[16.4061,40.0724],[16.3987,40.0557],[16.3988,40.0554],[16.3943,40.05],[16.3927,40.0423],[16.3942,40.0305],[16.3985,40.019],[16.391,40.0033],[16.3862,39.9987],[16.3792,39.9921],[16.3707,39.9835],[16.3674,39.9748],[16.3602,39.968],[16.3621,39.9602],[16.3581,39.9541],[16.3469,39.9494],[16.3379,39.9362],[16.3479,39.9245],[16.3597,39.9196],[16.3592,39.9171],[16.3562,39.9115],[16.3551,39.9012],[16.3497,39.8988],[16.3431,39.9024],[16.3339,39.9127],[16.314,39.9311],[16.3073,39.9347],[16.3005,39.9319],[16.2823,39.9309],[16.2684,39.936],[16.2509,39.932],[16.2444,39.9279],[16.2362,39.9254],[16.2166,39.9279],[16.2148,39.9243],[16.2189,39.9191],[16.2184,39.9085],[16.2148,39.896],[16.2008,39.8998],[16.1887,39.9076],[16.1878,39.9084],[16.1755,39.9122],[16.1672,39.9168],[16.1589,39.9194],[16.1512,39.9146],[16.1381,39.9014],[16.1289,39.9065],[16.1204,39.9052],[16.1033,39.907],[16.0908,39.903],[16.083,39.8966],[16.0767,39.896],[16.0615,39.8983],[16.0535,39.8982],[16.049,39.8949],[16.0425,39.9114],[16.0377,39.9161],[16.0166,39.9271],[16.0217,39.9345],[16.0139,39.9406],[16.0068,39.9569],[16.0234,39.9776],[16.0252,39.9758],[16.0299,39.9781],[16.0337,39.9843],[16.0307,39.9913],[16.0234,39.9959],[16.0086,39.9964],[16.0058,39.9896],[15.994,39.9854],[15.9791,39.9824],[15.9773,39.987],[15.9685,39.9918],[15.9642,39.9913],[15.9522,39.9943],[15.9375,40.0],[15.9279,40.001],[15.9227,39.9997],[15.9201,39.9954],[15.9106,39.9874],[15.9048,39.9864],[15.8979,39.9817],[15.8929,39.9865],[15.8903,39.9946],[15.8773,39.9964],[15.8723,39.9907],[15.8676,39.9902],[15.8568,40.001],[15.8502,40.006],[15.8374,40.0026],[15.8201,40.0019],[15.8186,39.9964],[15.8082,39.9882],[15.7976,39.9763],[15.7951,39.9716],[15.7871,39.9681],[15.7809,39.9664],[15.7741,39.9615],[15.7713,39.9556],[15.7715,39.9458],[15.766,39.9306],[15.756,39.9235],[15.7518,39.9316],[15.7425,39.9345],[15.735,39.9424],[15.7365,39.947],[15.732,39.9641],[15.7185,39.9777],[15.7021,39.9902],[15.6991,39.9961],[15.6916,39.9992],[15.6811,40.0061],[15.6754,40.0147],[15.6768,40.0256],[15.6744,40.0295],[15.6645,40.0396],[15.6475,40.0393],[15.6453,40.043]]],[[[16.6338,40.7549],[16.6426,40.7562],[16.6423,40.7517],[16.6338,40.7549]]]]}},{"type":"Feature","properties":{"id":"calabria","n":"Calabria","macro":"sud","mn":"Sud","pop":1828405,"nc":404,"nrd":396,"rd":57.84,"co":211.14,"kru":404.98,"kin":171.19,"drd":2.5,"km2":15099.8,"dens":121.1},"geometry":{"type":"MultiPolygon","coordinates":[[[[15.974,39.4674],[15.9587,39.4784],[15.9504,39.4941],[15.948,39.4964],[15.9452,39.5028],[15.9252,39.5265],[15.9167,39.5289],[15.9026,39.5376],[15.8899,39.5403],[15.8818,39.5438],[15.874,39.5539],[15.8671,39.5757],[15.8645,39.5776],[15.8608,39.5935],[15.8513,39.6187],[15.8444,39.6277],[15.8389,39.6486],[15.8319,39.6677],[15.8239,39.6747],[15.8174,39.6774],[15.8092,39.7101],[15.8084,39.7306],[15.8047,39.7437],[15.7989,39.7616],[15.7949,39.7734],[15.7854,39.817],[15.7831,39.8203],[15.7768,39.8208],[15.7748,39.8263],[15.7773,39.8321],[15.7691,39.8356],[15.7725,39.8418],[15.7795,39.8473],[15.7868,39.848],[15.7898,39.8509],[15.7919,39.8602],[15.7886,39.869],[15.779,39.8936],[15.768,39.9078],[15.756,39.9235],[15.766,39.9306],[15.7715,39.9458],[15.7713,39.9556],[15.7741,39.9615],[15.7809,39.9664],[15.7871,39.9681],[15.7951,39.9716],[15.7976,39.9763],[15.8082,39.9882],[15.8186,39.9964],[15.8201,40.0019],[15.8374,40.0026],[15.8502,40.006],[15.8568,40.001],[15.8676,39.9902],[15.8723,39.9907],[15.8773,39.9964],[15.8903,39.9946],[15.8929,39.9865],[15.8979,39.9817],[15.9048,39.9864],[15.9106,39.9874],[15.9201,39.9954],[15.9227,39.9997],[15.9279,40.001],[15.9375,40.0],[15.9522,39.9943],[15.9642,39.9913],[15.9685,39.9918],[15.9773,39.987],[15.9791,39.9824],[15.994,39.9854],[16.0058,39.9896],[16.0086,39.9964],[16.0234,39.9959],[16.0307,39.9913],[16.0337,39.9843],[16.0299,39.9781],[16.0252,39.9758],[16.0234,39.9776],[16.0068,39.9569],[16.0139,39.9406],[16.0217,39.9345],[16.0166,39.9271],[16.0377,39.9161],[16.0425,39.9114],[16.049,39.8949],[16.0535,39.8982],[16.0615,39.8983],[16.0767,39.896],[16.083,39.8966],[16.0908,39.903],[16.1033,39.907],[16.1204,39.9052],[16.1289,39.9065],[16.1381,39.9014],[16.1512,39.9146],[16.1589,39.9194],[16.1672,39.9168],[16.1755,39.9122],[16.1878,39.9084],[16.1887,39.9076],[16.2008,39.8998],[16.2148,39.896],[16.2184,39.9085],[16.2189,39.9191],[16.2148,39.9243],[16.2166,39.9279],[16.2362,39.9254],[16.2444,39.9279],[16.2509,39.932],[16.2684,39.936],[16.2823,39.9309],[16.3005,39.9319],[16.3073,39.9347],[16.314,39.9311],[16.3339,39.9127],[16.3431,39.9024],[16.3497,39.8988],[16.3551,39.9012],[16.3562,39.9115],[16.3592,39.9171],[16.3597,39.9196],[16.3479,39.9245],[16.3379,39.9362],[16.3469,39.9494],[16.3581,39.9541],[16.3621,39.9602],[16.3602,39.968],[16.3674,39.9748],[16.3707,39.9835],[16.3792,39.9921],[16.3862,39.9987],[16.391,40.0033],[16.3985,40.019],[16.3942,40.0305],[16.3927,40.0423],[16.3943,40.05],[16.3988,40.0554],[16.3987,40.0557],[16.4061,40.0724],[16.4143,40.0806],[16.4155,40.0847],[16.412,40.0914],[16.4143,40.1027],[16.4138,40.1097],[16.409,40.121],[16.415,40.1245],[16.4198,40.1286],[16.4211,40.144],[16.4339,40.1281],[16.4521,40.1349],[16.4707,40.1341],[16.4864,40.1267],[16.4945,40.1251],[16.503,40.1299],[16.515,40.1288],[16.518,40.1288],[16.5301,40.1181],[16.5398,40.1237],[16.5619,40.1299],[16.5727,40.1266],[16.5872,40.1332],[16.6033,40.1294],[16.6102,40.1289],[16.6203,40.132],[16.6278,40.1298],[16.6439,40.119],[16.6207,40.0978],[16.609,40.0848],[16.6037,40.0738],[16.6023,40.0645],[16.604,40.0552],[16.5989,40.0432],[16.599,40.0374],[16.6062,40.0261],[16.6103,40.0079],[16.6107,39.9974],[16.6137,39.9859],[16.6185,39.9764],[16.629,39.9674],[16.6296,39.9645],[16.625,39.9543],[16.6195,39.9515],[16.6047,39.931],[16.5985,39.9261],[16.5822,39.9099],[16.5772,39.9074],[16.5764,39.9069],[16.5651,39.8981],[16.5549,39.8884],[16.5383,39.8708],[16.5268,39.8559],[16.5188,39.8437],[16.5087,39.8346],[16.4967,39.8179],[16.4912,39.8047],[16.4862,39.7825],[16.4874,39.7673],[16.49,39.7569],[16.4935,39.7494],[16.4997,39.7415],[16.507,39.7355],[16.5098,39.7362],[16.5295,39.7245],[16.5261,39.6993],[16.5256,39.6799],[16.5235,39.6737],[16.518,39.6683],[16.523,39.6593],[16.5293,39.6665],[16.5398,39.6563],[16.5632,39.6428],[16.5934,39.6296],[16.6072,39.6246],[16.6303,39.6203],[16.6484,39.6198],[16.6811,39.6208],[16.6885,39.6215],[16.724,39.6169],[16.7356,39.6164],[16.7559,39.6245],[16.7704,39.6208],[16.7789,39.6163],[16.7862,39.6084],[16.8032,39.5987],[16.8177,39.5881],[16.8222,39.5757],[16.8267,39.5683],[16.8335,39.5614],[16.8436,39.5535],[16.8611,39.5442],[16.8666,39.5387],[16.8876,39.5296],[16.9019,39.5249],[16.9122,39.5178],[16.9258,39.5132],[16.9438,39.5018],[16.9611,39.4954],[16.9799,39.491],[17.015,39.4867],[17.0239,39.4825],[17.0289,39.4775],[17.0402,39.4522],[17.0468,39.444],[17.0528,39.4394],[17.0731,39.4279],[17.0809,39.4219],[17.0948,39.4159],[17.1209,39.4051],[17.1415,39.4017],[17.1533,39.402],[17.1567,39.4001],[17.1532,39.394],[17.1385,39.378],[17.1349,39.3724],[17.1324,39.3585],[17.1267,39.3461],[17.1132,39.3213],[17.1092,39.3072],[17.1107,39.2901],[17.1047,39.2664],[17.1054,39.2561],[17.1107,39.2453],[17.122,39.233],[17.1267,39.2255],[17.1385,39.2156],[17.1413,39.215],[17.1483,39.206],[17.1465,39.1981],[17.1422,39.1894],[17.1309,39.1726],[17.1229,39.1576],[17.1144,39.1371],[17.1102,39.1242],[17.1081,39.1073],[17.1097,39.0984],[17.118,39.0881],[17.1232,39.0853],[17.135,39.0833],[17.1305,39.0753],[17.1317,39.0663],[17.135,39.0588],[17.1467,39.0465],[17.1731,39.0332],[17.1959,39.027],[17.2066,39.0285],[17.2051,39.0206],[17.1941,39.0221],[17.1886,39.0203],[17.1811,39.0143],[17.168,38.9996],[17.1638,38.9941],[17.1595,38.9811],[17.1616,38.9661],[17.166,38.9646],[17.1701,38.9568],[17.1658,38.9521],[17.148,38.9431],[17.1299,38.9259],[17.0999,38.9035],[17.0936,38.8926],[17.0898,38.8963],[17.0934,38.9055],[17.0826,38.9131],[17.0616,38.9179],[17.0473,38.9193],[17.0337,38.9171],[17.03,38.9151],[17.029,38.9081],[17.0215,38.9059],[17.0102,38.9117],[16.9996,38.9238],[16.9976,38.93],[16.9829,38.9378],[16.9625,38.9389],[16.9536,38.9381],[16.8906,38.928],[16.8764,38.925],[16.8445,38.9174],[16.8223,38.9114],[16.7982,38.9037],[16.7703,38.8932],[16.7301,38.8747],[16.7083,38.8633],[16.7014,38.8601],[16.6857,38.8509],[16.6734,38.8437],[16.6376,38.8267],[16.6251,38.8258],[16.61,38.8154],[16.6032,38.8092],[16.5942,38.7956],[16.5884,38.7898],[16.5717,38.7729],[16.5699,38.769],[16.5679,38.7538],[16.5634,38.7522],[16.5584,38.7461],[16.5576,38.7407],[16.5459,38.7303],[16.5369,38.7188],[16.5349,38.7062],[16.5463,38.6924],[16.5548,38.6909],[16.5587,38.6795],[16.5567,38.6685],[16.5564,38.655],[16.5586,38.6416],[16.5604,38.6214],[16.5651,38.6098],[16.5674,38.6051],[16.5687,38.5941],[16.5699,38.5753],[16.5727,38.5607],[16.5717,38.535],[16.5756,38.5084],[16.5774,38.5053],[16.5792,38.5028],[16.5819,38.4701],[16.5827,38.4566],[16.5764,38.438],[16.5707,38.4267],[16.5674,38.4228],[16.5469,38.403],[16.5165,38.3768],[16.5028,38.3648],[16.4872,38.3534],[16.4734,38.3441],[16.4601,38.3368],[16.4421,38.3304],[16.4216,38.3258],[16.3792,38.3119],[16.3655,38.3072],[16.3529,38.3049],[16.3369,38.301],[16.3249,38.2938],[16.3199,38.2898],[16.3095,38.2762],[16.302,38.2688],[16.2885,38.2597],[16.2813,38.2498],[16.2732,38.2398],[16.2539,38.2198],[16.2377,38.2044],[16.2321,38.1993],[16.2221,38.1886],[16.2143,38.1814],[16.1925,38.158],[16.1792,38.1469],[16.172,38.1428],[16.1664,38.1372],[16.1612,38.1282],[16.1594,38.1139],[16.158,38.0998],[16.1505,38.0713],[16.1485,38.0569],[16.1432,38.0437],[16.1442,38.0313],[16.1401,38.0252],[16.1252,37.9993],[16.1161,37.9817],[16.1066,37.9675],[16.097,37.9567],[16.0782,37.9383],[16.0645,37.9256],[16.0484,37.923],[16.0322,37.9235],[16.0191,37.9225],[15.9981,37.9158],[15.976,37.9192],[15.9575,37.9193],[15.9322,37.9283],[15.9202,37.9297],[15.8983,37.9269],[15.8753,37.9262],[15.8399,37.9192],[15.827,37.9182],[15.8177,37.9199],[15.8046,37.9198],[15.7923,37.9172],[15.778,37.9159],[15.7643,37.9161],[15.7547,37.92],[15.7462,37.9254],[15.7405,37.9261],[15.7327,37.9254],[15.7212,37.9333],[15.7112,37.9362],[15.6971,37.9488],[15.6933,37.9506],[15.6834,37.9517],[15.6776,37.9544],[15.6545,37.9827],[15.646,37.9913],[15.6358,38.0087],[15.6335,38.0185],[15.644,38.0235],[15.6541,38.031],[15.657,38.0394],[15.6478,38.054],[15.652,38.0622],[15.6495,38.0683],[15.6347,38.0758],[15.6303,38.0923],[15.6305,38.102],[15.648,38.1142],[15.6553,38.1337],[15.6531,38.1414],[15.6551,38.1525],[15.6525,38.1578],[15.6405,38.1688],[15.6407,38.1787],[15.634,38.1859],[15.633,38.202],[15.6338,38.2069],[15.6333,38.2233],[15.6365,38.2322],[15.655,38.2357],[15.6711,38.2405],[15.6791,38.2471],[15.6856,38.2479],[15.6919,38.2511],[15.7132,38.2544],[15.7295,38.2527],[15.7368,38.2533],[15.7492,38.2571],[15.7701,38.2677],[15.7943,38.2803],[15.8171,38.3008],[15.8166,38.3046],[15.8249,38.3149],[15.8295,38.3249],[15.8285,38.3376],[15.8305,38.3406],[15.8339,38.3491],[15.833,38.356],[15.8392,38.3641],[15.8487,38.3704],[15.8582,38.3802],[15.8628,38.3888],[15.8607,38.3919],[15.8652,38.402],[15.8765,38.422],[15.8846,38.4336],[15.8898,38.4384],[15.8983,38.4515],[15.9084,38.4725],[15.9169,38.4973],[15.9184,38.505],[15.9186,38.5068],[15.9271,38.5269],[15.9306,38.5373],[15.9307,38.546],[15.9282,38.5504],[15.9129,38.5563],[15.9074,38.5608],[15.9011,38.5644],[15.8979,38.5713],[15.8926,38.5778],[15.8665,38.5926],[15.8567,38.6034],[15.8452,38.6131],[15.8325,38.6182],[15.8267,38.623],[15.8362,38.645],[15.8482,38.6593],[15.8635,38.6666],[15.8711,38.6723],[15.8853,38.6737],[15.9054,38.6835],[15.9064,38.6805],[15.9239,38.6875],[15.9475,38.6909],[15.9588,38.6984],[15.9627,38.703],[15.9715,38.714],[15.9818,38.7215],[15.9936,38.7236],[16.0021,38.723],[16.0187,38.7263],[16.0316,38.7278],[16.042,38.7277],[16.0465,38.7241],[16.058,38.7214],[16.0735,38.72],[16.0871,38.7151],[16.1044,38.7118],[16.1193,38.7185],[16.1279,38.7159],[16.1341,38.7175],[16.1469,38.7243],[16.1599,38.7375],[16.174,38.7425],[16.1823,38.7477],[16.1883,38.756],[16.1983,38.7756],[16.2073,38.7951],[16.2133,38.8105],[16.2194,38.8352],[16.2208,38.8489],[16.2211,38.8663],[16.2203,38.8812],[16.2204,38.9069],[16.2184,38.9204],[16.2151,38.926],[16.2101,38.9306],[16.1973,38.9318],[16.1757,38.9446],[16.1587,38.9495],[16.1535,38.9542],[16.1477,38.9688],[16.1429,38.9758],[16.1316,38.9985],[16.1241,39.004],[16.1148,39.0106],[16.1018,39.0252],[16.095,39.0419],[16.094,39.0488],[16.0853,39.083],[16.0763,39.1129],[16.0668,39.1335],[16.0653,39.1523],[16.0632,39.1587],[16.0628,39.1839],[16.0622,39.1951],[16.0599,39.2028],[16.0589,39.2208],[16.056,39.2588],[16.0537,39.2805],[16.051,39.2979],[16.046,39.3065],[16.0425,39.3235],[16.0367,39.3483],[16.0289,39.362],[16.0202,39.3847],[16.0154,39.3976],[15.9979,39.4364],[15.9916,39.4468],[15.9868,39.4545],[15.974,39.4674]]],[[[15.7793,39.8719],[15.77,39.8714],[15.7713,39.8752],[15.7793,39.8719]]]]}},{"type":"Feature","properties":{"id":"sicilia","n":"Sicilia","macro":"sud","mn":"Sud","pop":4779371,"nc":391,"nrd":391,"rd":58.45,"co":237.72,"kru":453.65,"kin":200.07,"drd":3.42,"km2":25751.8,"dens":185.6},"geometry":{"type":"MultiPolygon","coordinates":[[[[12.9079,38.0251],[12.9375,38.0293],[12.954,38.033],[12.9771,38.0404],[12.9972,38.0477],[13.0267,38.062],[13.0397,38.0715],[13.0525,38.0725],[13.0735,38.0854],[13.0783,38.0883],[13.073,38.1007],[13.0725,38.1108],[13.0683,38.1206],[13.0573,38.1315],[13.0528,38.1392],[13.0671,38.1428],[13.074,38.1516],[13.0826,38.1572],[13.0851,38.1642],[13.0818,38.1675],[13.0808,38.174],[13.0899,38.182],[13.1056,38.1909],[13.1221,38.1914],[13.1307,38.1883],[13.138,38.1835],[13.1422,38.1843],[13.156,38.1868],[13.1608,38.182],[13.1617,38.1727],[13.1735,38.1691],[13.1946,38.1699],[13.2202,38.1773],[13.2239,38.1792],[13.2374,38.1864],[13.2479,38.1989],[13.2585,38.201],[13.2738,38.1982],[13.2767,38.2023],[13.2963,38.2174],[13.3026,38.2205],[13.3181,38.224],[13.3279,38.2116],[13.3261,38.2037],[13.3331,38.1971],[13.3467,38.191],[13.3594,38.1901],[13.3655,38.1825],[13.3675,38.1737],[13.375,38.154],[13.3693,38.1442],[13.3683,38.1385],[13.3627,38.134],[13.365,38.1257],[13.3725,38.1205],[13.3843,38.1087],[13.4038,38.1005],[13.4123,38.0986],[13.4427,38.0949],[13.4509,38.0954],[13.473,38.098],[13.4808,38.1001],[13.4918,38.1029],[13.505,38.1083],[13.5085,38.1196],[13.513,38.117],[13.5318,38.1101],[13.5328,38.1113],[13.5358,38.1072],[13.5377,38.098],[13.5407,38.092],[13.5397,38.0872],[13.5397,38.0725],[13.5366,38.0704],[13.5381,38.0647],[13.5406,38.0582],[13.5511,38.0518],[13.5679,38.0379],[13.593,38.0269],[13.5978,38.0263],[13.6078,38.0206],[13.6191,38.0119],[13.6409,38.0051],[13.6522,37.9978],[13.6641,37.9943],[13.6982,37.9907],[13.7038,37.9908],[13.7067,37.9804],[13.7106,37.9775],[13.7225,37.9753],[13.7336,37.9749],[13.7449,37.9701],[13.7579,37.9709],[13.7975,37.975],[13.8098,37.9781],[13.823,37.9829],[13.8341,37.9826],[13.8546,37.9887],[13.896,38.0041],[13.9133,38.0118],[13.9335,38.0214],[13.9458,38.0282],[13.9671,38.0319],[13.9804,38.0291],[14.006,38.0324],[14.0197,38.0381],[14.0313,38.0405],[14.0326,38.0364],[14.043,38.0296],[14.0624,38.0191],[14.0836,38.0192],[14.1035,38.0155],[14.1065,38.0147],[14.126,38.0169],[14.1413,38.0226],[14.1458,38.026],[14.1553,38.0237],[14.1694,38.0183],[14.1808,38.0202],[14.1836,38.0192],[14.1986,38.0155],[14.2099,38.0149],[14.2282,38.0102],[14.2515,38.0102],[14.258,38.0091],[14.2701,38.0127],[14.2854,38.0073],[14.3089,38.0078],[14.325,38.0119],[14.3385,38.0188],[14.3523,38.0183],[14.357,38.0152],[14.373,38.0159],[14.3873,38.0204],[14.3978,38.0241],[14.424,38.0401],[14.4367,38.0409],[14.4423,38.0394],[14.4462,38.0344],[14.4578,38.0329],[14.4763,38.0334],[14.5023,38.0385],[14.5212,38.0415],[14.5332,38.0451],[14.553,38.0582],[14.5618,38.0602],[14.5811,38.0586],[14.5913,38.0606],[14.6086,38.0693],[14.6164,38.0717],[14.6299,38.0703],[14.6414,38.076],[14.6557,38.0866],[14.6712,38.094],[14.6895,38.1092],[14.7053,38.1253],[14.7104,38.1295],[14.7467,38.1648],[14.7509,38.1657],[14.7615,38.1562],[14.7782,38.1545],[14.7863,38.1514],[14.7913,38.1522],[14.7978,38.1549],[14.8098,38.1565],[14.8241,38.1606],[14.8367,38.1623],[14.8436,38.1638],[14.857,38.169],[14.8715,38.1676],[14.8908,38.1724],[14.9036,38.1842],[14.9163,38.1922],[14.9293,38.1838],[14.9399,38.1793],[14.9507,38.1685],[14.9642,38.1576],[14.9674,38.1535],[14.9769,38.1506],[15.012,38.149],[15.0433,38.152],[15.0464,38.1513],[15.0546,38.1432],[15.0561,38.1315],[15.0695,38.127],[15.0727,38.1233],[15.0874,38.1202],[15.1022,38.1226],[15.1195,38.1304],[15.1323,38.138],[15.1534,38.1434],[15.1706,38.1517],[15.1837,38.1604],[15.1885,38.1659],[15.2093,38.1835],[15.2253,38.2048],[15.239,38.2363],[15.2409,38.245],[15.2368,38.246],[15.2355,38.2526],[15.2375,38.2602],[15.2375,38.2697],[15.2503,38.2558],[15.2529,38.2467],[15.2494,38.2326],[15.2434,38.226],[15.2409,38.2183],[15.2449,38.2135],[15.2593,38.2084],[15.2731,38.2069],[15.2929,38.2064],[15.3188,38.2121],[15.3276,38.2146],[15.3411,38.2159],[15.3536,38.2177],[15.3568,38.2186],[15.3711,38.2234],[15.3776,38.2244],[15.3932,38.2292],[15.4203,38.2405],[15.4262,38.2414],[15.4438,38.2489],[15.4496,38.2513],[15.4799,38.2723],[15.4901,38.2775],[15.5174,38.2962],[15.5213,38.2978],[15.5403,38.3013],[15.5496,38.3005],[15.5568,38.2975],[15.5661,38.2905],[15.5829,38.2826],[15.6094,38.2743],[15.6227,38.2726],[15.636,38.2729],[15.6492,38.2708],[15.6506,38.2648],[15.6109,38.2566],[15.5838,38.2466],[15.5731,38.2347],[15.5676,38.2244],[15.5625,38.2071],[15.5583,38.1992],[15.5576,38.1904],[15.5618,38.1885],[15.5656,38.1927],[15.5633,38.1989],[15.5709,38.1987],[15.5763,38.1951],[15.5618,38.1817],[15.5496,38.168],[15.53,38.1411],[15.5217,38.1283],[15.5187,38.12],[15.4937,38.0749],[15.4829,38.0649],[15.4771,38.0545],[15.4569,38.0391],[15.443,38.0257],[15.439,38.017],[15.4228,38.0019],[15.4177,37.9954],[15.4045,37.9834],[15.3867,37.9639],[15.3802,37.9572],[15.3574,37.9313],[15.3494,37.9234],[15.3435,37.9098],[15.336,37.9054],[15.3185,37.8884],[15.3044,37.8757],[15.2979,37.866],[15.2969,37.8594],[15.3005,37.8578],[15.2977,37.8506],[15.286,37.8476],[15.2809,37.8427],[15.2692,37.8306],[15.2719,37.8249],[15.2656,37.8151],[15.2581,37.8073],[15.2484,37.7997],[15.2385,37.7882],[15.2236,37.7683],[15.2117,37.7535],[15.2065,37.7438],[15.205,37.7374],[15.2062,37.731],[15.2173,37.7166],[15.2183,37.7084],[15.214,37.7001],[15.2053,37.6879],[15.1992,37.6768],[15.1995,37.6718],[15.1962,37.6607],[15.1992,37.6542],[15.1932,37.6467],[15.1795,37.6378],[15.1742,37.6321],[15.1754,37.6221],[15.1731,37.6179],[15.1724,37.6085],[15.1736,37.5952],[15.1772,37.5841],[15.1772,37.5766],[15.1697,37.5743],[15.1664,37.572],[15.1591,37.5599],[15.1486,37.5563],[15.1478,37.5516],[15.1429,37.5435],[15.1261,37.5346],[15.1161,37.5316],[15.117,37.523],[15.1065,37.5145],[15.0982,37.5015],[15.0903,37.4997],[15.0913,37.4909],[15.0855,37.4806],[15.0869,37.4504],[15.0917,37.4059],[15.0905,37.3957],[15.091,37.3586],[15.093,37.3446],[15.0947,37.3328],[15.0978,37.3211],[15.1053,37.3102],[15.1113,37.3114],[15.1393,37.3068],[15.1476,37.299],[15.1617,37.2892],[15.1714,37.2933],[15.1857,37.2866],[15.1867,37.2794],[15.1949,37.2826],[15.2,37.2933],[15.209,37.2911],[15.2128,37.2835],[15.2235,37.2711],[15.2411,37.2605],[15.2438,37.25],[15.2463,37.246],[15.2529,37.2442],[15.2539,37.2337],[15.2456,37.2322],[15.2396,37.2358],[15.2346,37.2415],[15.2285,37.243],[15.2238,37.2387],[15.2235,37.2236],[15.2278,37.2209],[15.2245,37.2162],[15.22,37.2182],[15.2168,37.2297],[15.2163,37.2452],[15.2133,37.2477],[15.2065,37.2452],[15.2047,37.2405],[15.1975,37.2353],[15.186,37.237],[15.195,37.2262],[15.1887,37.2171],[15.1832,37.2158],[15.1829,37.2108],[15.1869,37.1908],[15.1905,37.1876],[15.2013,37.1782],[15.1997,37.1733],[15.2007,37.1614],[15.2047,37.155],[15.2117,37.1502],[15.2193,37.1499],[15.2268,37.1529],[15.2268,37.1589],[15.2356,37.1581],[15.2446,37.1458],[15.2405,37.1458],[15.2293,37.1526],[15.2241,37.1505],[15.2205,37.1445],[15.2206,37.1294],[15.235,37.1193],[15.237,37.1155],[15.2449,37.1144],[15.2591,37.1098],[15.2631,37.106],[15.2696,37.1067],[15.2819,37.1101],[15.2957,37.1068],[15.301,37.0924],[15.3014,37.0802],[15.2959,37.0773],[15.2924,37.0694],[15.2987,37.061],[15.2942,37.054],[15.2909,37.062],[15.2781,37.0652],[15.2714,37.058],[15.2711,37.0514],[15.2757,37.0394],[15.2794,37.0348],[15.2892,37.0325],[15.2989,37.0418],[15.3034,37.043],[15.315,37.0371],[15.3202,37.0267],[15.3328,37.0135],[15.3368,37.0076],[15.334,37.0017],[15.315,37.0036],[15.304,37.0146],[15.2995,37.0151],[15.2932,37.0102],[15.2836,37.0059],[15.2786,37.0076],[15.2677,37.0026],[15.2637,36.991],[15.2664,36.9858],[15.2593,36.9791],[15.2591,36.9733],[15.2443,36.9717],[15.2358,36.9724],[15.2298,36.9703],[15.2198,36.9624],[15.2108,36.9647],[15.2062,36.961],[15.2033,36.955],[15.1905,36.9477],[15.1864,36.9457],[15.1784,36.9376],[15.1764,36.9312],[15.1682,36.9219],[15.1579,36.9191],[15.1534,36.9146],[15.1418,36.8922],[15.1366,36.8769],[15.1389,36.8736],[15.1359,36.8662],[15.127,36.8657],[15.1173,36.8577],[15.1108,36.8484],[15.105,36.8341],[15.1098,36.8169],[15.1062,36.8064],[15.0942,36.7993],[15.0987,36.7909],[15.0943,36.7827],[15.0948,36.7766],[15.1012,36.7699],[15.1,36.7657],[15.103,36.7578],[15.1088,36.7494],[15.1146,36.7445],[15.1195,36.7448],[15.1165,36.7395],[15.1181,36.7329],[15.1215,36.7315],[15.1225,36.7171],[15.121,36.7124],[15.1233,36.7026],[15.126,36.6985],[15.1348,36.6916],[15.1403,36.6851],[15.1369,36.6741],[15.1326,36.6676],[15.1211,36.6746],[15.1125,36.6731],[15.109,36.6671],[15.1033,36.6621],[15.0817,36.6491],[15.0737,36.6556],[15.0641,36.6616],[15.0566,36.6618],[15.0517,36.6777],[15.0423,36.6889],[15.0269,36.6985],[15.0131,36.7029],[15.0003,36.7027],[14.9962,36.7021],[14.9727,36.6926],[14.9566,36.694],[14.9401,36.7057],[14.9186,36.7198],[14.9103,36.7243],[14.8947,36.7294],[14.8768,36.7311],[14.8622,36.7301],[14.8504,36.7277],[14.8344,36.7221],[14.8271,36.715],[14.8206,36.7164],[14.8111,36.7156],[14.7981,36.7072],[14.7832,36.7036],[14.7722,36.7104],[14.764,36.7108],[14.7574,36.7104],[14.7535,36.7171],[14.7434,36.7207],[14.7163,36.7206],[14.7064,36.7171],[14.701,36.7175],[14.6898,36.7212],[14.686,36.7264],[14.6708,36.7426],[14.6472,36.7526],[14.639,36.7611],[14.6282,36.7652],[14.6211,36.7655],[14.6014,36.7698],[14.5956,36.7726],[14.5876,36.7772],[14.5562,36.7824],[14.5477,36.7828],[14.5449,36.7793],[14.5312,36.7804],[14.5269,36.7834],[14.5164,36.7875],[14.5053,36.7879],[14.4934,36.7865],[14.483,36.7983],[14.4788,36.805],[14.4637,36.8167],[14.4575,36.8194],[14.4595,36.8273],[14.4558,36.8407],[14.4527,36.8434],[14.4442,36.87],[14.4392,36.8758],[14.4359,36.885],[14.4282,36.8912],[14.422,36.9036],[14.4164,36.9117],[14.4007,36.9316],[14.3878,36.9501],[14.3829,36.9562],[14.363,36.9783],[14.3378,37.0016],[14.3264,37.012],[14.2962,37.037],[14.2686,37.0514],[14.2443,37.0651],[14.2297,37.0677],[14.1982,37.0813],[14.1706,37.091],[14.1568,37.0951],[14.1397,37.0985],[14.1275,37.0997],[14.1157,37.1028],[14.0977,37.1067],[14.0693,37.1105],[14.0568,37.1101],[14.0391,37.1076],[14.0363,37.1062],[14.0247,37.1084],[13.9944,37.1099],[13.9754,37.1086],[13.9476,37.1001],[13.946,37.0975],[13.9355,37.0963],[13.92,37.0988],[13.907,37.0959],[13.8952,37.0973],[13.8787,37.1022],[13.8593,37.1122],[13.8556,37.1218],[13.8446,37.133],[13.8315,37.1402],[13.8241,37.1445],[13.8171,37.1455],[13.7952,37.1452],[13.7882,37.1468],[13.7669,37.1463],[13.7514,37.1492],[13.7353,37.1605],[13.7359,37.1624],[13.7263,37.1704],[13.7082,37.173],[13.6912,37.1841],[13.6689,37.1935],[13.6634,37.1935],[13.6606,37.2024],[13.6559,37.2116],[13.6481,37.2214],[13.6391,37.2293],[13.6296,37.2347],[13.6244,37.2354],[13.6141,37.2419],[13.596,37.2572],[13.5775,37.267],[13.5664,37.2783],[13.5579,37.2844],[13.5507,37.2868],[13.5417,37.2862],[13.5377,37.2822],[13.5186,37.2883],[13.5118,37.2914],[13.5003,37.2916],[13.497,37.2892],[13.488,37.289],[13.4823,37.2881],[13.4649,37.2952],[13.453,37.2945],[13.4263,37.3068],[13.4236,37.3134],[13.4128,37.3233],[13.4018,37.333],[13.3895,37.3353],[13.378,37.345],[13.359,37.3536],[13.3529,37.3582],[13.3445,37.3601],[13.3396,37.3591],[13.3231,37.3633],[13.3094,37.3786],[13.2978,37.3872],[13.2923,37.3895],[13.2717,37.3918],[13.2685,37.397],[13.2685,37.399],[13.2588,37.4185],[13.2539,37.4246],[13.2454,37.4314],[13.2394,37.4332],[13.2311,37.4421],[13.2272,37.4483],[13.2172,37.4592],[13.2114,37.4632],[13.2024,37.464],[13.1959,37.4653],[13.1878,37.4791],[13.1688,37.492],[13.1545,37.4968],[13.1444,37.4972],[13.1349,37.4955],[13.1305,37.4925],[13.1189,37.4973],[13.0991,37.5019],[13.0783,37.5058],[13.0547,37.5043],[13.0478,37.5023],[13.0385,37.4957],[13.02,37.4956],[13.0132,37.4992],[13.0152,37.5056],[13.0119,37.5126],[12.9929,37.5366],[12.9906,37.5382],[12.9888,37.5409],[12.9715,37.5538],[12.9641,37.5616],[12.9558,37.5672],[12.943,37.5723],[12.9177,37.577],[12.9115,37.5768],[12.9052,37.5738],[12.8964,37.577],[12.8879,37.5774],[12.8688,37.5814],[12.8581,37.5826],[12.8488,37.5813],[12.8317,37.582],[12.8114,37.5819],[12.7811,37.5808],[12.7648,37.5788],[12.7478,37.5752],[12.7257,37.569],[12.6947,37.5633],[12.6837,37.56],[12.6728,37.56],[12.6638,37.5665],[12.6538,37.5754],[12.6501,37.5758],[12.6451,37.5842],[12.63,37.6015],[12.6225,37.6117],[12.618,37.6211],[12.614,37.6347],[12.6064,37.6412],[12.5972,37.6451],[12.5864,37.6543],[12.5794,37.6512],[12.5676,37.6602],[12.5543,37.6634],[12.5426,37.6617],[12.5336,37.6586],[12.518,37.6607],[12.518,37.6624],[12.5172,37.6657],[12.5013,37.6747],[12.4939,37.6868],[12.4852,37.691],[12.4717,37.7033],[12.4751,37.7105],[12.4704,37.7208],[12.4724,37.7357],[12.4701,37.747],[12.4632,37.7564],[12.4599,37.7586],[12.4549,37.7734],[12.4433,37.7883],[12.4338,37.7939],[12.4255,37.8031],[12.4413,37.8134],[12.4436,37.8115],[12.4574,37.8137],[12.4617,37.8173],[12.4681,37.8278],[12.4689,37.8352],[12.4669,37.8404],[12.4776,37.8562],[12.4752,37.8581],[12.4857,37.8736],[12.4824,37.8815],[12.4757,37.8846],[12.4667,37.8918],[12.4592,37.9084],[12.4687,37.9174],[12.4729,37.9259],[12.4794,37.932],[12.4915,37.9511],[12.4985,37.966],[12.4937,37.9785],[12.4954,37.985],[12.5067,37.994],[12.5093,38.0045],[12.5192,38.0091],[12.5188,38.0137],[12.5102,38.0174],[12.5187,38.0214],[12.5335,38.0345],[12.5488,38.0459],[12.5548,38.0517],[12.5593,38.0635],[12.5694,38.0689],[12.5776,38.0707],[12.5892,38.0664],[12.6015,38.0647],[12.6105,38.0658],[12.6306,38.072],[12.6456,38.0781],[12.6478,38.0849],[12.6606,38.0915],[12.6631,38.0956],[12.6589,38.0988],[12.6569,38.1073],[12.6624,38.1126],[12.6723,38.1146],[12.6806,38.1116],[12.6877,38.1059],[12.7005,38.1056],[12.7112,38.1097],[12.7257,38.1247],[12.7265,38.1294],[12.7365,38.1371],[12.7377,38.1411],[12.7188,38.1669],[12.7159,38.1729],[12.716,38.1787],[12.7268,38.1879],[12.7347,38.1885],[12.7317,38.1803],[12.7386,38.176],[12.7659,38.1803],[12.7699,38.1772],[12.7718,38.1693],[12.7674,38.1644],[12.7674,38.1568],[12.7698,38.1514],[12.7796,38.151],[12.7909,38.1351],[12.7884,38.1198],[12.7901,38.112],[12.7969,38.1017],[12.8044,38.0943],[12.811,38.0812],[12.8164,38.0801],[12.8265,38.0668],[12.8387,38.0584],[12.8605,38.0507],[12.8686,38.0513],[12.8713,38.0435],[12.8713,38.0366],[12.8793,38.0288],[12.8931,38.0242],[12.9079,38.0251]]],[[[12.3085,37.9523],[12.317,37.9367],[12.3235,37.9297],[12.3266,37.9327],[12.3388,37.9365],[12.3491,37.9346],[12.3524,37.928],[12.3617,37.9223],[12.3691,37.9224],[12.3706,37.9184],[12.3657,37.9062],[12.3507,37.9076],[12.3373,37.9198],[12.3168,37.921],[12.2947,37.9163],[12.2865,37.9159],[12.2817,37.919],[12.2745,37.936],[12.278,37.9447],[12.2815,37.9457],[12.2888,37.9419],[12.299,37.9475],[12.3027,37.9521],[12.3085,37.9523]]],[[[12.0639,37.9901],[12.0647,37.9776],[12.0807,37.958],[12.082,37.9546],[12.092,37.9486],[12.0843,37.9449],[12.0738,37.949],[12.0564,37.9521],[12.0444,37.9585],[12.0454,37.9651],[12.0336,37.9887],[12.0392,37.9929],[12.0537,37.9906],[12.0639,37.9901]]],[[[12.3334,38.0206],[12.3354,38.0205],[12.3416,38.006],[12.3459,37.9986],[12.3531,37.9928],[12.3512,37.9887],[12.3369,37.9856],[12.3298,37.9871],[12.3228,37.9952],[12.32,38.001],[12.3221,38.0073],[12.3309,38.0147],[12.3334,38.0206]]],[[[12.4499,37.8962],[12.4454,37.892],[12.4491,37.8841],[12.4513,37.8743],[12.4484,37.8685],[12.4518,37.8528],[12.4508,37.8483],[12.4444,37.8481],[12.4393,37.8676],[12.4361,37.884],[12.4288,37.8923],[12.432,37.8961],[12.4444,37.8979],[12.4499,37.8962]]],[[[11.9545,36.8394],[11.9687,36.8364],[11.9772,36.8317],[11.9803,36.8265],[11.9878,36.8233],[12.0013,36.8197],[12.0061,36.8246],[12.0134,36.8251],[12.0272,36.8115],[12.0392,36.8033],[12.0489,36.7998],[12.0535,36.7905],[12.0559,36.7753],[12.0545,36.7614],[12.049,36.7501],[12.0282,36.7359],[12.0104,36.7345],[11.9928,36.7373],[11.9822,36.7445],[11.9727,36.7629],[11.9673,36.7673],[11.9569,36.7681],[11.955,36.7767],[11.9442,36.7904],[11.9372,36.7932],[11.9266,36.8023],[11.9271,36.8198],[11.9351,36.8318],[11.9447,36.8363],[11.9545,36.8394]]],[[[13.1803,38.7206],[13.1861,38.7166],[13.1984,38.7132],[13.1994,38.7086],[13.186,38.6963],[13.1735,38.6919],[13.16,38.6916],[13.1528,38.6937],[13.1593,38.7119],[13.172,38.7184],[13.1803,38.7206]]],[[[14.8467,38.5379],[14.8311,38.547],[14.8031,38.5552],[14.7966,38.5608],[14.7986,38.5661],[14.7986,38.5704],[14.8068,38.5829],[14.8196,38.5831],[14.8384,38.5812],[14.8457,38.5794],[14.858,38.5828],[14.8667,38.5831],[14.8712,38.5776],[14.8737,38.5612],[14.8684,38.5521],[14.871,38.5366],[14.8565,38.5342],[14.8467,38.5379]]],[[[14.9637,38.4122],[14.9852,38.4054],[14.9972,38.3963],[15.0,38.3856],[15.0061,38.3756],[15.0028,38.3708],[14.9923,38.3667],[14.9833,38.3668],[14.9765,38.3691],[14.961,38.3816],[14.9537,38.382],[14.9491,38.3852],[14.9394,38.402],[14.9389,38.4095],[14.9539,38.418],[14.9537,38.4284],[14.96,38.4323],[14.9689,38.4261],[14.9625,38.4199],[14.9637,38.4122]]],[[[14.9625,38.5213],[14.9647,38.5063],[14.9615,38.4987],[14.9635,38.4895],[14.9699,38.4853],[14.977,38.486],[14.9794,38.4791],[14.9684,38.4771],[14.963,38.4788],[14.9571,38.477],[14.9546,38.4718],[14.9569,38.4597],[14.9625,38.4516],[14.9591,38.4431],[14.9531,38.4393],[14.9431,38.4434],[14.9419,38.4504],[14.9321,38.4613],[14.9181,38.4629],[14.9125,38.4652],[14.8995,38.4791],[14.8983,38.49],[14.9023,38.4949],[14.904,38.5091],[14.9125,38.5184],[14.9263,38.523],[14.9321,38.5203],[14.9459,38.5197],[14.9605,38.5234],[14.9625,38.5213]]],[[[14.3518,38.5306],[14.3413,38.5347],[14.3392,38.5427],[14.3402,38.5483],[14.349,38.554],[14.3606,38.5547],[14.3665,38.5496],[14.3636,38.5378],[14.3593,38.5316],[14.3518,38.5306]]],[[[14.5871,38.5586],[14.5826,38.556],[14.5675,38.5588],[14.5558,38.5577],[14.5425,38.5709],[14.5394,38.5776],[14.5454,38.5853],[14.5617,38.5848],[14.5756,38.5813],[14.5806,38.575],[14.5803,38.5623],[14.5871,38.5586]]],[[[15.0584,38.625],[15.0546,38.6292],[15.0572,38.6378],[15.0622,38.6435],[15.0689,38.6472],[15.0769,38.644],[15.0774,38.6357],[15.0732,38.629],[15.0584,38.625]]],[[[15.215,38.7715],[15.1957,38.78],[15.1885,38.7878],[15.1897,38.796],[15.1992,38.7981],[15.207,38.8038],[15.2128,38.8101],[15.2206,38.812],[15.2311,38.8096],[15.2423,38.8051],[15.2411,38.7993],[15.2315,38.7895],[15.2268,38.7772],[15.215,38.7715]]],[[[12.5313,35.5292],[12.5446,35.5285],[12.5528,35.525],[12.5764,35.5232],[12.5939,35.5208],[12.5989,35.5215],[12.6047,35.526],[12.6228,35.522],[12.6318,35.5183],[12.6253,35.5102],[12.6325,35.5014],[12.6326,35.4937],[12.6188,35.4939],[12.6079,35.4953],[12.6054,35.5016],[12.602,35.5019],[12.5992,35.4956],[12.5904,35.4984],[12.5704,35.509],[12.5687,35.5114],[12.5375,35.5163],[12.53,35.5158],[12.5188,35.519],[12.5178,35.5216],[12.527,35.5283],[12.5313,35.5292]]],[[[12.8773,35.8748],[12.8796,35.8726],[12.8834,35.8599],[12.8808,35.8546],[12.8749,35.8556],[12.8595,35.8551],[12.8566,35.857],[12.8485,35.8683],[12.8498,35.8714],[12.8603,35.8755],[12.8656,35.8745],[12.8773,35.8748]]],[[[15.1443,36.6823],[15.1463,36.6885],[15.1519,36.6857],[15.1443,36.6823]]]]}},{"type":"Feature","properties":{"id":"sardegna","n":"Sardegna","macro":"sud","mn":"Sud","pop":1561339,"nc":377,"nrd":377,"rd":77.01,"co":232.88,"kru":466.56,"kin":102.49,"drd":0.87,"km2":24136.5,"dens":64.7},"geometry":{"type":"MultiPolygon","coordinates":[[[[8.3679,40.4965],[8.3614,40.4954],[8.3393,40.5092],[8.3263,40.5304],[8.322,40.5437],[8.3128,40.5598],[8.3178,40.567],[8.3178,40.5714],[8.3068,40.5857],[8.299,40.5912],[8.2867,40.5951],[8.2682,40.5899],[8.2584,40.5843],[8.2511,40.5845],[8.2456,40.5809],[8.2438,40.5699],[8.2326,40.5691],[8.1982,40.5711],[8.1978,40.5759],[8.201,40.5804],[8.2168,40.5941],[8.2186,40.6035],[8.2096,40.6148],[8.1973,40.6184],[8.1892,40.6157],[8.1867,40.6064],[8.1815,40.5978],[8.1614,40.5773],[8.1657,40.5672],[8.1614,40.5614],[8.1576,40.5695],[8.1594,40.5732],[8.1509,40.5795],[8.1474,40.5975],[8.1482,40.6045],[8.1434,40.6155],[8.1464,40.626],[8.1631,40.6295],[8.1845,40.6373],[8.1867,40.6392],[8.1893,40.6573],[8.1968,40.6718],[8.1988,40.6732],[8.1965,40.6779],[8.204,40.6795],[8.2032,40.6885],[8.1935,40.6918],[8.1865,40.6912],[8.1749,40.6947],[8.1754,40.7014],[8.1689,40.7091],[8.1551,40.7162],[8.1484,40.725],[8.1391,40.7276],[8.1338,40.7313],[8.1351,40.7377],[8.1517,40.7488],[8.1659,40.7657],[8.1675,40.7803],[8.1602,40.7908],[8.1621,40.7961],[8.1692,40.7965],[8.1757,40.801],[8.185,40.8123],[8.1885,40.8201],[8.1955,40.8281],[8.1953,40.835],[8.207,40.8502],[8.2082,40.8544],[8.2183,40.8685],[8.2195,40.8817],[8.2238,40.8864],[8.2193,40.9001],[8.2037,40.9093],[8.1923,40.9129],[8.1887,40.9181],[8.1908,40.9244],[8.1767,40.9326],[8.1774,40.939],[8.1897,40.9576],[8.1983,40.9691],[8.204,40.9716],[8.2116,40.9633],[8.2265,40.9532],[8.2369,40.9537],[8.2376,40.9509],[8.2331,40.9404],[8.2296,40.938],[8.2301,40.9296],[8.2346,40.9233],[8.2361,40.9171],[8.2328,40.9109],[8.2488,40.8915],[8.2769,40.8678],[8.29,40.8581],[8.3127,40.8454],[8.3268,40.8441],[8.3479,40.8399],[8.3686,40.838],[8.4137,40.8391],[8.4311,40.8309],[8.4493,40.8212],[8.4589,40.8195],[8.4669,40.8195],[8.4864,40.8197],[8.5193,40.8232],[8.5398,40.8263],[8.5543,40.8297],[8.5718,40.8349],[8.5896,40.842],[8.6077,40.8513],[8.6253,40.8649],[8.6307,40.8784],[8.6375,40.8832],[8.6576,40.8949],[8.6703,40.8974],[8.6834,40.9029],[8.6909,40.9075],[8.6946,40.9123],[8.7034,40.9159],[8.7077,40.9137],[8.7262,40.9127],[8.7327,40.917],[8.7428,40.9186],[8.7458,40.9171],[8.7616,40.9156],[8.7723,40.917],[8.7899,40.9222],[8.8027,40.9311],[8.818,40.9414],[8.8367,40.9572],[8.8661,40.9873],[8.874,40.9967],[8.8771,41.0044],[8.8766,41.01],[8.8799,41.0287],[8.8926,41.028],[8.9061,41.0366],[8.9161,41.0358],[8.929,41.0436],[8.9557,41.0671],[8.9761,41.084],[8.9911,41.1039],[8.9993,41.1045],[8.9968,41.107],[9.0058,41.1185],[9.0132,41.1253],[9.0219,41.1266],[9.0417,41.1374],[9.0508,41.1374],[9.0512,41.1343],[9.058,41.1281],[9.0647,41.1273],[9.0861,41.128],[9.1101,41.1349],[9.1217,41.1457],[9.1187,41.1518],[9.1232,41.1563],[9.1302,41.1527],[9.1524,41.1554],[9.1678,41.1681],[9.1712,41.1771],[9.1582,41.1835],[9.154,41.1972],[9.1557,41.2025],[9.1605,41.2047],[9.1673,41.2292],[9.16,41.2359],[9.148,41.2308],[9.1414,41.2324],[9.138,41.2376],[9.1444,41.2469],[9.1607,41.2422],[9.1592,41.238],[9.1653,41.2364],[9.1697,41.2416],[9.181,41.248],[9.1931,41.2477],[9.195,41.2424],[9.2071,41.2508],[9.2252,41.2593],[9.2351,41.2592],[9.2346,41.2493],[9.2362,41.2465],[9.2597,41.2421],[9.2717,41.236],[9.2805,41.2279],[9.281,41.2155],[9.2697,41.1964],[9.2773,41.1931],[9.2807,41.2062],[9.2857,41.2177],[9.2898,41.2185],[9.3008,41.2026],[9.2923,41.1997],[9.2895,41.1934],[9.3011,41.1907],[9.3086,41.1912],[9.3186,41.1945],[9.3319,41.1853],[9.3372,41.1912],[9.3306,41.1953],[9.3384,41.201],[9.3381,41.2047],[9.3489,41.2076],[9.3542,41.2027],[9.3634,41.2077],[9.3664,41.1994],[9.3654,41.1933],[9.3707,41.1831],[9.3808,41.1877],[9.3855,41.1806],[9.4065,41.1765],[9.4191,41.1791],[9.4233,41.1769],[9.4219,41.1666],[9.4151,41.1653],[9.4051,41.1579],[9.4086,41.1559],[9.4298,41.1548],[9.4329,41.1474],[9.4289,41.1458],[9.4359,41.1363],[9.4422,41.1309],[9.4402,41.1235],[9.4406,41.1034],[9.4497,41.1026],[9.4551,41.1139],[9.4617,41.1207],[9.4717,41.1257],[9.4729,41.1333],[9.4644,41.1358],[9.4644,41.1402],[9.4702,41.1419],[9.4802,41.1405],[9.4858,41.1465],[9.5101,41.1407],[9.5173,41.1438],[9.5148,41.1561],[9.5261,41.1568],[9.5294,41.153],[9.5323,41.1437],[9.5266,41.1337],[9.5396,41.1361],[9.5461,41.1314],[9.5389,41.1227],[9.5404,41.1144],[9.5448,41.1128],[9.5537,41.1191],[9.5609,41.1199],[9.5669,41.1159],[9.5695,41.1098],[9.5705,41.1005],[9.5607,41.0844],[9.5517,41.0793],[9.5446,41.0816],[9.5449,41.0881],[9.5403,41.0898],[9.5298,41.0739],[9.5286,41.0697],[9.5324,41.0618],[9.5258,41.0548],[9.5231,41.049],[9.5264,41.0425],[9.5196,41.0275],[9.514,41.0177],[9.5081,41.0157],[9.5061,41.0092],[9.5133,41.0079],[9.5238,41.0102],[9.5291,41.0168],[9.5266,41.0289],[9.5399,41.0299],[9.5612,41.0378],[9.5631,41.0347],[9.5627,41.0253],[9.5567,41.019],[9.5509,41.0068],[9.5576,41.0034],[9.5729,41.0054],[9.5769,41.0029],[9.5915,41.0143],[9.5963,41.0209],[9.6073,41.0187],[9.6195,41.0096],[9.6215,41.0061],[9.6311,41.0022],[9.6424,41.0009],[9.6469,41.0035],[9.6559,41.0045],[9.6641,40.9978],[9.6641,40.9941],[9.6526,40.9843],[9.6366,40.9878],[9.6246,40.9948],[9.6191,41.0027],[9.611,41.0033],[9.5915,40.9905],[9.5854,40.988],[9.5825,40.9829],[9.5829,40.9762],[9.594,40.9685],[9.582,40.9545],[9.5797,40.9551],[9.5682,40.9428],[9.5682,40.9357],[9.5752,40.9337],[9.5749,40.9279],[9.5627,40.924],[9.5451,40.926],[9.5391,40.9259],[9.5346,40.9326],[9.5238,40.9335],[9.5185,40.9305],[9.5023,40.9274],[9.5015,40.918],[9.5066,40.9114],[9.5294,40.914],[9.5464,40.9195],[9.5632,40.9191],[9.5659,40.9141],[9.5767,40.9034],[9.586,40.8998],[9.5918,40.9007],[9.6053,40.91],[9.6073,40.9164],[9.6136,40.9198],[9.6198,40.9202],[9.6303,40.9178],[9.6429,40.9202],[9.6451,40.9177],[9.6273,40.8986],[9.6225,40.895],[9.6153,40.8949],[9.616,40.8897],[9.6328,40.8846],[9.6406,40.8743],[9.6441,40.8741],[9.6478,40.8808],[9.6566,40.875],[9.6541,40.8708],[9.6523,40.8613],[9.6579,40.8565],[9.6637,40.8559],[9.6677,40.853],[9.6772,40.8617],[9.6847,40.8596],[9.6935,40.8463],[9.7162,40.8423],[9.728,40.8442],[9.72,40.835],[9.71,40.8325],[9.6892,40.837],[9.681,40.8266],[9.681,40.8219],[9.6892,40.8178],[9.6919,40.8113],[9.6882,40.8063],[9.6814,40.8091],[9.6759,40.8069],[9.6704,40.7956],[9.6726,40.7829],[9.6867,40.7665],[9.7037,40.7557],[9.715,40.7521],[9.7117,40.7403],[9.7142,40.7256],[9.7125,40.7214],[9.7148,40.7098],[9.723,40.6998],[9.7323,40.6947],[9.738,40.6946],[9.7461,40.6872],[9.7518,40.6738],[9.7489,40.6604],[9.7499,40.6559],[9.7446,40.6516],[9.7423,40.6454],[9.7419,40.6326],[9.7429,40.6259],[9.7513,40.6132],[9.7518,40.6008],[9.7588,40.5916],[9.7692,40.5832],[9.7826,40.5777],[9.7884,40.5727],[9.7924,40.5639],[9.794,40.5551],[9.7915,40.5505],[9.7989,40.5423],[9.809,40.537],[9.815,40.5372],[9.8247,40.5323],[9.8273,40.5274],[9.8237,40.5073],[9.82,40.4963],[9.809,40.4737],[9.7925,40.4431],[9.7834,40.4388],[9.7739,40.4217],[9.7729,40.4068],[9.7639,40.3907],[9.7541,40.3811],[9.7418,40.3814],[9.7305,40.3754],[9.7175,40.3665],[9.698,40.351],[9.6822,40.3369],[9.6775,40.331],[9.6657,40.3198],[9.6634,40.3142],[9.6544,40.301],[9.6471,40.2947],[9.6321,40.277],[9.624,40.2527],[9.623,40.245],[9.6243,40.2354],[9.6275,40.2247],[9.6283,40.2145],[9.6258,40.2079],[9.629,40.1919],[9.6341,40.1798],[9.6438,40.1735],[9.6544,40.1536],[9.6546,40.1498],[9.6614,40.139],[9.6697,40.1319],[9.6835,40.1168],[9.685,40.1115],[9.7007,40.1022],[9.7083,40.1006],[9.729,40.0908],[9.734,40.0861],[9.7356,40.0789],[9.7326,40.0733],[9.7275,40.0704],[9.7265,40.0624],[9.7205,40.0491],[9.716,40.046],[9.7055,40.0336],[9.7,40.0182],[9.7017,40.0105],[9.7,40.0007],[9.688,39.9855],[9.6865,39.9841],[9.685,39.9604],[9.687,39.948],[9.6944,39.9393],[9.6997,39.936],[9.7128,39.9389],[9.7158,39.9284],[9.7133,39.9218],[9.7055,39.9245],[9.6934,39.9193],[9.6832,39.9055],[9.6807,39.8858],[9.6822,39.8714],[9.6845,39.8662],[9.6902,39.8618],[9.6967,39.8535],[9.6854,39.8421],[9.6769,39.8207],[9.6714,39.7948],[9.6686,39.7768],[9.6684,39.7667],[9.6711,39.7648],[9.6734,39.755],[9.6714,39.7538],[9.6737,39.7488],[9.6739,39.7369],[9.6754,39.7261],[9.6737,39.7209],[9.676,39.7109],[9.6687,39.7011],[9.6616,39.6996],[9.6594,39.6922],[9.6642,39.6828],[9.6592,39.6722],[9.6519,39.6649],[9.6471,39.6517],[9.6476,39.6444],[9.6516,39.6341],[9.6526,39.6214],[9.6547,39.6112],[9.6567,39.6058],[9.6571,39.5951],[9.6556,39.5705],[9.6498,39.5609],[9.6513,39.5493],[9.6441,39.5467],[9.6389,39.5397],[9.6328,39.515],[9.6316,39.5037],[9.6326,39.4967],[9.6428,39.4934],[9.6449,39.4885],[9.6411,39.4827],[9.6459,39.4613],[9.6414,39.453],[9.6399,39.4421],[9.6366,39.4365],[9.6313,39.4334],[9.6206,39.4132],[9.608,39.3884],[9.6008,39.3687],[9.5975,39.3457],[9.599,39.331],[9.6048,39.3179],[9.6128,39.3116],[9.6193,39.3116],[9.6285,39.3064],[9.6339,39.2989],[9.6324,39.2953],[9.6213,39.2984],[9.6125,39.2972],[9.6005,39.2891],[9.5912,39.2784],[9.5819,39.2645],[9.5749,39.2517],[9.5702,39.2384],[9.5679,39.2248],[9.5677,39.2148],[9.5632,39.2014],[9.5644,39.189],[9.5779,39.1844],[9.5789,39.1756],[9.57,39.1703],[9.5662,39.1557],[9.5684,39.1533],[9.5639,39.1417],[9.5572,39.1345],[9.5489,39.1324],[9.5391,39.1331],[9.5313,39.1284],[9.5225,39.1197],[9.5188,39.1133],[9.5183,39.1052],[9.5225,39.0989],[9.515,39.099],[9.5031,39.1079],[9.506,39.1167],[9.5095,39.1185],[9.508,39.1269],[9.5025,39.1313],[9.4845,39.1356],[9.4727,39.1325],[9.4501,39.1292],[9.4424,39.1269],[9.4391,39.122],[9.4341,39.1254],[9.4339,39.1305],[9.4035,39.1447],[9.401,39.141],[9.3922,39.1447],[9.3948,39.1546],[9.3852,39.1601],[9.3845,39.1631],[9.371,39.174],[9.3569,39.1785],[9.3527,39.1773],[9.3457,39.1811],[9.3414,39.1862],[9.3386,39.1936],[9.3234,39.2009],[9.3199,39.2047],[9.3104,39.2058],[9.3043,39.2048],[9.2975,39.2132],[9.2775,39.214],[9.2474,39.2165],[9.2431,39.2182],[9.2381,39.2247],[9.2297,39.2281],[9.2113,39.2271],[9.1921,39.2212],[9.182,39.2167],[9.1648,39.2044],[9.1598,39.1937],[9.169,39.1881],[9.1645,39.1822],[9.1587,39.1813],[9.146,39.1839],[9.141,39.1878],[9.1234,39.206],[9.1099,39.214],[9.0959,39.2141],[9.0785,39.2049],[9.0613,39.1935],[9.0382,39.1721],[9.0261,39.158],[9.0192,39.1492],[9.0139,39.1304],[9.0089,39.1212],[9.0141,39.112],[9.0164,39.1048],[9.0142,39.0987],[9.0162,39.0876],[9.0219,39.0821],[9.034,39.0671],[9.045,39.0585],[9.0457,39.0561],[9.0409,39.0417],[9.0295,39.0294],[9.0244,39.0201],[9.0242,39.0039],[9.0117,38.9871],[8.9961,38.9854],[8.9901,38.9749],[8.9673,38.9563],[8.9448,38.9417],[8.9382,38.9351],[8.9249,38.928],[8.9107,38.9156],[8.9032,38.9051],[8.8923,38.8989],[8.8814,38.8961],[8.8545,38.8786],[8.8463,38.8768],[8.839,38.8806],[8.8325,38.8775],[8.8267,38.8871],[8.8197,38.8945],[8.8059,38.8997],[8.7989,38.8947],[8.7941,38.8946],[8.7836,38.8983],[8.7813,38.9025],[8.7804,38.9131],[8.7748,38.9155],[8.7621,38.9171],[8.757,38.9202],[8.7307,38.9318],[8.7275,38.9356],[8.7202,38.9367],[8.7199,38.9311],[8.7147,38.925],[8.7032,38.9202],[8.6932,38.9187],[8.6818,38.9094],[8.6638,38.9078],[8.6678,38.9048],[8.6703,38.8971],[8.6644,38.8941],[8.656,38.8982],[8.6498,38.8948],[8.649,38.8856],[8.6533,38.8832],[8.6566,38.8706],[8.6445,38.8652],[8.6367,38.8674],[8.6458,38.8761],[8.641,38.8829],[8.6478,38.892],[8.6441,38.8955],[8.632,38.8955],[8.6213,38.8904],[8.6094,38.8912],[8.6067,38.8929],[8.6075,38.9061],[8.6182,38.9159],[8.6235,38.9376],[8.6213,38.9438],[8.6127,38.9579],[8.6034,38.963],[8.5962,38.9618],[8.5867,38.9557],[8.5847,38.9597],[8.5887,38.9645],[8.5767,38.9806],[8.5726,38.9907],[8.5684,38.9933],[8.5651,38.9998],[8.5661,39.0067],[8.5668,39.0118],[8.5749,39.017],[8.5761,39.0253],[8.5749,39.0321],[8.5679,39.0429],[8.5598,39.0468],[8.5531,39.0462],[8.5441,39.0465],[8.5272,39.0593],[8.5115,39.0624],[8.4987,39.0635],[8.4661,39.057],[8.4684,39.0492],[8.4528,39.0247],[8.4503,39.0107],[8.4514,38.9895],[8.4473,38.9831],[8.4406,38.9778],[8.4448,38.97],[8.4371,38.9667],[8.4366,38.9628],[8.4301,38.96],[8.4162,38.9595],[8.4098,38.9564],[8.4032,38.9623],[8.4037,38.9741],[8.3969,38.9759],[8.3937,38.9836],[8.3942,38.9893],[8.389,38.9919],[8.3827,39.003],[8.3839,39.0061],[8.3754,39.0121],[8.3711,39.0188],[8.3734,39.0232],[8.3661,39.027],[8.3642,39.0329],[8.3604,39.0376],[8.3599,39.0496],[8.3564,39.0656],[8.3499,39.0764],[8.3581,39.0848],[8.3508,39.0969],[8.3602,39.1048],[8.3602,39.1099],[8.3671,39.1126],[8.3732,39.1123],[8.3779,39.1018],[8.3865,39.0992],[8.4093,39.1018],[8.423,39.1084],[8.426,39.1085],[8.4315,39.0959],[8.4371,39.0946],[8.4513,39.0877],[8.4566,39.0837],[8.4564,39.0769],[8.4591,39.0657],[8.4644,39.058],[8.4742,39.0591],[8.4789,39.0626],[8.4776,39.0693],[8.4884,39.0846],[8.4877,39.0889],[8.4791,39.0934],[8.4716,39.1122],[8.4668,39.1186],[8.4611,39.1212],[8.4548,39.1182],[8.4426,39.1166],[8.4356,39.1227],[8.4335,39.1298],[8.4386,39.1412],[8.4371,39.156],[8.434,39.159],[8.4183,39.1713],[8.4112,39.1734],[8.4075,39.1632],[8.4142,39.1597],[8.4165,39.1547],[8.4127,39.1511],[8.4068,39.1587],[8.4065,39.1636],[8.4014,39.1791],[8.3994,39.19],[8.4014,39.1937],[8.3964,39.1993],[8.3894,39.1985],[8.3804,39.2032],[8.3722,39.2095],[8.3682,39.2155],[8.3666,39.2283],[8.3942,39.2486],[8.4009,39.2527],[8.411,39.2644],[8.4207,39.2661],[8.4253,39.2695],[8.4341,39.284],[8.437,39.292],[8.433,39.308],[8.4266,39.3183],[8.4198,39.3208],[8.4178,39.3255],[8.4205,39.3326],[8.416,39.3362],[8.3967,39.3377],[8.388,39.3524],[8.3855,39.3656],[8.3761,39.3688],[8.3794,39.3739],[8.386,39.3937],[8.3922,39.396],[8.4027,39.4051],[8.4107,39.418],[8.4127,39.4269],[8.412,39.4375],[8.4097,39.4417],[8.404,39.4445],[8.3925,39.4468],[8.3834,39.4574],[8.3875,39.4759],[8.3972,39.4847],[8.404,39.4867],[8.42,39.5046],[8.4315,39.5196],[8.4351,39.5228],[8.4511,39.5455],[8.4549,39.5635],[8.4601,39.5693],[8.4648,39.5782],[8.4636,39.5876],[8.4689,39.5948],[8.4707,39.6015],[8.4649,39.6168],[8.4519,39.6233],[8.4496,39.6342],[8.4518,39.6395],[8.4524,39.6546],[8.4539,39.6598],[8.4591,39.6675],[8.4504,39.6754],[8.4445,39.6784],[8.4448,39.6852],[8.4483,39.6859],[8.4521,39.6931],[8.4554,39.7112],[8.4473,39.715],[8.4489,39.7206],[8.4491,39.7401],[8.4453,39.7483],[8.4441,39.7581],[8.4513,39.7696],[8.4584,39.7693],[8.4687,39.758],[8.4722,39.7486],[8.4985,39.7183],[8.5022,39.7129],[8.5074,39.7212],[8.5047,39.7296],[8.5099,39.7327],[8.5212,39.7461],[8.513,39.7534],[8.5143,39.7556],[8.531,39.7697],[8.5386,39.7816],[8.5453,39.7953],[8.553,39.8294],[8.5548,39.8387],[8.5554,39.8515],[8.5539,39.8575],[8.5649,39.8596],[8.5703,39.8655],[8.552,39.8639],[8.5441,39.866],[8.54,39.8698],[8.5456,39.876],[8.5405,39.8836],[8.5445,39.8845],[8.5378,39.8914],[8.5275,39.9008],[8.5187,39.905],[8.5067,39.9081],[8.4942,39.9086],[8.4919,39.9096],[8.4791,39.9048],[8.4681,39.9042],[8.4682,39.8997],[8.4561,39.8927],[8.4413,39.8792],[8.4425,39.8749],[8.4403,39.8648],[8.4368,39.8583],[8.4316,39.8622],[8.4383,39.8675],[8.4385,39.8754],[8.436,39.8823],[8.431,39.8881],[8.4205,39.8958],[8.4112,39.9007],[8.4012,39.8992],[8.3987,39.9038],[8.3989,39.9179],[8.402,39.9448],[8.4014,39.9571],[8.3987,39.968],[8.3924,39.9732],[8.3927,39.9793],[8.4092,39.9962],[8.4095,39.9978],[8.4113,40.0004],[8.4108,40.0106],[8.4138,40.0182],[8.4067,40.029],[8.3999,40.0329],[8.3929,40.0293],[8.3782,40.0288],[8.3762,40.0358],[8.3859,40.0439],[8.3965,40.044],[8.4025,40.0517],[8.407,40.0435],[8.412,40.0411],[8.4217,40.0426],[8.433,40.0502],[8.4403,40.0506],[8.4443,40.0478],[8.4538,40.0508],[8.4697,40.0624],[8.4831,40.0742],[8.4892,40.0795],[8.493,40.0866],[8.4881,40.0943],[8.4884,40.1056],[8.4849,40.1178],[8.4716,40.1304],[8.4601,40.1504],[8.4616,40.17],[8.4571,40.1759],[8.4581,40.1829],[8.4656,40.1931],[8.4676,40.1995],[8.4623,40.2141],[8.4659,40.2273],[8.4729,40.2426],[8.4767,40.2547],[8.4791,40.2675],[8.4832,40.2717],[8.4829,40.2853],[8.4769,40.2891],[8.4643,40.3004],[8.4677,40.3064],[8.4639,40.3153],[8.4543,40.321],[8.4433,40.3187],[8.4385,40.3224],[8.4325,40.3317],[8.426,40.3361],[8.42,40.3372],[8.4088,40.3357],[8.3902,40.3376],[8.3844,40.3436],[8.3791,40.3599],[8.389,40.3659],[8.392,40.3806],[8.3997,40.4076],[8.4005,40.4126],[8.3982,40.4299],[8.3889,40.4499],[8.3864,40.4529],[8.3766,40.4787],[8.3739,40.4908],[8.3679,40.4965]]],[[[9.5757,41.061],[9.5695,41.0647],[9.5752,41.0696],[9.579,41.067],[9.5757,41.061]]],[[[9.61,41.0798],[9.6088,41.0733],[9.6012,41.0716],[9.6005,41.076],[9.6068,41.0819],[9.61,41.0798]]],[[[9.4101,41.1864],[9.3968,41.1904],[9.3981,41.1977],[9.408,41.202],[9.4135,41.2073],[9.4203,41.2068],[9.4224,41.1935],[9.4191,41.1888],[9.4101,41.1864]]],[[[9.4714,41.2455],[9.4739,41.2393],[9.4817,41.2362],[9.4823,41.2246],[9.4885,41.2208],[9.4804,41.2108],[9.4789,41.1996],[9.4647,41.1894],[9.4637,41.1843],[9.4799,41.1872],[9.4802,41.1812],[9.469,41.1802],[9.4552,41.1862],[9.4534,41.1923],[9.4476,41.1909],[9.4419,41.1815],[9.4364,41.1872],[9.4436,41.1904],[9.4407,41.1955],[9.4449,41.2028],[9.4514,41.2058],[9.4476,41.2154],[9.4517,41.2179],[9.4604,41.235],[9.4594,41.2426],[9.469,41.2433],[9.4714,41.2455]]],[[[9.3437,41.251],[9.3502,41.2519],[9.36,41.2441],[9.3582,41.2364],[9.3456,41.2289],[9.3406,41.2297],[9.3329,41.2357],[9.3332,41.248],[9.3369,41.2525],[9.3437,41.251]]],[[[9.4313,41.2592],[9.4268,41.2567],[9.4284,41.251],[9.4358,41.249],[9.4384,41.2354],[9.4437,41.2367],[9.4477,41.233],[9.4401,41.2232],[9.4373,41.2136],[9.4208,41.2135],[9.4164,41.2169],[9.4015,41.2102],[9.3813,41.2103],[9.3758,41.2181],[9.3737,41.2274],[9.378,41.2347],[9.39,41.2365],[9.4006,41.2428],[9.4048,41.2551],[9.4133,41.2508],[9.416,41.2569],[9.4126,41.2608],[9.4143,41.268],[9.4219,41.268],[9.4313,41.2592]]],[[[9.355,41.2766],[9.3489,41.2758],[9.3361,41.2814],[9.3474,41.2893],[9.3582,41.2867],[9.3577,41.2791],[9.355,41.2766]]],[[[9.3807,41.3076],[9.3848,41.2994],[9.3793,41.2941],[9.3649,41.2878],[9.3604,41.2941],[9.361,41.297],[9.3687,41.3022],[9.3807,41.3076]]],[[[9.3434,41.3071],[9.3532,41.3034],[9.3587,41.2972],[9.3544,41.293],[9.3409,41.3017],[9.3334,41.3013],[9.3381,41.3089],[9.3434,41.3071]]],[[[9.731,40.8754],[9.7363,40.8761],[9.7423,40.8707],[9.7411,40.8646],[9.7365,40.8595],[9.7313,40.8595],[9.7132,40.8662],[9.7102,40.8694],[9.7158,40.8762],[9.7296,40.8771],[9.731,40.8754]]],[[[9.7341,40.9227],[9.7398,40.9198],[9.7428,40.9123],[9.7305,40.9089],[9.7118,40.9003],[9.7033,40.8936],[9.6927,40.8879],[9.6862,40.8916],[9.6736,40.8918],[9.7093,40.91],[9.72,40.9149],[9.7308,40.9239],[9.7341,40.9227]]],[[[8.215,40.9828],[8.2258,40.9772],[8.2245,40.9701],[8.2165,40.9675],[8.2115,40.9789],[8.215,40.9828]]],[[[8.3253,41.1055],[8.3308,41.0996],[8.3448,41.0973],[8.3504,41.0885],[8.3413,41.0849],[8.3363,41.0804],[8.3348,41.0738],[8.3406,41.0712],[8.3386,41.0624],[8.3323,41.05],[8.322,41.0558],[8.305,41.059],[8.2834,41.0645],[8.2724,41.0542],[8.2656,41.0546],[8.2614,41.0502],[8.2672,41.0461],[8.2509,41.0333],[8.2436,41.0317],[8.2419,41.0259],[8.2496,41.0261],[8.2489,41.0177],[8.2636,41.0027],[8.2611,40.993],[8.2559,40.9849],[8.2326,40.9894],[8.2303,40.9875],[8.2116,40.9873],[8.2086,40.9901],[8.211,41.0034],[8.213,41.0076],[8.222,41.011],[8.2293,41.0231],[8.218,41.0282],[8.2203,41.0409],[8.2238,41.0434],[8.2446,41.0469],[8.2501,41.0498],[8.2557,41.0561],[8.2589,41.065],[8.2667,41.0732],[8.2772,41.0765],[8.2852,41.0767],[8.2819,41.0878],[8.2719,41.0995],[8.276,41.105],[8.3008,41.105],[8.311,41.1086],[8.3118,41.1175],[8.3193,41.1204],[8.329,41.1108],[8.3253,41.1055]]],[[[8.3127,39.9952],[8.3125,39.9903],[8.3023,39.9858],[8.301,39.991],[8.3127,39.9952]]],[[[8.3083,39.1802],[8.3087,39.166],[8.306,39.1602],[8.3102,39.1494],[8.3077,39.1302],[8.3095,39.1266],[8.3103,39.1131],[8.3078,39.1048],[8.3048,39.1017],[8.2902,39.0955],[8.2812,39.0961],[8.2621,39.1031],[8.2547,39.1038],[8.2479,39.1085],[8.2527,39.1153],[8.2522,39.129],[8.2503,39.1334],[8.2394,39.1416],[8.2338,39.1433],[8.2241,39.1411],[8.2196,39.1478],[8.2266,39.161],[8.2306,39.1644],[8.2494,39.1704],[8.2564,39.1689],[8.2717,39.1797],[8.2894,39.1803],[8.2965,39.179],[8.3092,39.1879],[8.3083,39.1802]]],[[[9.5351,39.0882],[9.5338,39.0822],[9.5266,39.0847],[9.5293,39.0902],[9.5351,39.0882]]]]}}]}